Palette Name,Type,Background,Surface/Card,Primary Accent,Secondary Accent,Text Color
"Golden Horizon","Bold / Artistic",#FFF6DE,#8BDFDD,#F48F68,#FFE394,#000000
"Retro Vibes","Pastel / Soft",#0A7C6E,#F59E0B,#FF6B35,#FAFAFA,#FFFFFF
"Sunset Glow","Minimal / Clean",#FFEA6C,#FFFBA7,#FFA6FB,#FF61F8,#000000
"Vintage Vibes","Neon / Cyberpunk",#5B7E3C,#FFD65A,#FF9D23,#EA5252,#FFFFFF
"Sunset Nights","Pastel / Soft",#7F2020,#869B7E,#C9CAAC,#F6F3EB,#FFFFFF
"Azure Flux","Neon / Cyberpunk",#8A5F41,#A77F60,#F3E4C9,#CCD67F,#FFFFFF
"Summer Storm","Minimal / Clean",#FFFAF0,#E03F4F,#81912F,#F8C463,#000000
"Crystal Nights","Corporate / Tech",#093C5D,#3B7597,#6FD1D7,#5DF8D8,#FFFFFF
"Shadow Nights","Earth / Nature",#F5F5F5,#DFF1F1,#BBD5DA,#FF0000,#000000
"Emerald Horizon","Neon / Cyberpunk",#D6336C,#FF4081,#FFB6C1,#FFF5F8,#FFFFFF
"Forest Breeze","Light Mode",#202940,#4B4038,#9A8678,#CAAA98,#FFFFFF
"Ocean Frost","Corporate / Tech",#934761,#AD5C71,#72BAA9,#D5E7B5,#FFFFFF
"Crimson Realm","Pastel / Soft",#FFE97D,#FFEF9F,#E13F7C,#FF537B,#000000
"Midnight Glow","Earth / Nature",#744577,#F0E9B6,#ACCFA3,#84C5B1,#FFFFFF
"Royal Horizon","Light Mode",#1E104E,#452E5A,#FF653F,#FFC85C,#FFFFFF
"Sunset Dawn","Minimal / Clean",#35858E,#7DA78C,#C2D099,#E6EEC9,#FFFFFF
"Velvet Core","Pastel / Soft",#170C79,#EFE3CA,#56B6C6,#8ACBD0,#FFFFFF
"Pastel Vibes","Bold / Artistic",#AAFFC7,#67C090,#215B63,#124170,#000000
"Autumn Vibes","Light Mode",#427AB5,#406AAF,#F7DD7D,#FFE8BE,#FFFFFF
"Retro Storm","Minimal / Clean",#E8EDF2,#2C3947,#547A95,#C2A56D,#000000
"Pastel Frost","Warm / Cozy",#462C7D,#831C91,#D552A3,#FF70BF,#FFFFFF
"Golden Dawn","Bold / Artistic",#5B7E3C,#A2CB8B,#E8F5BD,#C44545,#FFFFFF
"Autumn Dusk","Pastel / Soft",#EDE9E6,#C9996B,#5C4F4A,#5C766D,#000000
"Neon Dusk","Cool / Fresh",#468432,#9AD872,#FFEF91,#FFA02E,#FFFFFF
"Autumn Wave","Neon / Cyberpunk",#2F2FE4,#162E93,#1A1953,#080616,#FFFFFF
"Vintage Pulse","Corporate / Tech",#FF9A86,#FFB399,#FFD6A6,#FFF0BE,#000000
"Midnight Dusk","Earth / Nature",#B5E18B,#F0FFC2,#EAE6BC,#28396C,#000000
"Forest Dawn","Minimal / Clean",#C0E1D2,#E5EEE4,#F6F4E8,#DC9B9B,#000000
"Azure Dusk","Dark Mode",#FFF1D3,#FFB090,#CA5995,#5D1C6A,#000000
"Cosmic Core","Pastel / Soft",#1F6F5F,#2FA084,#6FCF97,#EEEEEE,#FFFFFF
"Velvet Frost","Warm / Cozy",#9ED3DC,#FEFD99,#FCB7C7,#CA6180,#000000
"Silver Aura","Warm / Cozy",#FFEDCE,#FFC193,#FF8383,#FF3737,#000000
"Pastel Glow","Minimal / Clean",#A47251,#DD9E59,#F0D8A1,#DCF0C3,#FFFFFF
"Desert Wave","Light Mode",#454040,#605B51,#D8D365,#E6F082,#FFFFFF
"Azure Dawn","Pastel / Soft",#546B41,#99AD7A,#DCCCAC,#FFF8EC,#FFFFFF
"Summer Vibes","Minimal / Clean",#E87F24,#FFC81E,#FEFDDF,#73A5CA,#000000
"Spring Storm","Pastel / Soft",#F9B2D7,#CFECF3,#DAF9DE,#F6FFDC,#000000
"Crimson Dream","Bold / Artistic",#3852B4,#5E7AC4,#F3BE7A,#F08D39,#FFFFFF
"Tech Glow","Pastel / Soft",#6E1A37,#AE2448,#72BAA9,#D5E7B5,#FFFFFF
"Cyber Horizon","Light Mode",#021A54,#FF85BB,#FFCEE3,#F5F5F5,#FFFFFF
"Neon Horizon","Bold / Artistic",#346739,#79AE6F,#9FCB98,#F2EDC2,#FFFFFF
"Tech Pulse","Light Mode",#7DAACB,#E8DBB3,#FFFDEB,#CE2626,#000000
"Spring Aura","Corporate / Tech",#F13E93,#F891BB,#F9D0CD,#FAFFCB,#FFFFFF
"Crimson Core","Pastel / Soft",#9AB17A,#C3CC9B,#E4DFB5,#FBE8CE,#000000
"Sunset Core","Earth / Nature",#A98B76,#BFA28C,#F3E4C9,#BABF94,#000000
"Crimson Shift","Earth / Nature",#03AED2,#F8DE22,#F45B26,#D12052,#FFFFFF
"Crystal Breeze","Corporate / Tech",#FAE251,#D75656,#BD114A,#EEEEEE,#000000
"Velvet Storm","Dark Mode",#FE81D4,#FAACBF,#FBC3C1,#FFEABB,#000000
"Vintage Aura","Minimal / Clean",#FFDE42,#4C5C2D,#313E17,#1B0C0C,#000000
"Vintage Realm","Warm / Cozy",#2F6B3F,#7FB77E,#F7C85C,#FFF6C0,#FFFFFF
"Silver Spark","Light Mode",#DB1A1A,#FFF6F6,#8CC7C4,#2C687B,#FFFFFF
"Shadow Storm","Warm / Cozy",#F2EAE0,#B4D3D9,#BDA6CE,#9B8EC7,#000000
"Crimson Flux","Dark Mode",#FFC570,#EFD2B0,#547792,#1A3263,#000000
"Winter Shift","Minimal / Clean",#091413,#285A48,#408A71,#B0E4CC,#FFFFFF
"Vintage Horizon","Neon / Cyberpunk",#2FA4D7,#F5E9D8,#3E2C23,#E76F2E,#000000
"Vintage Horizon","Dark Mode",#406093,#4C8CE4,#91D06C,#FFF799,#FFFFFF
"Golden Wave","Earth / Nature",#C44A3A,#D97A2B,#F2D479,#6FAF4F,#FFFFFF
"Sunset Flux","Warm / Cozy",#003049,#D62828,#F77F00,#FCBF49,#FFFFFF
"Forest Dawn","Cool / Fresh",#5E0006,#9B0F06,#D53E0F,#EED9B9,#FFFFFF
"Crimson Glow","Dark Mode",#FFF8F0,#C08552,#8C5A3C,#4B2E2B,#000000
"Emerald Flare","Dark Mode",#281C59,#4E8D9C,#85C79A,#EDF7BD,#FFFFFF
"Velvet Dawn","Warm / Cozy",#FFDE42,#53CBF3,#5478FF,#111FA2,#000000
"Silver Vibes","Warm / Cozy",#FE9EC7,#F9F6C4,#89D4FF,#44ACFF,#000000
"Azure Pulse","Cool / Fresh",#EEFABD,#A0D585,#6984A9,#263B6A,#000000
"Desert Spark","Neon / Cyberpunk",#81A6C6,#AACDDC,#F3E3D0,#D2C4B4,#000000
"Crystal Aura","Dark Mode",#F7F6E5,#76D2DB,#DA4848,#36064D,#000000
"Neon Nights","Cool / Fresh",#1A05A2,#8F0177,#DE1A58,#F67D31,#FFFFFF
"Neon Realm","Warm / Cozy",#F3F4F4,#853953,#612D53,#2C2C2C,#000000
"Royal Storm","Corporate / Tech",#FF5A5A,#FF8B5A,#FFA95A,#FFD45A,#000000
"Golden Pulse","Corporate / Tech",#D96868,#FBF6F6,#6A7E3F,#4C5C2D,#000000
"Ocean Breeze","Pastel / Soft",#6367FF,#8494FF,#C9BEFF,#FFDBFD,#FFFFFF
"Cyber Echo","Pastel / Soft",#41431B,#AEB784,#E3DBBB,#F8F3E1,#FFFFFF
"Autumn Frost","Dark Mode",#FF3E9B,#FF88BA,#3A8B95,#66D0BC,#000000
"Shadow Aura","Minimal / Clean",#FFFBF1,#FFF2D0,#FFB2B2,#E36A6A,#000000
"Spring Dawn","Warm / Cozy",#84B179,#A2CB8B,#C7EABB,#E8F5BD,#000000
"Emerald Glow","Neon / Cyberpunk",#C00707,#FF4400,#FFB33F,#134E8E,#FFFFFF
"Azure Horizon","Warm / Cozy",#237227,#519A66,#FFAA00,#FFD786,#FFFFFF
"Crystal Storm","Pastel / Soft",#87B6BC,#BED4CB,#F6F09F,#B35656,#000000
"Vintage Frost","Corporate / Tech",#8A7650,#8E977D,#ECE7D1,#DBCEA5,#FFFFFF
"Neon Pulse","Pastel / Soft",#355872,#7AAACE,#9CD5FF,#F7F8F0,#FFFFFF
"Desert Spark","Minimal / Clean",#FFD400,#FFC300,#FF8C00,#FF5F00,#000000
"Pastel Glow","Cool / Fresh",#25671E,#48A111,#F2B50B,#F7F0F0,#FFFFFF
"Desert Realm","Bold / Artistic",#EB4C4C,#FF7070,#FFA6A6,#FFEDC7,#FFFFFF
"Sunset Aura","Bold / Artistic",#F4F0E4,#44A194,#537D96,#EC8F8D,#000000
"Vintage Horizon","Neon / Cyberpunk",#1C0770,#261CC1,#3A9AFF,#F1FF5E,#FFFFFF
"Sunset Pulse","Minimal / Clean",#A82323,#FEFFD3,#BCD9A2,#6D9E51,#FFFFFF
"Midnight Echo","Dark Mode",#F26076,#FF9760,#FFD150,#458B73,#000000
"Pastel Core","Earth / Nature",#BF4646,#EDDCC6,#FFF4EA,#7EACB5,#FFFFFF
"Midnight Breeze","Earth / Nature",#3D45AA,#DA3D20,#F8843F,#FFF19B,#FFFFFF
"Forest Breeze","Cool / Fresh",#0B2D72,#0992C2,#0AC4E0,#F6E7BC,#FFFFFF
"Neon Nights","Warm / Cozy",#FFF7CD,#FDC3A1,#FB9B8F,#F57799,#000000
"Azure Dream","Corporate / Tech",#8100D1,#B500B2,#FF52A0,#FFA47F,#FFFFFF
"Winter Nights","Dark Mode",#005F02,#427A43,#C0B87A,#F2E3BB,#FFFFFF
"Neon Shift","Dark Mode",#0D1A63,#1A2CA3,#2845D6,#F68048,#FFFFFF
"Emerald Wave","Dark Mode",#FF5B5B,#F0FFC3,#9CCFFF,#685AFF,#000000
"Royal Pulse","Bold / Artistic",#FFFDF1,#FFCE99,#FF9644,#562F00,#000000
"Royal Frost","Dark Mode",#254F22,#A03A13,#F5824A,#EDE4C2,#FFFFFF
"Forest Storm","Neon / Cyberpunk",#FF7F11,#ACBFA4,#E2E8CE,#262626,#000000
"Neon Frost","Dark Mode",#15173D,#982598,#E491C9,#F1E9E9,#FFFFFF
"Golden Horizon","Neon / Cyberpunk",#09637E,#088395,#7AB2B2,#EBF4F6,#FFFFFF
"Spring Dream","Warm / Cozy",#6CA651,#BBCB2E,#839705,#6B7445,#000000
"Neon Frost","Minimal / Clean",#EAEFEF,#BFC9D1,#25343F,#FF9B51,#000000
"Desert Dawn","Cool / Fresh",#1A3263,#547792,#FAB95B,#E8E2DB,#FFFFFF
"Forest Flare","Cool / Fresh",#280905,#740A03,#C3110C,#E6501B,#FFFFFF
"Shadow Echo","Cool / Fresh",#576A8F,#B7BDF7,#FFF8DE,#FF7444,#FFFFFF
"Royal Horizon","Light Mode",#BFC6C4,#E8E2D8,#6F8F72,#F2A65A,#000000
"Ocean Nights","Minimal / Clean",#40513B,#628141,#E5D9B6,#E67E22,#FFFFFF
"Autumn Realm","Corporate / Tech",#C40C0C,#FF6500,#CC561E,#F6CE71,#FFFFFF
"Spring Dusk","Pastel / Soft",#30364F,#ACBAC4,#E1D9BC,#F0F0DB,#FFFFFF
"Neon Breeze","Neon / Cyberpunk",#F075AE,#F7DB91,#FFFDCE,#9BC264,#000000
"Desert Echo","Pastel / Soft",#A5C89E,#FFFBB1,#D8E983,#AEB877,#000000
"Golden Dream","Pastel / Soft",#FAF3E1,#F5E7C6,#FA8112,#222222,#000000
"Summer Vibes","Dark Mode",#ECECEC,#84934A,#656D3F,#492828,#000000
"Desert Frost","Dark Mode",#362F4F,#5B23FF,#008BFF,#E4FF30,#FFFFFF
"Summer Dusk","Bold / Artistic",#0C2C55,#296374,#629FAD,#EDEDCE,#FFFFFF
"Shadow Realm","Pastel / Soft",#F63049,#D02752,#8A244B,#111F35,#FFFFFF
"Neon Echo","Cool / Fresh",#213C51,#6594B1,#DDAED3,#EEEEEE,#FFFFFF
"Azure Wave","Earth / Nature",#5DD3B6,#6E5034,#CDB885,#EFE1B5,#000000
"Ocean Flux","Minimal / Clean",#0E21A0,#4D2FB2,#B153D7,#F375C2,#FFFFFF
"Retro Flare","Light Mode",#F5FBE6,#215E61,#233D4D,#FE7F2D,#000000
"Ocean Aura","Neon / Cyberpunk",#005461,#0C7779,#249E94,#3BC1A8,#FFFFFF
"Crimson Frost","Corporate / Tech",#000000,#9929EA,#FF5FCF,#FAEB92,#FFFFFF
"Desert Dream","Bold / Artistic",#574964,#9F8383,#C8AAAA,#FFDAB3,#FFFFFF
"Velvet Storm","Corporate / Tech",#A8DF8E,#F0FFDF,#FFD8DF,#FFAAB8,#000000
"Winter Glow","Minimal / Clean",#FA5C5C,#FD8A6B,#FEC288,#FBEF76,#000000
"Velvet Dawn","Neon / Cyberpunk",#36656B,#75B06F,#DAD887,#F0F8A4,#FFFFFF
"Retro Pulse","Light Mode",#6E026F,#ABDADC,#F1E6C9,#FA891A,#FFFFFF
"Tech Frost","Light Mode",#00F7FF,#B0FFFA,#FF0087,#FF7DB0,#000000
"Cosmic Nights","Cool / Fresh",#EA7B7B,#D25353,#9E3B3B,#FFEAD3,#000000
"Tech Dawn","Earth / Nature",#2D3C59,#94A378,#E5BA41,#D1855C,#FFFFFF
"Vintage Echo","Warm / Cozy",#061E29,#1D546D,#5F9598,#F3F4F4,#FFFFFF
"Emerald Vibes","Corporate / Tech",#BBE0EF,#161E54,#F16D34,#FF986A,#000000
"Royal Aura","Corporate / Tech",#FFFDE1,#FBE580,#93BD57,#980404,#000000
"Ocean Glow","Cool / Fresh",#3F9AAE,#79C9C5,#FFE2AF,#F96E5B,#000000
"Ocean Dream","Cool / Fresh",#0F2854,#1C4D8D,#4988C4,#BDE8F5,#FFFFFF
"Ocean Echo","Corporate / Tech",#5C6F2B,#DE802B,#D8C9A7,#EEEEEE,#FFFFFF
"Ocean Breeze","Dark Mode",#4D2B8C,#85409D,#EEA727,#FFEF5F,#FFFFFF
"Summer Spark","Bold / Artistic",#000080,#FF0000,#9E2A3A,#3A2525,#FFFFFF
"Desert Dawn","Corporate / Tech",#F5F2F2,#FEB05D,#5A7ACD,#2B2A2A,#000000
"Midnight Dusk","Bold / Artistic",#FFD41D,#FFA240,#D73535,#FF4646,#000000
"Winter Spark","Light Mode",#FDB5CE,#132440,#16476A,#3B9797,#000000
"Midnight Glow","Corporate / Tech",#F6F0D7,#C5D89D,#9CAB84,#89986D,#000000
"Vintage Dream","Neon / Cyberpunk",#EBE1D1,#41644A,#0D4715,#E9762B,#000000
"Autumn Spark","Cool / Fresh",#91C6BC,#4B9DA9,#F6F3C2,#E37434,#000000
"Crystal Dream","Pastel / Soft",#97A87A,#A8BBA3,#FCF9EA,#FFA239,#000000
"Summer Vibes","Earth / Nature",#EBF4DD,#90AB8B,#5A7863,#3B4953,#000000
"Vintage Aura","Neon / Cyberpunk",#213448,#547792,#94B4C1,#EAE0CF,#FFFFFF
"Neon Frost","Neon / Cyberpunk",#B8DB80,#F7F6D3,#FFE4EF,#F39EB6,#000000
"Winter Horizon","Neon / Cyberpunk",#001F3D,#ED985F,#F7B980,#E6E6E6,#FFFFFF
"Cosmic Aura","Pastel / Soft",#5A9CB5,#FACE68,#FAAC68,#FA6868,#000000
"Sunset Wave","Cool / Fresh",#8A8635,#AA2B1D,#CC561E,#F3CF7A,#FFFFFF
"Cyber Echo","Bold / Artistic",#6AECE1,#26CCC2,#FFF57E,#FFB76C,#000000
"Crystal Storm","Light Mode",#005461,#018790,#00B7B5,#F4F4F4,#FFFFFF
"Crystal Realm","Dark Mode",#1B211A,#628141,#8BAE66,#EBD5AB,#FFFFFF
"Royal Pulse","Light Mode",#BBCB64,#FFE52A,#F79A19,#CF0F0F,#000000
"Pastel Spark","Corporate / Tech",#434E78,#607B8F,#F7E396,#E97F4A,#FFFFFF
"Cosmic Wave","Cool / Fresh",#FCF8F8,#FBEFEF,#F9DFDF,#F5AFAF,#000000
"Shadow Core","Earth / Nature",#360185,#8F0177,#DE1A58,#F4B342,#FFFFFF
"Summer Echo","Corporate / Tech",#FEEAC9,#FFCDC9,#FDACAC,#FD7979,#000000
"Spring Spark","Light Mode",#3291B6,#BB8ED0,#E0A8A8,#F1E2E2,#FFFFFF
"Golden Breeze","Earth / Nature",#F29AAE,#C47BE4,#7132CA,#301CA0,#000000
"Desert Shift","Corporate / Tech",#9CC6DB,#FCF6D9,#CF4B00,#DDBA7D,#000000
"Silver Dawn","Cool / Fresh",#050E3C,#002455,#DC0000,#FF3838,#FFFFFF
"Autumn Shift","Bold / Artistic",#1B3C53,#234C6A,#456882,#E3E3E3,#FFFFFF
"Pastel Nights","Warm / Cozy",#6DC3BB,#393D7E,#5459AC,#F2AEBB,#000000
"Vintage Core","Dark Mode",#FAF3E1,#F5E7C6,#FF6D1F,#222222,#000000
"Tech Storm","Bold / Artistic",#F6B1CE,#1581BF,#3DB6B1,#CCE5CF,#000000
"Cosmic Nights","Bold / Artistic",#E2852E,#F5C857,#FFEE91,#ABE0F0,#000000
"Spring Echo","Minimal / Clean",#FF5555,#FF937E,#C1E59F,#A3D78A,#000000
"Vintage Flare","Light Mode",#5A0E24,#76153C,#BF124D,#67B2D8,#FFFFFF
"Royal Storm","Bold / Artistic",#452829,#57595B,#E8D1C5,#F3E8DF,#FFFFFF
"Azure Horizon","Warm / Cozy",#F875AA,#FDEDED,#EDFFF0,#AEDEFC,#000000
"Azure Core","Dark Mode",#D7C097,#E7DEAF,#73AF6F,#007E6E,#000000
"Ocean Dusk","Cool / Fresh",#D34E4E,#F9E7B2,#DDC57A,#CE7E5A,#FFFFFF
"Velvet Shift","Warm / Cozy",#F1F3E0,#D2DCB6,#A1BC98,#778873,#000000
"Spring Spark","Light Mode",#E67E22,#628141,#8BAE66,#EBD5AB,#000000
"Vintage Nights","Light Mode",#FFF2C6,#FFF8DE,#AAC4F5,#8CA9FF,#000000
"Pastel Spark","Earth / Nature",#BF1A1A,#FF6C0C,#FFE08F,#060771,#FFFFFF
"Summer Spark","Warm / Cozy",#F8F4EC,#FF8FB7,#E83C91,#43334C,#000000
"Winter Nights","Neon / Cyberpunk",#8CE4FF,#FEEE91,#FFA239,#FF5656,#000000
"Crystal Glow","Neon / Cyberpunk",#FCF5EE,#FFC4C4,#EE6983,#850E35,#000000
"Summer Shift","Earth / Nature",#540863,#92487A,#E49BA6,#FFD3D5,#FFFFFF
"Royal Flare","Pastel / Soft",#62109F,#DC0E0E,#FE6244,#FFDEB9,#FFFFFF
"Vintage Dusk","Warm / Cozy",#F9F8F6,#EFE9E3,#D9CFC7,#C9B59C,#000000
"Vintage Echo","Light Mode",#473472,#53629E,#87BAC3,#D6F4ED,#FFFFFF
"Royal Storm","Bold / Artistic",#001BB7,#0046FF,#FF8040,#F5F1DC,#FFFFFF
"Azure Vibes","Warm / Cozy",#313647,#435663,#A3B087,#FFF8D4,#FFFFFF
"Tech Breeze","Dark Mode",#EFECE3,#8FABD4,#4A70A9,#000000,#000000
"Sunset Flux","Warm / Cozy",#F0E491,#BBC863,#658C58,#31694E,#000000
"Midnight Horizon","Pastel / Soft",#A8BBA3,#B87C4C,#C4A484,#F7F1DE,#000000
"Golden Aura","Pastel / Soft",#B7E5CD,#8ABEB9,#305669,#C1785A,#000000
"Autumn Flux","Earth / Nature",#0C2B4E,#1A3D64,#1D546C,#F4F4F4,#FFFFFF
"Autumn Frost","Pastel / Soft",#9BB4C0,#E1D0B3,#A18D6D,#703B3B,#000000
"Pastel Pulse","Minimal / Clean",#84994F,#FFE797,#FCB53B,#A72703,#000000
"Ocean Storm","Warm / Cozy",#F5E5E1,#F9B487,#427A76,#174143,#000000
"Azure Pulse","Corporate / Tech",#FDE7B3,#FFC50F,#63A361,#5B532C,#000000
"Pastel Aura","Bold / Artistic",#ECF4E8,#CBF3BB,#ABE7B2,#93BFC7,#000000
"Retro Storm","Bold / Artistic",#1A2A4F,#F7A5A5,#FFDBB6,#FFF2EF,#FFFFFF
"Golden Shift","Warm / Cozy",#FF8F8F,#FFF1CB,#C2E2FA,#B7A3E3,#000000
"Emerald Dawn","Earth / Nature",#11224E,#F87B1B,#CBD99B,#EEEEEE,#FFFFFF
"Retro Wave","Dark Mode",#F4F754,#E9D484,#CFADC1,#4E61D3,#000000
"Neon Pulse","Dark Mode",#758A93,#ECD5BC,#E9B63B,#C66E52,#000000
"Forest Breeze","Light Mode",#CD2C58,#E06B80,#FFC69D,#FFE6D4,#FFFFFF
"Midnight Core","Cool / Fresh",#016B61,#70B2B2,#9ECFD4,#E5E9C5,#FFFFFF
"Summer Core","Corporate / Tech",#B77466,#FFE1AF,#E2B59A,#957C62,#000000
"Velvet Nights","Light Mode",#777C6D,#B7B89F,#CBCBCB,#EEEEEE,#FFFFFF
"Velvet Spark","Bold / Artistic",#450693,#8C00FF,#FF3F7F,#FFC400,#FFFFFF
"Shadow Breeze","Minimal / Clean",#FFF58A,#FFBBE1,#DD7BDF,#B3BFFF,#000000
"Sunset Vibes","Light Mode",#B6AE9F,#C5C7BC,#DEDED1,#FBF3D1,#000000
"Ocean Vibes","Cool / Fresh",#FFFD8F,#B0CE88,#4C763B,#043915,#000000
"Tech Core","Minimal / Clean",#BF092F,#132440,#16476A,#3B9797,#FFFFFF
"Azure Storm","Minimal / Clean",#F5AD18,#9E1C60,#811844,#561530,#000000
"Pastel Aura","Warm / Cozy",#F25912,#5C3E94,#412B6B,#211832,#FFFFFF
"Sunset Flare","Light Mode",#7B542F,#B6771D,#FF9D00,#FFCF71,#FFFFFF
"Emerald Dawn","Light Mode",#FCF9EA,#BADFDB,#FFA4A4,#FFBDBD,#000000
"Autumn Shift","Warm / Cozy",#41A67E,#05339C,#1055C9,#E5C95F,#000000
"Cyber Horizon","Corporate / Tech",#662222,#842A3B,#A3485A,#F5DAA7,#FFFFFF
"Ocean Vibes","Dark Mode",#4E56C0,#9B5DE0,#D78FEE,#FDCFFA,#FFFFFF
"Winter Frost","Bold / Artistic",#80A1BA,#91C4C3,#B4DEBD,#FFF7DD,#000000
"Forest Realm","Dark Mode",#432323,#2F5755,#5A9690,#E0D9D9,#FFFFFF
"Ocean Dream","Warm / Cozy",#0046FF,#73C8D2,#F5F1DC,#FF9013,#FFFFFF
"Velvet Pulse","Dark Mode",#D97D55,#F4E9D7,#B8C4A9,#6FA4AF,#000000
"Summer Flux","Bold / Artistic",#F5F5F0,#E6D8C3,#C2A68C,#5D866C,#000000
"Shadow Realm","Pastel / Soft",#FAF8F1,#FAEAB1,#34656D,#334443,#000000
"Ocean Flare","Minimal / Clean",#696FC7,#A7AAE1,#F5D3C4,#F2AEBB,#FFFFFF
"Silver Horizon","Pastel / Soft",#E2A16F,#FFF0DD,#D1D3D4,#86B0BD,#000000
"Silver Dawn","Light Mode",#3C467B,#50589C,#636CCB,#6E8CFB,#FFFFFF
"Desert Glow","Neon / Cyberpunk",#FEF3E2,#FAB12F,#FA812F,#DD0303,#000000
"Emerald Dawn","Minimal / Clean",#1B3C53,#234C6A,#456882,#D2C1B6,#FFFFFF
"Retro Core","Earth / Nature",#134686,#ED3F27,#FEB21A,#FDF4E3,#FFFFFF
"Forest Dusk","Corporate / Tech",#F9F5F0,#F2EAD3,#F4991A,#344F1F,#000000
"Forest Dawn","Dark Mode",#000B58,#003161,#006A67,#FDEB9E,#FFFFFF
"Cyber Pulse","Minimal / Clean",#6B3F69,#8D5F8C,#A376A2,#DDC3C3,#FFFFFF
"Vintage Dusk","Earth / Nature",#FFECC0,#FFC29B,#F39F9F,#B95E82,#000000
"Royal Storm","Cool / Fresh",#3B0270,#6F00FF,#E9B3FB,#FFF1F1,#FFFFFF
"Retro Dream","Bold / Artistic",#59AC77,#3A6F43,#FDAAAA,#FFD5D5,#000000
"Retro Aura","Light Mode",#96A78D,#B6CEB4,#D9E9CF,#F0F0F0,#000000
"Neon Vibes","Light Mode",#3E1E68,#5D2F77,#E45A92,#FFACAC,#FFFFFF
"Sunset Flux","Light Mode",#F5D2D2,#F8F7BA,#BDE3C3,#A3CCDA,#000000
"Crimson Aura","Light Mode",#A8FBD3,#4FB7B3,#637AB9,#31326F,#000000
"Vintage Pulse","Cool / Fresh",#F5EFE6,#E8DFCA,#6D94C5,#CBDCEB,#000000
"Autumn Glow","Cool / Fresh",#19183B,#708993,#A1C2BD,#E7F2EF,#FFFFFF
"Spring Flux","Corporate / Tech",#84994F,#FFE797,#FCB53B,#B45253,#000000
"Sunset Nights","Bold / Artistic",#476EAE,#48B3AF,#A7E399,#F6FF99,#FFFFFF
"Tech Vibes","Neon / Cyberpunk",#EF7722,#FAA533,#EBEBEB,#0BA6DF,#000000
"Golden Flux","Corporate / Tech",#DC143C,#F75270,#F7CAC9,#FDEBD0,#FFFFFF
"Sunset Wave","Pastel / Soft",#647FBC,#91ADC8,#AED6CF,#FAFDD6,#FFFFFF
"Summer Dream","Minimal / Clean",#F08787,#FFC7A7,#FEE2AD,#F8FAB4,#000000
"Tech Breeze","Cool / Fresh",#000000,#5682B1,#739EC9,#FFE8DB,#FFFFFF
"Azure Aura","Cool / Fresh",#556B2F,#8FA31E,#C6D870,#EFF5D2,#FFFFFF
"Ocean Dawn","Warm / Cozy",#3396D3,#FFF0CE,#EBCB90,#EEEEEE,#FFFFFF
"Cyber Echo","Bold / Artistic",#A8BBA3,#F7F4EA,#EBD9D1,#B87C4C,#000000
"Pastel Frost","Light Mode",#9A3F3F,#C1856D,#E6CFA9,#FBF9D1,#FFFFFF
"Neon Flare","Corporate / Tech",#9112BC,#AE75DA,#E9E294,#FFFCB8,#FFFFFF
"Shadow Dream","Minimal / Clean",#E62727,#F3F2EC,#DCDCDC,#1E93AB,#FFFFFF
"Cosmic Glow","Warm / Cozy",#5D688A,#F7A5A5,#FFDBB6,#FFF2EF,#FFFFFF
"Midnight Breeze","Bold / Artistic",#DDF4E7,#67C090,#26667F,#124170,#000000
"Silver Flare","Pastel / Soft",#F6F1E9,#FFD93D,#FF9A00,#4F200D,#000000
"Silver Realm","Earth / Nature",#37353E,#44444E,#715A5A,#D3DAD9,#FFFFFF
"Azure Shift","Warm / Cozy",#896C6C,#E5BEB5,#EEE6CA,#F5FAE1,#FFFFFF
"Autumn Shift","Minimal / Clean",#FF0066,#6A0066,#934790,#E8D4B7,#FFFFFF
"Royal Aura","Earth / Nature",#3338A0,#C59560,#FCC61D,#F7F7F7,#FFFFFF
"Azure Dawn","Corporate / Tech",#0D1164,#640D5F,#EA2264,#F78D60,#FFFFFF
"Golden Aura","Earth / Nature",#BBDCE5,#ECEEDF,#D9C4B0,#CFAB8D,#000000
"Ocean Shift","Light Mode",#0F0E0E,#541212,#468A9A,#EEEEEE,#FFFFFF
"Golden Core","Cool / Fresh",#E4004B,#ED775A,#FAD691,#C9CDCF,#FFFFFF
"Summer Glow","Minimal / Clean",#FF714B,#C71E64,#4D2D8C,#F2F2F2,#000000
"Spring Aura","Pastel / Soft",#3E0703,#660B05,#8C1007,#FFF0C4,#FFFFFF
"Summer Dusk","Minimal / Clean",#154D71,#1C6EA4,#33A1E0,#FFF9AF,#FFFFFF
"Azure Shift","Dark Mode",#08CB00,#253900,#000000,#EEEEEE,#FFFFFF
"Retro Core","Warm / Cozy",#FFF5F2,#F5BABB,#568F87,#064232,#000000
"Forest Aura","Neon / Cyberpunk",#FF9B00,#FFE100,#FFC900,#EBE389,#000000
"Desert Flux","Earth / Nature",#CADCAE,#E1E9C9,#EDA35A,#FEE8D9,#000000
"Velvet Wave","Pastel / Soft",#D6A99D,#FBF3D5,#D6DAC8,#9CAFAA,#000000
"Sunset Pulse","Neon / Cyberpunk",#1C352D,#A6B28B,#F5C9B0,#F9F6F3,#FFFFFF
"Cyber Dawn","Cool / Fresh",#E43636,#F6EFD2,#E2DDB4,#000000,#FFFFFF
"Cyber Storm","Bold / Artistic",#001BB7,#0046FF,#FF8040,#E9E9E9,#FFFFFF
"Pastel Realm","Minimal / Clean",#DEE8CE,#BB6653,#F08B51,#FFF8E8,#000000
"Cyber Frost","Cool / Fresh",#F2EDD1,#F9CB99,#689B8A,#280A3E,#000000
"Silver Flux","Cool / Fresh",#7ADAA5,#239BA7,#ECECBB,#E1AA36,#000000
"Vintage Wave","Minimal / Clean",#8AA624,#DBE4C9,#FFFFF0,#FEA405,#000000
"Forest Pulse","Neon / Cyberpunk",#3E3F29,#7D8D86,#BCA88D,#F1F0E4,#FFFFFF
"Tech Dusk","Minimal / Clean",#1A2A80,#3B38A0,#7A85C1,#B2B0E8,#FFFFFF
"Winter Glow","Light Mode",#F3E2D4,#C5B0CD,#415E72,#17313E,#000000
"Desert Spark","Warm / Cozy",#B9375D,#D25D5D,#E7D3D3,#EEEEEE,#FFFFFF
"Spring Vibes","Earth / Nature",#FAF9EE,#A2AF9B,#DCCFC0,#EEEEEE,#000000
"Crystal Glow","Neon / Cyberpunk",#386641,#F97A00,#FED16A,#FFF4A4,#FFFFFF
"Crystal Breeze","Earth / Nature",#00809D,#FCF8DD,#FFD700,#D3AF37,#FFFFFF
"Ocean Dream","Minimal / Clean",#57564F,#7A7A73,#DDDAD0,#F8F3CE,#FFFFFF
"Azure Horizon","Corporate / Tech",#932F67,#D92C54,#DDDEAB,#8ABB6C,#FFFFFF
"Cyber Glow","Warm / Cozy",#E9E3DF,#FF7A30,#465C88,#000000,#000000
"Midnight Flare","Earth / Nature",#78C841,#B4E50D,#FF9B2F,#FB4141,#000000
"Cosmic Flare","Bold / Artistic",#F3E9DC,#D96F32,#C75D2C,#F8B259,#000000
"Sunset Pulse","Earth / Nature",#799EFF,#FEFFC4,#FFDE63,#FFBC4C,#000000
"Retro Glow","Corporate / Tech",#640D5F,#B12C00,#EB5B00,#FFCC00,#FFFFFF
"Neon Echo","Bold / Artistic",#3E5F44,#5E936C,#93DA97,#E8FFD7,#FFFFFF
"Azure Horizon","Cool / Fresh",#113F67,#34699A,#58A0C8,#FDF5AA,#FFFFFF
"Emerald Echo","Light Mode",#77BEF0,#FFCB61,#FF894F,#EA5B6F,#000000
"Cosmic Dawn","Dark Mode",#9ECAD6,#748DAE,#F5CBCB,#FFEAEA,#000000
"Cosmic Echo","Corporate / Tech",#A3DC9A,#DEE791,#FFF9BD,#FFD6BA,#000000
"Summer Echo","Pastel / Soft",#004030,#4A9782,#DCD0A8,#FFF9E5,#FFFFFF
"Midnight Spark","Corporate / Tech",#78B9B5,#0F828C,#065084,#320A6B,#000000
"Midnight Horizon","Cool / Fresh",#3D74B6,#FBF5DE,#EAC8A6,#DC3C22,#FFFFFF
"Desert Dawn","Cool / Fresh",#000000,#9929EA,#CC66DA,#FAEB92,#FFFFFF
"Tech Flux","Earth / Nature",#FAF7F3,#F0E4D3,#DCC5B2,#D9A299,#000000
"Tech Storm","Corporate / Tech",#FE7743,#273F4F,#447D9B,#D7D7D7,#000000
"Midnight Flare","Pastel / Soft",#FF2DD1,#FDFFB8,#4DFFBE,#63C8FF,#FFFFFF
"Winter Core","Light Mode",#0A400C,#819067,#B1AB86,#FEFAE0,#FFFFFF
"Cosmic Frost","Pastel / Soft",#000000,#CFFFE2,#A2D5C6,#F6F6F6,#FFFFFF
"Midnight Nights","Dark Mode",#1B3C53,#456882,#D2C1B6,#F9F3EF,#FFFFFF
"Azure Breeze","Pastel / Soft",#748873,#D1A980,#E5E0D8,#F8F8F8,#FFFFFF
"Velvet Breeze","Warm / Cozy",#5EABD6,#FEFBC7,#FFB4B4,#E14434,#000000
"Golden Wave","Dark Mode",#2F5249,#437057,#97B067,#E3DE61,#FFFFFF
"Ocean Realm","Light Mode",#D6D85D,#ECEDB0,#EAD8A4,#F68537,#000000
"Sunset Spark","Earth / Nature",#722323,#BA487F,#FF9587,#FFECCC,#FFFFFF
"Ocean Flare","Neon / Cyberpunk",#FFFBDE,#91C8E4,#749BC2,#4682A9,#000000
"Cyber Frost","Corporate / Tech",#555879,#98A1BC,#DED3C4,#F4EBD3,#FFFFFF
"Midnight Pulse","Dark Mode",#0D5EA6,#EAA64D,#C78A3B,#A16D28,#FFFFFF
"Vintage Dawn","Pastel / Soft",#FFEAD8,#E8988A,#9B177E,#2A1458,#000000
"Spring Dusk","Cool / Fresh",#093FB4,#FFFCFB,#FFD8D8,#ED3500,#FFFFFF
"Spring Breeze","Warm / Cozy",#E67514,#212121,#06923E,#D3ECCD,#000000
"Emerald Shift","Dark Mode",#3B060A,#8A0000,#C83F12,#FFF287,#FFFFFF
"Midnight Flare","Cool / Fresh",#090040,#471396,#B13BFF,#FFCC00,#FFFFFF
"Forest Spark","Pastel / Soft",#FCD8CD,#FEEBF6,#EBD6FB,#687FE5,#000000
"Azure Flare","Pastel / Soft",#03A6A1,#FFE3BB,#FFA673,#FF4F0F,#FFFFFF
"Golden Wave","Corporate / Tech",#FFF2E0,#C0C9EE,#A2AADB,#898AC4,#000000
"Retro Pulse","Earth / Nature",#347433,#FFC107,#FF6F3C,#B22222,#FFFFFF
"Neon Dusk","Cool / Fresh",#3674B5,#578FCA,#F5F0CD,#FADA7A,#FFFFFF
"Sunset Horizon","Corporate / Tech",#7B4019,#FF7D29,#FFBF78,#FFEEA9,#FFFFFF
"Shadow Glow","Cool / Fresh",#FFF1CA,#FFB823,#708A58,#2D4F2B,#000000
"Emerald Flare","Corporate / Tech",#FFFADC,#B6F500,#A4DD00,#98CD00,#000000
"Silver Echo","Neon / Cyberpunk",#511D43,#901E3E,#DC2525,#9BC09C,#FFFFFF
"Desert Vibes","Corporate / Tech",#0ABAB5,#56DFCF,#ADEED9,#FFEDF3,#000000
"Velvet Frost","Earth / Nature",#0B1D51,#725CAD,#8CCDEB,#FFE3A9,#FFFFFF
"Cosmic Shift","Light Mode",#00809D,#FCECDD,#FF7601,#F3A26D,#FFFFFF
"Royal Spark","Warm / Cozy",#819A91,#A7C1A8,#D1D8BE,#EEEFE0,#000000
"Emerald Dream","Warm / Cozy",#B33791,#C562AF,#DB8DD0,#FEC5F6,#FFFFFF
"Silver Realm","Earth / Nature",#FCEF91,#FB9E3A,#E6521F,#EA2F14,#000000
"Desert Flux","Bold / Artistic",#4DA8DA,#80D8C3,#FFD66B,#F5F5F5,#000000
"Desert Nights","Warm / Cozy",#FF3F33,#FFE6E1,#075B5E,#9FC87E,#FFFFFF
"Royal Shift","Warm / Cozy",#EFE4D2,#254D70,#131D4F,#954C2E,#000000
"Pastel Glow","Corporate / Tech",#8DBCC7,#A4CCD9,#C4E1E6,#EBFFD8,#000000
"Crimson Storm","Warm / Cozy",#16610E,#F97A00,#FED16A,#FFF4A4,#FFFFFF
"Silver Dusk","Earth / Nature",#E7EFC7,#AEC8A4,#8A784E,#3B3B1A,#000000
"Ocean Shift","Warm / Cozy",#4300FF,#0065F8,#00CAFF,#00FFDE,#FFFFFF
"Crystal Dream","Cool / Fresh",#5A827E,#84AE92,#B9D4AA,#FAFFCA,#FFFFFF
"Autumn Dream","Cool / Fresh",#52357B,#5459AC,#648DB3,#B2D8CE,#FFFFFF
"Forest Dawn","Dark Mode",#FFDCDC,#FFF2EB,#FFE8CD,#FFD6BA,#000000
"Retro Vibes","Neon / Cyberpunk",#FFE99A,#FFD586,#FFAAAA,#FF9898,#000000
"Autumn Vibes","Warm / Cozy",#333446,#7F8CAA,#B8CFCE,#EAEFEF,#FFFFFF
"Velvet Realm","Dark Mode",#0E2148,#483AA0,#7965C1,#E3D095,#FFFFFF
"Pastel Storm","Pastel / Soft",#4B352A,#CA7842,#B2CD9C,#F0F2BD,#FFFFFF
"Emerald Glow","Pastel / Soft",#F4E7E1,#FF9B45,#D5451B,#521C0D,#000000
"Sunset Glow","Dark Mode",#EAEBD0,#DA6C6C,#CD5656,#AF3E3E,#000000
"Midnight Glow","Earth / Nature",#332D56,#4E6688,#71C0BB,#E3EEB2,#FFFFFF
"Winter Flare","Warm / Cozy",#ECFAE5,#DDF6D2,#CAE8BD,#B0DB9C,#000000
"Winter Dusk","Neon / Cyberpunk",#FE5D26,#F2C078,#FAEDCA,#C1DBB3,#000000
"Crimson Shift","Minimal / Clean",#533B4D,#F564A9,#FAA4BD,#FAE3C6,#FFFFFF
"Sunset Dawn","Pastel / Soft",#5409DA,#4E71FF,#8DD8FF,#BBFBFF,#FFFFFF
"Neon Dawn","Minimal / Clean",#F2F2F2,#EAE4D5,#B6B09F,#000000,#000000
"Summer Aura","Warm / Cozy",#FFFBDE,#90D1CA,#129990,#096B68,#000000
"Neon Shift","Corporate / Tech",#7F55B1,#9B7EBD,#F49BAB,#FFE1E0,#FFFFFF
"Summer Dusk","Bold / Artistic",#F79B72,#2A4759,#DDDDDD,#EEEEEE,#000000
"Cyber Core","Dark Mode",#FBF3C1,#64E2B7,#DC8BE0,#D50B8B,#000000
"Spring Flare","Neon / Cyberpunk",#537D5D,#73946B,#9EBC8A,#D2D0A0,#FFFFFF
"Sunset Spark","Minimal / Clean",#309898,#FF9F00,#F4631E,#CB0404,#FFFFFF
"Sunset Nights","Minimal / Clean",#E55050,#732255,#B2C6D5,#E7F2E4,#FFFFFF
"Silver Dream","Warm / Cozy",#4ED7F1,#6FE6FC,#A8F1FF,#FFFA8D,#000000
"Ocean Breeze","Warm / Cozy",#F3F3E0,#27548A,#183B4E,#DDA853,#000000
"Crystal Shift","Bold / Artistic",#FBDB93,#BE5B50,#8A2D3B,#641B2E,#000000
"Azure Realm","Light Mode",#3A0519,#670D2F,#A53860,#EF88AD,#FFFFFF
"Ocean Nights","Pastel / Soft",#FEF3E2,#F3C623,#FFB22C,#FA812F,#000000
"Tech Dusk","Cool / Fresh",#FFFDF6,#FAF6E9,#DDEB9D,#A0C878,#000000
"Emerald Dusk","Earth / Nature",#626F47,#A4B465,#F5ECD5,#F0BB78,#FFFFFF
"Winter Dawn","Bold / Artistic",#222831,#393E46,#948979,#DFD0B8,#FFFFFF
"Emerald Dawn","Neon / Cyberpunk",#FF90BB,#FFC1DA,#F8F8E1,#8ACCD5,#000000
"Pastel Vibes","Corporate / Tech",#BB3E00,#F7AD45,#657C6A,#A2B9A7,#FFFFFF
"Tech Shift","Minimal / Clean",#A86523,#E9A319,#FAD59A,#FCEFCB,#FFFFFF
"Midnight Wave","Cool / Fresh",#4A102A,#85193C,#C5172E,#FCF259,#FFFFFF
"Pastel Frost","Light Mode",#3D365C,#7C4585,#C95792,#F8B55F,#FFFFFF
"Desert Pulse","Minimal / Clean",#FE7743,#EFEEEA,#273F4F,#000000,#000000
"Neon Realm","Pastel / Soft",#FFDBDB,#FFC6C6,#644A07,#594100,#000000
"Pastel Dusk","Minimal / Clean",#213448,#547792,#94B4C1,#ECEFCA,#FFFFFF
"Autumn Flux","Minimal / Clean",#F1BA88,#E9F5BE,#81E7AF,#03A791,#000000
"Autumn Storm","Pastel / Soft",#F5EEDD,#7AE2CF,#077A7D,#06202B,#000000
"Golden Dusk","Dark Mode",#A76545,#FFA55D,#FFDF88,#ACC572,#FFFFFF
"Desert Aura","Light Mode",#000000,#8E1616,#E8C999,#F8EEDF,#FFFFFF
"Golden Glow","Warm / Cozy",#FF8282,#FF6363,#BEE4D0,#DBFFCB,#000000
"Forest Vibes","Neon / Cyberpunk",#000000,#CF0F47,#FF0B55,#FFDEDE,#FFFFFF
"Neon Vibes","Dark Mode",#BF9264,#6F826A,#BBD8A3,#F0F1C5,#000000
"Winter Realm","Bold / Artistic",#3A59D1,#3D90D7,#7AC6D2,#B5FCCD,#FFFFFF
"Retro Dusk","Warm / Cozy",#6DE1D2,#FFD63A,#FFA955,#F75A5A,#000000
"Golden Core","Light Mode",#F7CFD8,#F4F8D3,#A6D6D6,#8E7DBE,#000000
"Spring Spark","Pastel / Soft",#102E50,#F5C45E,#E78B48,#BE3D2A,#FFFFFF
"Cosmic Glow","Dark Mode",#328E6E,#67AE6E,#90C67C,#E1EEBC,#FFFFFF
"Crystal Pulse","Light Mode",#000000,#222222,#1DCD9F,#169976,#FFFFFF
"Royal Core","Warm / Cozy",#F8F4E1,#FEBA17,#74512D,#4E1F00,#000000
"Vintage Realm","Dark Mode",#60B5FF,#AFDDFF,#FFECDB,#FF9149,#000000
"Cosmic Horizon","Neon / Cyberpunk",#0118D8,#1B56FD,#E9DFC3,#FFF8F8,#FFFFFF
"Ocean Aura","Corporate / Tech",#9FB3DF,#9EC6F3,#BDDDE4,#FFF1D5,#000000
"Silver Horizon","Pastel / Soft",#A62C2C,#E83F25,#EA7300,#D3CA79,#FFFFFF
"Forest Dawn","Pastel / Soft",#FFF085,#FCB454,#FF9B17,#F16767,#000000
"Ocean Shift","Minimal / Clean",#F1EFEC,#D4C9BE,#123458,#030303,#000000
"Silver Vibes","Light Mode",#F7374F,#88304E,#522546,#2C2C2C,#FFFFFF
"Tech Pulse","Minimal / Clean",#604652,#735557,#97866A,#D29F80,#FFFFFF
"Summer Spark","Earth / Nature",#F2EFE7,#9ACBD0,#48A6A7,#006A71,#000000
"Spring Storm","Corporate / Tech",#5F8B4C,#FFDDAB,#FF9A9A,#945034,#FFFFFF
"Retro Core","Bold / Artistic",#F5EEDC,#27548A,#183B4E,#DDA853,#000000
"Retro Flare","Bold / Artistic",#210F37,#4F1C51,#A55B4B,#DCA06D,#FFFFFF
"Neon Wave","Cool / Fresh",#F1E7E7,#E69DB8,#FFD0C7,#FFFECE,#000000
"Azure Shift","Bold / Artistic",#8F87F1,#C68EFD,#E9A5F1,#FED2E2,#000000
"Forest Wave","Minimal / Clean",#706D54,#A08963,#C9B194,#DBDBDB,#FFFFFF
"Winter Vibes","Cool / Fresh",#F6F1DE,#3E3F5B,#8AB2A6,#ACD3A8,#000000
"Ocean Echo","Light Mode",#FBE4D6,#261FB3,#161179,#0C0950,#000000
"Summer Realm","Cool / Fresh",#3F7D58,#EFEFEF,#EF9651,#EC5228,#FFFFFF
"Autumn Echo","Minimal / Clean",#F5ECE0,#5F99AE,#336D82,#693382,#000000
"Midnight Dusk","Corporate / Tech",#FAF1E6,#FDFAF6,#E4EFE7,#99BC85,#000000
"Pastel Echo","Dark Mode",#DDEB9D,#A0C878,#143D60,#EB5B00,#000000
"Midnight Dusk","Dark Mode",#034C53,#007074,#F38C79,#FFC1B4,#FFFFFF
"Golden Core","Corporate / Tech",#7D0A0A,#BF3131,#EAD196,#EEEEEE,#FFFFFF
"Summer Flare","Earth / Nature",#FDFBEE,#57B4BA,#015551,#FE4F2D,#000000
"Cyber Breeze","Dark Mode",#410445,#A5158C,#FF2DF1,#F6DC43,#FFFFFF
"Cyber Dawn","Warm / Cozy",#B17F59,#A5B68D,#C1CFA1,#EDE8DC,#000000
"Golden Breeze","Corporate / Tech",#EBE8DB,#D76C82,#B03052,#3D0301,#000000
"Desert Pulse","Pastel / Soft",#205781,#4F959D,#98D2C0,#F6F8D5,#FFFFFF
"Forest Vibes","Earth / Nature",#18230F,#27391C,#255F38,#1F7D53,#FFFFFF
"Emerald Spark","Earth / Nature",#FFEDFA,#FFB8E0,#EC7FA9,#BE5985,#000000
"Pastel Shift","Light Mode",#ADB2D4,#C7D9DD,#D5E5D5,#EEF1DA,#000000
"Sunset Horizon","Neon / Cyberpunk",#FFA725,#FFF5E4,#C1D8C3,#6A9C89,#000000
"Ocean Dawn","Earth / Nature",#211C84,#4D55CC,#7A73D1,#B5A8D5,#FFFFFF
"Ocean Realm","Neon / Cyberpunk",#80CBC4,#B4EBE6,#FBF8EF,#FFB433,#000000
"Winter Pulse","Minimal / Clean",#F6F0F0,#F2E2B1,#D5C7A3,#BDB395,#000000
"Ocean Frost","Cool / Fresh",#C599B6,#E6B2BA,#FAD0C4,#FFF7F3,#000000
"Tech Spark","Minimal / Clean",#89AC46,#D3E671,#F8ED8C,#FF8989,#000000
"Emerald Dawn","Minimal / Clean",#66D2CE,#2DAA9E,#EAEAEA,#E3D2C3,#000000
"Tech Dream","Corporate / Tech",#AC1754,#E53888,#F37199,#F7A8C4,#FFFFFF
"Retro Dusk","Minimal / Clean",#F1F0E9,#41644A,#0D4715,#E9762B,#000000
"Sunset Flux","Earth / Nature",#443627,#D98324,#EFDCAB,#F2F6D0,#FFFFFF
"Cosmic Storm","Pastel / Soft",#C7DB9C,#FFF0BD,#FDAB9E,#E50046,#000000
"Forest Flare","Minimal / Clean",#D84040,#A31D1D,#ECDCBF,#F8F2DE,#FFFFFF
"Velvet Flux","Pastel / Soft",#B7B1F2,#FDB7EA,#FFDCCC,#FBF3B9,#000000
"Golden Dawn","Cool / Fresh",#F8F3D9,#EBE5C2,#B9B28A,#504B38,#000000
"Spring Breeze","Bold / Artistic",#003092,#00879E,#FFAB5B,#FFF2DB,#FFFFFF
"Winter Frost","Cool / Fresh",#690B22,#E07A5F,#F1E3D3,#1B4D3E,#FFFFFF
"Silver Flux","Bold / Artistic",#AA60C8,#D69ADE,#EABDE6,#FFDFEF,#000000
"Cyber Storm","Earth / Nature",#626F47,#A4B465,#FFCF50,#FEFAE0,#FFFFFF
"Crystal Aura","Bold / Artistic",#56021F,#7D1C4A,#D17D98,#F4CCE9,#FFFFFF
"Neon Vibes","Light Mode",#3D8D7A,#B3D8A8,#FBFFE4,#A3D1C6,#FFFFFF
"Emerald Core","Neon / Cyberpunk",#F7F7F7,#FFB22C,#854836,#000000,#000000
"Summer Dawn","Pastel / Soft",#C14600,#FF9D23,#E5D0AC,#FEF9E1,#FFFFFF
"Cosmic Vibes","Earth / Nature",#2C3930,#3F4F44,#A27B5C,#DCD7C9,#FFFFFF
"Tech Glow","Minimal / Clean",#FFF2F2,#A9B5DF,#7886C7,#2D336B,#000000
"Cosmic Echo","Pastel / Soft",#F8F5E9,#9DC08B,#3A7D44,#DF6D14,#000000
"Midnight Frost","Warm / Cozy",#DDEB9D,#A0C878,#27667B,#143D60,#000000
"Desert Wave","Minimal / Clean",#FFD95F,#FFEFC8,#B8D576,#D70654,#000000
"Tech Storm","Earth / Nature",#E52020,#FBA518,#F9CB43,#A89C29,#FFFFFF
"Velvet Spark","Minimal / Clean",#27445D,#497D74,#71BBB2,#EFE9D5,#FFFFFF
"Cosmic Breeze","Corporate / Tech",#3674B5,#578FCA,#A1E3F9,#D1F8EF,#FFFFFF
"Pastel Dawn","Corporate / Tech",#F7CFD8,#F4F8D3,#A6F1E0,#73C7C7,#000000
"Spring Spark","Earth / Nature",#FFEDFA,#E195AB,#DE3163,#CCDF92,#000000
"Crystal Breeze","Bold / Artistic",#493D9E,#B2A5FF,#DAD2FF,#FFF2AF,#FFFFFF
"Forest Pulse","Pastel / Soft",#FFCDB2,#FFB4A2,#E5989B,#B5828C,#000000
"Ocean Frost","Light Mode",#F5F5F5,#F8E7F6,#DD88CF,#4B164C,#000000
"Royal Aura","Neon / Cyberpunk",#780C28,#CAE0BC,#EAFAEA,#6E8E59,#FFFFFF
"Neon Glow","Bold / Artistic",#FCE7C8,#B1C29E,#FADA7A,#F0A04B,#000000
"Sunset Horizon","Neon / Cyberpunk",#5C7285,#818C78,#A7B49E,#E2E0C8,#FFFFFF
"Cyber Core","Pastel / Soft",#B82132,#D2665A,#F2B28C,#F6DED8,#FFFFFF
"Vintage Core","Dark Mode",#FCC6FF,#FFE6C9,#FFC785,#FFA09B,#000000
"Spring Dream","Earth / Nature",#F2EFE7,#9ACBD0,#48A6A7,#2973B2,#000000
"Emerald Dawn","Earth / Nature",#EFB036,#3B6790,#23486A,#4C7B8B,#000000
"Silver Pulse","Cool / Fresh",#98D8EF,#EAE2C6,#BFBBA9,#ADA991,#000000
"Crystal Flux","Light Mode",#A94A4A,#F4D793,#FFF6DA,#889E73,#FFFFFF
"Autumn Pulse","Earth / Nature",#FFDAB3,#C8AAAA,#9F8383,#574964,#000000
"Winter Dusk","Bold / Artistic",#09122C,#872341,#BE3144,#E17564,#FFFFFF
"Retro Nights","Minimal / Clean",#4635B1,#B771E5,#AEEA94,#FFFBCA,#FFFFFF
"Ocean Dawn","Neon / Cyberpunk",#5B913B,#77B254,#FFE8B6,#D99D81,#FFFFFF
"Crystal Dawn","Dark Mode",#FBFBFB,#E8F9FF,#C4D9FF,#C5BAFF,#000000
"Autumn Shift","Cool / Fresh",#FBF5DD,#A6CDC6,#16404D,#DDA853,#000000
"Azure Storm","Bold / Artistic",#EB5A3C,#DF9755,#E7D283,#EDF4C2,#000000
"Forest Pulse","Earth / Nature",#FBF5E5,#C890A7,#A35C7A,#212121,#000000
"Autumn Horizon","Warm / Cozy",#1D1616,#8E1616,#D84040,#EEEEEE,#FFFFFF
"Golden Pulse","Neon / Cyberpunk",#155E95,#6A80B9,#F6C794,#FFF6B3,#FFFFFF
"Velvet Realm","Earth / Nature",#FEF9E1,#E5D0AC,#A31D1D,#6D2323,#000000
"Sunset Vibes","Cool / Fresh",#5D8736,#809D3C,#A9C46C,#F4FFC3,#FFFFFF
"Golden Flare","Pastel / Soft",#000957,#344CB7,#577BC1,#FFEB00,#FFFFFF
"Tech Glow","Earth / Nature",#727D73,#AAB99A,#D0DDD0,#F0F0D7,#FFFFFF
"Winter Storm","Bold / Artistic",#441752,#8174A0,#A888B5,#EFB6C8,#FFFFFF
"Cosmic Vibes","Earth / Nature",#FFFAEC,#F5ECD5,#578E7E,#3D3D3D,#000000
"Desert Dream","Dark Mode",#16C47F,#FFD65A,#FF9D23,#F93827,#000000
"Cyber Horizon","Pastel / Soft",#BAD8B6,#E1EACD,#F9F6E6,#8D77AB,#000000
"Velvet Flare","Light Mode",#B6CBBD,#754E1A,#CBA35C,#F8E1B7,#000000
"Emerald Nights","Light Mode",#FAFFC5,#A9BFA8,#5E686D,#3A3960,#000000
"Spring Dusk","Corporate / Tech",#123524,#3E7B27,#85A947,#EFE3C2,#FFFFFF
"Emerald Spark","Warm / Cozy",#C30E59,#E82561,#F2AE66,#E8E7AB,#FFFFFF
"Ocean Breeze","Cool / Fresh",#7C444F,#9F5255,#E16A54,#F39E60,#FFFFFF
"Crystal Pulse","Minimal / Clean",#2A004E,#500073,#C62300,#F14A00,#FFFFFF
"Golden Flare","Light Mode",#D9DFC6,#EFF3EA,#FFFDF0,#FFF2C2,#000000
"Autumn Flare","Corporate / Tech",#638C6D,#E7FBB4,#DF6D2D,#C84C05,#FFFFFF
"Crystal Core","Corporate / Tech",#4C585B,#7E99A3,#A5BFCC,#F4EDD3,#FFFFFF
"Neon Core","Bold / Artistic",#86A788,#FFFDEC,#FFE2E2,#FFCFCF,#000000
"Retro Aura","Pastel / Soft",#2E5077,#4DA1A9,#79D7BE,#F6F4F0,#FFFFFF
"Desert Glow","Dark Mode",#5CB338,#ECE852,#FFC145,#FB4141,#000000
"Sunset Flare","Cool / Fresh",#69247C,#DA498D,#FAC67A,#F9E6CF,#FFFFFF
"Pastel Echo","Light Mode",#474E93,#7E5CAD,#72BAA9,#D5E7B5,#FFFFFF
"Desert Shift","Pastel / Soft",#213555,#3E5879,#D8C4B6,#F5EFE7,#FFFFFF
"Desert Storm","Warm / Cozy",#FF8383,#FFF574,#A1D6CB,#A19AD3,#000000
"Velvet Flux","Dark Mode",#F5EFFF,#E5D9F2,#CDC1FF,#A294F9,#000000
"Vintage Glow","Bold / Artistic",#8D0B41,#D39D55,#D6CFB4,#FFF8E6,#FFFFFF
"Cosmic Aura","Earth / Nature",#FBF6E9,#E3F0AF,#5DB996,#118B50,#000000
"Ocean Shift","Cool / Fresh",#FFF0DC,#F0BB78,#543A14,#131010,#000000
"Midnight Pulse","Earth / Nature",#001A6E,#074799,#009990,#E1FFBB,#FFFFFF
"Desert Flare","Earth / Nature",#FCFFC1,#FFE893,#FBB4A5,#FB9EC6,#000000
"Emerald Echo","Neon / Cyberpunk",#F8FAFC,#D9EAFD,#BCCCDC,#9AA6B2,#000000
"Crimson Breeze","Bold / Artistic",#F72C5B,#FF748B,#A7D477,#E4F1AC,#FFFFFF
"Midnight Frost","Light Mode",#4B5945,#66785F,#91AC8F,#B2C9AD,#FFFFFF
"Cosmic Echo","Dark Mode",#FCC737,#F26B0F,#E73879,#7E1891,#000000
"Spring Echo","Earth / Nature",#FDF7F4,#8EB486,#997C70,#685752,#000000
"Royal Vibes","Corporate / Tech",#F2F9FF,#FFCCE1,#E195AB,#FFF5D7,#000000
"Crimson Dusk","Dark Mode",#B1F0F7,#81BFDA,#F5F0CD,#FADA7A,#000000
"Winter Vibes","Earth / Nature",#F29F58,#AB4459,#441752,#1B1833,#000000
"Neon Spark","Cool / Fresh",#A59D84,#C1BAA1,#D7D3BF,#ECEBDE,#000000
"Retro Shift","Dark Mode",#F9C0AB,#F4E0AF,#A8CD89,#355F2E,#000000
"Desert Shift","Bold / Artistic",#FFCFEF,#0A97B0,#0A5EB0,#2A3335,#000000
"Midnight Horizon","Bold / Artistic",#8174A0,#A888B5,#EFB6C8,#FFD2A0,#FFFFFF
"Sunset Dusk","Corporate / Tech",#D3F1DF,#85A98F,#5A6C57,#525B44,#000000
"Winter Flare","Earth / Nature",#640D5F,#D91656,#EB5B00,#FFB200,#FFFFFF
"Golden Flare","Earth / Nature",#D4EBF8,#1F509A,#0A3981,#E38E49,#000000
"Cosmic Breeze","Neon / Cyberpunk",#E5E3D4,#9ABF80,#6A669D,#1C325B,#000000
"Pastel Echo","Cool / Fresh",#89A8B2,#B3C8CF,#E5E1DA,#F1F0E8,#000000
"Cosmic Breeze","Warm / Cozy",#DEAA79,#FFE6A9,#B1C29E,#659287,#000000
"Royal Realm","Light Mode",#4335A7,#80C4E9,#FFF6E9,#FF7F3E,#FFFFFF
"Summer Storm","Bold / Artistic",#22177A,#605EA1,#8EA3A6,#E6E9AF,#FFFFFF
"Spring Horizon","Earth / Nature",#1F4529,#47663B,#E8ECD7,#EED3B1,#FFFFFF
"Tech Flux","Warm / Cozy",#F6D6D6,#F6F7C4,#A1EEBD,#7BD3EA,#000000
"Desert Glow","Minimal / Clean",#EBEAFF,#9694FF,#3D3BF3,#FF2929,#000000
"Neon Dream","Earth / Nature",#78B3CE,#C9E6F0,#FBF8EF,#F96E2A,#000000
"Spring Wave","Cool / Fresh",#AA5486,#FC8F54,#FDE7BB,#FBF4DB,#FFFFFF
"Silver Nights","Minimal / Clean",#DCE4C9,#F5F5DC,#B6A28E,#E07B39,#000000
"Cyber Realm","Corporate / Tech",#432E54,#4B4376,#AE445A,#E8BCB9,#FFFFFF
"Neon Dusk","Light Mode",#FFF7D1,#8B5DFF,#6A42C2,#563A9C,#000000
"Forest Flux","Bold / Artistic",#C2FFC7,#9EDF9C,#62825D,#526E48,#000000
"Winter Storm","Earth / Nature",#FAF6E3,#D8DBBD,#B59F78,#2A3663,#000000
"Forest Flare","Corporate / Tech",#FF8000,#4C1F7A,#219B9D,#EEEEEE,#000000
"Golden Dawn","Earth / Nature",#FEF3E2,#FAB12F,#FA812F,#FA4032,#000000
"Crystal Shift","Cool / Fresh",#A6AEBF,#C5D3E8,#D0E8C5,#FFF8DE,#000000
"Golden Horizon","Dark Mode",#3C552D,#CA7373,#D7B26D,#EEE2B5,#FFFFFF
"Vintage Flux","Neon / Cyberpunk",#1A1A1D,#3B1C32,#6A1E55,#A64D79,#FFFFFF
"Cosmic Wave","Warm / Cozy",#CB9DF0,#F0C1E1,#FDDBBB,#FFF9BF,#000000
"Summer Shift","Corporate / Tech",#3D5300,#ABBA7C,#FFE31A,#F09319,#FFFFFF
"Spring Horizon","Pastel / Soft",#000B58,#003161,#006A67,#FFF4B7,#FFFFFF
"Neon Nights","Bold / Artistic",#FCF596,#FBD288,#FF9C73,#FF4545,#000000
"Sunset Flare","Neon / Cyberpunk",#C6E7FF,#D4F6FF,#FBFBFB,#FFDDAE,#000000
"Neon Pulse","Cool / Fresh",#7ED4AD,#D76C82,#B03052,#3D0301,#000000
"Autumn Dusk","Corporate / Tech",#BFECFF,#CDC1FF,#FFF6E3,#FFCCEA,#000000
"Golden Dusk","Minimal / Clean",#740938,#AF1740,#CC2B52,#DE7C7D,#FFFFFF
"Retro Breeze","Dark Mode",#F3F3E0,#133E87,#608BC1,#CBDCEB,#000000
"Cosmic Flare","Pastel / Soft",#1A1A19,#31511E,#859F3D,#F6FCDF,#FFFFFF
"Desert Dusk","Neon / Cyberpunk",#FFB38E,#FFCF9D,#FFB26F,#DE8F5F,#000000
"Emerald Vibes","Dark Mode",#DFF2EB,#B9E5E8,#7AB2D3,#4A628A,#000000
"Crimson Shift","Neon / Cyberpunk",#3B1E54,#9B7EBD,#D4BEE4,#EEEEEE,#FFFFFF
"Velvet Horizon","Neon / Cyberpunk",#4C4B16,#898121,#E6C767,#F87A53,#FFFFFF
"Retro Horizon","Corporate / Tech",#37AFE1,#4CC9FE,#F5F4B3,#FFFECB,#000000
"Midnight Core","Warm / Cozy",#88C273,#FFF1DB,#D4BDAC,#536493,#000000
"Summer Flux","Earth / Nature",#B1D690,#FEEC37,#FFA24C,#FF77B7,#000000
"Shadow Nights","Light Mode",#C4E1F6,#FEEE91,#FFBD73,#FF9D3D,#000000
"Autumn Flux","Light Mode",#E9EED9,#CBD2A4,#9A7E6F,#54473F,#000000
"Desert Shift","Warm / Cozy",#A2D2DF,#F6EFBD,#E4C087,#BC7C7C,#000000
"Golden Horizon","Earth / Nature",#789DBC,#FFE3E3,#FEF9F2,#C9E9D2,#000000
"Velvet Flux","Cool / Fresh",#605678,#8ABFA3,#FFBF61,#FFE6A5,#FFFFFF
"Winter Flux","Warm / Cozy",#E4E0E1,#D6C0B3,#AB886D,#493628,#000000
"Neon Flare","Minimal / Clean",#0D92F4,#77CDFF,#F95454,#C62E2E,#FFFFFF
"Crystal Shift","Dark Mode",#091057,#024CAA,#EC8305,#DBD3D3,#FFFFFF
"Desert Realm","Dark Mode",#00FF9C,#B6FFA1,#FEFFA7,#FFE700,#000000
"Vintage Nights","Light Mode",#F4F6FF,#F3C623,#EB8317,#10375C,#000000
"Winter Nights","Cool / Fresh",#FFF100,#006BFF,#08C2FF,#BCF2F6,#000000
"Crystal Frost","Neon / Cyberpunk",#243642,#387478,#629584,#E2F1E7,#FFFFFF
"Neon Frost","Pastel / Soft",#257180,#F2E5BF,#FD8B51,#CB6040,#FFFFFF
"Velvet Realm","Warm / Cozy",#A5B68D,#ECDFCC,#FCFAEE,#DA8359,#000000
"Royal Flux","Corporate / Tech",#798645,#FEFAE0,#F2EED7,#626F47,#FFFFFF
"Winter Aura","Dark Mode",#72BF78,#A0D683,#D3EE98,#FEFF9F,#000000
"Crystal Horizon","Neon / Cyberpunk",#FFF7D1,#FFECC8,#FFD09B,#FFB0B0,#000000
"Silver Realm","Pastel / Soft",#A66E38,#FFAD60,#FFEEAD,#96CEB4,#FFFFFF
"Neon Core","Earth / Nature",#FF6500,#1E3E62,#0B192C,#000000,#000000
"Cyber Glow","Minimal / Clean",#433878,#7E60BF,#E4B1F0,#FFE1FF,#FFFFFF
"Vintage Breeze","Dark Mode",#B7E0FF,#FFF5CD,#FFCFB3,#E78F81,#000000
"Shadow Flux","Earth / Nature",#D2FF72,#73EC8B,#54C392,#15B392,#000000
"Neon Horizon","Earth / Nature",#87A2FF,#C4D7FF,#FFD7C4,#FFF4B5,#000000
"Neon Dawn","Dark Mode",#EDDFE0,#F5F5F7,#B7B7B7,#705C53,#000000
"Emerald Spark","Pastel / Soft",#FAF7F0,#D8D2C2,#B17457,#4A4947,#000000
"Spring Storm","Dark Mode",#347928,#C0EBA6,#FFFBE6,#FCCD2A,#FFFFFF
"Pastel Vibes","Neon / Cyberpunk",#001F3F,#3A6D8C,#6A9AB0,#EAD8B1,#FFFFFF
"Autumn Pulse","Corporate / Tech",#E7CCCC,#EDE8DC,#A5B68D,#C1CFA1,#000000
"Silver Storm","Warm / Cozy",#640D5F,#D91656,#EE66A6,#FFEB55,#FFFFFF
"Sunset Echo","Warm / Cozy",#E5D9F2,#F5EFFF,#CDC1FF,#A594F9,#000000
"Desert Shift","Light Mode",#FFF0D1,#795757,#664343,#3B3030,#000000
"Pastel Glow","Minimal / Clean",#6256CA,#86D293,#C1E2A4,#FDFAD9,#FFFFFF
"Summer Spark","Corporate / Tech",#384B70,#507687,#FCFAEE,#B8001F,#FFFFFF
"Autumn Dawn","Dark Mode",#FF6600,#F5F5F5,#8FD14F,#604CC3,#000000
"Crystal Breeze","Minimal / Clean",#4379F2,#FFEB00,#6EC207,#117554,#FFFFFF
"Emerald Echo","Light Mode",#181C14,#3C3D37,#697565,#ECDFCC,#FFFFFF
"Midnight Core","Warm / Cozy",#6439FF,#4F75FF,#00CCDD,#7CF5FF,#FFFFFF
"Midnight Flare","Neon / Cyberpunk",#624E88,#8967B3,#CB80AB,#E6D9A2,#FFFFFF
"Crimson Frost","Light Mode",#C96868,#FADFA1,#FFF4EA,#7EACB5,#000000
"Ocean Wave","Earth / Nature",#D2E0FB,#FEF9D9,#DEE5D4,#8EACCD,#000000
"Shadow Horizon","Neon / Cyberpunk",#FF885B,#FFE5CF,#557C56,#33372C,#000000
"Royal Dusk","Earth / Nature",#654520,#825B32,#6CBEC7,#81DAE3,#FFFFFF
"Ocean Core","Minimal / Clean",#1230AE,#6C48C5,#C68FE6,#FFF7F7,#FFFFFF
"Golden Core","Light Mode",#F5F7F8,#FCDE70,#E8B86D,#185519,#000000
"Crystal Storm","Minimal / Clean",#16423C,#6A9C89,#C4DAD2,#E9EFEC,#FFFFFF
"Autumn Nights","Pastel / Soft",#343131,#A04747,#D8A25E,#EEDF7A,#FFFFFF
"Vintage Flux","Pastel / Soft",#161D6F,#0B2F9F,#98DED9,#C7FFD8,#FFFFFF
"Pastel Flare","Cool / Fresh",#16325B,#227B94,#78B7D0,#FFDC7F,#FFFFFF
"Emerald Nights","Corporate / Tech",#F5F5F5,#48CFCB,#229799,#424242,#000000
"Golden Dream","Pastel / Soft",#BF2EF0,#ED3EF7,#FEECB3,#FFF6EA,#FFFFFF
"Forest Storm","Warm / Cozy",#295F98,#CDC2A5,#E1D7C6,#EAE4DD,#FFFFFF
"Retro Wave","Light Mode",#A1D6B2,#CEDF9F,#F1F3C2,#E8B86D,#000000
"Royal Spark","Neon / Cyberpunk",#FFF8E8,#F7EED3,#AAB396,#674636,#000000
"Desert Spark","Minimal / Clean",#7695FF,#9DBDFF,#FFD7C4,#FF9874,#000000
"Summer Breeze","Pastel / Soft",#FFEAC5,#FFDBB5,#6C4E31,#603F26,#000000
"Royal Vibes","Minimal / Clean",#FFBE98,#F05A7E,#125B9A,#0B8494,#000000
"Autumn Glow","Bold / Artistic",#FABC3F,#E85C0D,#C7253E,#821131,#000000
"Velvet Flux","Neon / Cyberpunk",#7C93C3,#55679C,#1E2A5E,#E1D7B7,#000000
"Spring Core","Cool / Fresh",#CD5C08,#FFF5E4,#C1D8C3,#6A9C89,#FFFFFF
"Emerald Core","Dark Mode",#0D7C66,#41B3A2,#BDE8CA,#D7C3F1,#FFFFFF
"Spring Nights","Corporate / Tech",#C0C78C,#A6B37D,#FEFAE0,#B99470,#000000
"Winter Glow","Dark Mode",#2E073F,#7A1CAC,#AD49E1,#EBD3F8,#FFFFFF
"Winter Nights","Minimal / Clean",#FF8A8A,#F4DEB3,#F0EAAC,#CCE0AC,#000000
"Desert Spark","Cool / Fresh",#00712D,#D5ED9F,#FFFBE6,#FF9100,#FFFFFF
"Spring Breeze","Earth / Nature",#1E201E,#3C3D37,#697565,#ECDFCC,#FFFFFF
"Crystal Dawn","Cool / Fresh",#3A1078,#4E31AA,#3795BD,#F7F7F8,#FFFFFF
"Sunset Core","Neon / Cyberpunk",#800000,#982B1C,#DAD4B5,#F2E8C6,#FFFFFF
"Cosmic Realm","Earth / Nature",#F7EFE5,#E2BFD9,#C8A1E0,#674188,#000000
"Autumn Flux","Neon / Cyberpunk",#A28B55,#86AB89,#CBE2B5,#E7FBE6,#000000
"Retro Horizon","Cool / Fresh",#D1E9F6,#F6EACB,#F1D3CE,#EECAD5,#000000
"Crystal Flare","Corporate / Tech",#F9DBBA,#5B99C2,#1A4870,#1F316F,#000000
"Sunset Vibes","Neon / Cyberpunk",#F8EDE3,#DFD3C3,#D0B8A8,#C5705D,#000000
"Sunset Dream","Earth / Nature",#A02334,#FFAD60,#FFEEAD,#96CEB4,#FFFFFF
"Retro Nights","Neon / Cyberpunk",#FF8343,#F1DEC6,#179BAE,#4158A6,#000000
"Silver Aura","Dark Mode",#F6E96B,#BEDC74,#A2CA71,#387F39,#000000
"Ocean Glow","Corporate / Tech",#CCD5AE,#E0E5B6,#FAEDCE,#FEFAE0,#000000
"Crimson Breeze","Dark Mode",#B4D6CD,#FFDA76,#FF8C9E,#FF4E88,#000000
"Silver Realm","Pastel / Soft",#921A40,#C75B7A,#D9ABAB,#F4D9D0,#FFFFFF
"Tech Nights","Light Mode",#F0A8D0,#F7B5CA,#FFC6C6,#FFEBD4,#000000
"Golden Flux","Light Mode",#6482AD,#7FA1C3,#E2DAD6,#F5EDED,#FFFFFF
"Neon Dream","Dark Mode",#BC9F8B,#B5CFB7,#CADABF,#E7E8D8,#000000
"Pastel Aura","Minimal / Clean",#7C00FE,#F9E400,#FFAF00,#F5004F,#FFFFFF
"Desert Echo","Warm / Cozy",#522258,#8C3061,#C63C51,#D95F59,#FFFFFF
"Tech Spark","Neon / Cyberpunk",#C9DABF,#9CA986,#808D7C,#5F6F65,#000000
"Spring Echo","Light Mode",#180161,#4F1787,#EB3678,#FB773C,#FFFFFF
"Autumn Storm","Bold / Artistic",#021526,#03346E,#6EACDA,#E2E2B6,#FFFFFF
"Azure Storm","Earth / Nature",#FFDFD6,#E3A5C7,#B692C2,#694F8E,#000000
"Crimson Echo","Cool / Fresh",#F8EDED,#FF8225,#B43F3F,#173B45,#000000
"Crimson Realm","Light Mode",#914F1E,#DEAC80,#F7DCB9,#B5C18E,#FFFFFF
"Cyber Flare","Minimal / Clean",#FEF3E2,#BEC6A0,#708871,#606676,#000000
"Azure Echo","Neon / Cyberpunk",#201E43,#134B70,#508C9B,#EEEEEE,#FFFFFF
"Azure Wave","Light Mode",#EF5A6F,#FFF1DB,#D4BDAC,#536493,#000000
"Emerald Frost","Pastel / Soft",#F6FB7A,#B4E380,#88D66C,#73BBA3,#000000
"Ocean Nights","Bold / Artistic",#1A3636,#40534C,#677D6A,#D6BD98,#FFFFFF
"Crystal Horizon","Dark Mode",#F8EDE3,#DFD3C3,#D0B8A8,#8D493A,#000000
"Retro Glow","Dark Mode",#399918,#ECFFE6,#FFAAAA,#FF7777,#FFFFFF
"Crystal Glow","Corporate / Tech",#17153B,#2E236C,#433D8B,#C8ACD6,#FFFFFF
"Retro Horizon","Earth / Nature",#F3FEB8,#FFDE4D,#FFB22C,#FF4C4C,#000000
"Sunset Flare","Cool / Fresh",#987D9A,#BB9AB1,#EECEB9,#FEFBD8,#000000
"Summer Pulse","Corporate / Tech",#6C946F,#FFD35A,#FFA823,#DC0083,#000000
"Velvet Flux","Warm / Cozy",#FFB200,#EB5B00,#E4003A,#B60071,#000000
"Pastel Breeze","Dark Mode",#77E4C8,#36C2CE,#478CCF,#4535C1,#000000
"Silver Glow","Warm / Cozy",#E9FF97,#FFD18E,#FFA38F,#FF7EE2,#000000
"Neon Dream","Pastel / Soft",#DEF9C4,#9CDBA6,#50B498,#468585,#000000
"Sunset Horizon","Corporate / Tech",#405D72,#758694,#F7E7DC,#FFF8F3,#FFFFFF
"Summer Dusk","Bold / Artistic",#131842,#E68369,#ECCEAE,#FBF6E2,#FFFFFF
"Summer Aura","Bold / Artistic",#D6EFD8,#80AF81,#508D4E,#1A5319,#000000
"Spring Frost","Cool / Fresh",#DCA47C,#FFD3B6,#FCF8F3,#698474,#000000
"Crystal Dream","Dark Mode",#4A249D,#009FBD,#F9E2AF,#F6F5F5,#FFFFFF
"Ocean Horizon","Dark Mode",#FAFFAF,#96C9F4,#3FA2F6,#0F67B1,#000000
"Cyber Dawn","Earth / Nature",#FFF8DB,#FFC7ED,#7D8ABC,#304463,#000000
"Forest Breeze","Pastel / Soft",#000000,#FF4191,#E90074,#FFF078,#FFFFFF
"Ocean Flux","Cool / Fresh",#EEEDEB,#E6B9A6,#939185,#2F3645,#000000
"Royal Pulse","Corporate / Tech",#36BA98,#E9C46A,#F4A261,#E76F51,#000000
"Crystal Frost","Warm / Cozy",#667BC6,#FDFFD2,#FFB4C2,#DA7297,#FFFFFF
"Velvet Core","Neon / Cyberpunk",#F5F7F8,#F4CE14,#379777,#45474B,#000000
"Shadow Horizon","Earth / Nature",#071952,#088395,#37B7C3,#EBF4F6,#FFFFFF
"Azure Realm","Neon / Cyberpunk",#E7F0DC,#597445,#658147,#729762,#000000
"Midnight Dusk","Neon / Cyberpunk",#FFE9D0,#FFFED3,#BBE9FF,#B1AFFF,#000000
"Silver Aura","Earth / Nature",#A0937D,#E7D4B5,#F6E6CB,#B6C7AA,#000000
"Neon Storm","Corporate / Tech",#973131,#E0A75E,#F9D689,#F5E7B2,#FFFFFF
"Shadow Horizon","Light Mode",#402E7A,#4C3BCF,#4B70F5,#3DC2EC,#FFFFFF
"Shadow Dawn","Minimal / Clean",#91DDCF,#F7F9F2,#E8C5E5,#F19ED2,#000000
"Azure Frost","Dark Mode",#5A639C,#7776B3,#9B86BD,#E2BBE9,#FFFFFF
"Cosmic Flux","Minimal / Clean",#FF7F3E,#FFF6E9,#80C4E9,#604CC3,#000000
"Sunset Flare","Warm / Cozy",#219C90,#FFF455,#FFC700,#EE4E4E,#FFFFFF
"Winter Dream","Earth / Nature",#FFF5E1,#FF6969,#C80036,#0C1844,#000000
"Neon Wave","Warm / Cozy",#102C57,#1679AB,#FFB1B1,#FFCBCB,#FFFFFF
"Pastel Breeze","Pastel / Soft",#059212,#06D001,#9BEC00,#F3FF90,#FFFFFF
"Cosmic Flare","Corporate / Tech",#D8EFD3,#95D2B3,#55AD9B,#F1F8E8,#000000
"Pastel Dusk","Cool / Fresh",#365E32,#81A263,#E7D37F,#FD9B63,#FFFFFF
"Retro Breeze","Cool / Fresh",#EF9C66,#FCDC94,#C8CFA0,#78ABA8,#000000
"Silver Flare","Bold / Artistic",#FFDE95,#ADD899,#BC5A94,#F075AA,#000000
"Emerald Breeze","Earth / Nature",#FDFFE2,#83B4FF,#5A72A0,#1A2130,#000000
"Sunset Flux","Bold / Artistic",#538392,#6295A2,#80B9AD,#B3E2A7,#FFFFFF
"Crimson Nights","Light Mode",#E88D67,#F3F7EC,#006989,#005C78,#000000
"Sunset Aura","Dark Mode",#050C9C,#3572EF,#3ABEF9,#A7E6FF,#FFFFFF
"Crimson Flux","Pastel / Soft",#26355D,#AF47D2,#FF8F00,#FFDB00,#FFFFFF
"Neon Glow","Cool / Fresh",#3AA6B9,#FFD0D0,#FF9EAA,#F9F9E0,#000000
"Ocean Core","Earth / Nature",#254336,#6B8A7A,#B7B597,#DAD3BE,#FFFFFF
"Sunset Vibes","Warm / Cozy",#FEFFD2,#FFEEA9,#FFBF78,#FF7D29,#000000
"Summer Flare","Cool / Fresh",#FFFDB5,#6FDCE3,#5C88C4,#5C2FC2,#000000
"Crimson Flare","Neon / Cyberpunk",#EEEEEE,#686D76,#373A40,#DC5F00,#000000
"Velvet Core","Earth / Nature",#615EFC,#7E8EF1,#D1D8C5,#EEEEEE,#FFFFFF
"Royal Aura","Dark Mode",#808836,#FFBF00,#FF9A00,#D10363,#FFFFFF
"Cyber Frost","Pastel / Soft",#F1E5D1,#DBB5B5,#C39898,#987070,#000000
"Forest Storm","Corporate / Tech",#01204E,#028391,#F6DCAC,#FEAE6F,#FFFFFF
"Tech Frost","Light Mode",#FF0000,#FFA27F,#FFE8C5,#97BE5A,#FFFFFF
"Shadow Flare","Corporate / Tech",#850F8D,#C738BD,#E49BFF,#F8F9D7,#FFFFFF
"Tech Nights","Pastel / Soft",#FFA62F,#FFC96F,#FFE8C8,#ACD793,#000000
"Cyber Aura","Dark Mode",#003285,#2A629A,#FF7F3E,#FFDA78,#FFFFFF
"Azure Aura","Light Mode",#6F4E37,#A67B5B,#ECB176,#FED8B1,#FFFFFF
"Crystal Glow","Dark Mode",#799351,#A1DD70,#F6EEC9,#EE4E4E,#000000
"Azure Nights","Minimal / Clean",#F8F4E1,#AF8F6F,#74512D,#543310,#000000
"Ocean Realm","Neon / Cyberpunk",#8E3E63,#D2649A,#F6FAB9,#CAE6B2,#FFFFFF
"Autumn Flux","Minimal / Clean",#240750,#344C64,#577B8D,#57A6A1,#FFFFFF
"Sunset Echo","Corporate / Tech",#006769,#40A578,#9DDE8B,#E6FF94,#FFFFFF
"Royal Flux","Pastel / Soft",#FFFAE6,#FF9F66,#FF5F00,#002379,#000000
"Crystal Realm","Earth / Nature",#ACE1AF,#B0EBB4,#BFF6C3,#E0FBE2,#000000
"Desert Frost","Corporate / Tech",#B5C18E,#EADBC8,#C7B7A3,#F1F1F1,#000000
"Crystal Vibes","Bold / Artistic",#6DC5D1,#FDE49E,#FEB941,#DD761C,#000000
"Pastel Dawn","Minimal / Clean",#FFFF80,#FFAA80,#FF5580,#FF0080,#000000
"Silver Pulse","Pastel / Soft",#151515,#A91D3A,#C73659,#EEEEEE,#FFFFFF
"Crystal Glow","Bold / Artistic",#C3FF93,#FFDB5C,#FFAF61,#FF70AB,#000000
"Winter Horizon","Neon / Cyberpunk",#FFF9D0,#CAF4FF,#A0DEFF,#5AB2FF,#000000
"Pastel Realm","Dark Mode",#7469B6,#AD88C6,#E1AFD1,#FFE6E6,#FFFFFF
"Winter Dream","Light Mode",#CDE8E5,#EEF7FF,#7AB2B2,#4D869C,#000000
"Midnight Vibes","Earth / Nature",#03AED2,#68D2E8,#FDDE55,#FEEFAD,#FFFFFF
"Tech Shift","Cool / Fresh",#F3CA52,#F6E9B2,#0A6847,#7ABA78,#000000
"Azure Vibes","Minimal / Clean",#FFF2D7,#FFE0B5,#F8C794,#D8AE7E,#000000
"Sunset Vibes","Bold / Artistic",#32012F,#524C42,#E2DFD0,#F97300,#FFFFFF
"Shadow Dawn","Corporate / Tech",#640D6B,#B51B75,#E65C19,#F8D082,#FFFFFF
"Midnight Pulse","Dark Mode",#A87676,#CA8787,#E1ACAC,#FFD0D0,#000000
"Crystal Pulse","Neon / Cyberpunk",#FC4100,#FFC55A,#00215E,#2C4E80,#FFFFFF
"Velvet Storm","Pastel / Soft",#C40C0C,#FF6500,#FF8A08,#FFC100,#FFFFFF
"Neon Vibes","Corporate / Tech",#FF76CE,#FDFFC2,#94FFD8,#A3D8FF,#000000
"Silver Flare","Cool / Fresh",#F5DAD2,#FCFFE0,#BACD92,#75A47F,#000000
"Summer Dream","Cool / Fresh",#1A4D2E,#4F6F52,#E8DFCA,#F5EFE6,#FFFFFF
"Golden Wave","Earth / Nature",#121481,#FFEAE3,#FFCBCB,#FFB1B1,#FFFFFF
"Forest Echo","Dark Mode",#153448,#3C5B6F,#948979,#DFD0B8,#FFFFFF
"Autumn Storm","Warm / Cozy",#FFFBDA,#FFEC9E,#FFBB70,#ED9455,#000000
"Spring Flare","Corporate / Tech",#10439F,#874CCC,#C65BCF,#F27BBD,#FFFFFF
"Vintage Pulse","Pastel / Soft",#E4C59E,#AF8260,#803D3B,#322C2B,#000000
"Summer Frost","Neon / Cyberpunk",#B5C18E,#F7DCB9,#DEAC80,#B99470,#000000
"Desert Glow","Light Mode",#1E0342,#0E46A3,#9AC8CD,#E1F7F5,#FFFFFF
"Sunset Pulse","Light Mode",#FFF5E0,#8DECB4,#41B06E,#141E46,#000000
"Silver Flux","Corporate / Tech",#FEFAF6,#EADBC8,#DAC0A3,#102C57,#000000
"Summer Wave","Minimal / Clean",#F6F5F2,#F0EBE3,#F3D0D7,#FFEFEF,#000000
"Autumn Wave","Earth / Nature",#4793AF,#FFC470,#DD5746,#8B322C,#FFFFFF
"Midnight Shift","Cool / Fresh",#074173,#1679AB,#5DEBD7,#C5FF95,#FFFFFF
"Shadow Horizon","Minimal / Clean",#5BBCFF,#FFFAB7,#FFD1E3,#7EA1FF,#000000
"Forest Dream","Warm / Cozy",#1C1678,#8576FF,#7BC9FF,#A3FFD6,#FFFFFF
"Forest Dream","Bold / Artistic",#DBA979,#ECCA9C,#E8EFCF,#AFD198,#000000
"Vintage Pulse","Pastel / Soft",#6C0345,#DC6B19,#F7C566,#FFF8DC,#FFFFFF
"Royal Wave","Pastel / Soft",#003C43,#135D66,#77B0AA,#E3FEF7,#FFFFFF
"Shadow Vibes","Cool / Fresh",#A79277,#D1BB9E,#EAD8C0,#FFF2E1,#000000
"Autumn Frost","Minimal / Clean",#FFEBB2,#E59BE9,#D862BC,#8644A2,#000000
"Neon Aura","Cool / Fresh",#86469C,#BC7FCD,#FB9AD1,#FFCDEA,#FFFFFF
"Autumn Wave","Minimal / Clean",#A34343,#E9C874,#FBF8DD,#C0D6E8,#FFFFFF
"Crimson Dawn","Earth / Nature",#B3C8CF,#BED7DC,#F1EEDC,#E5DDC5,#000000
"Azure Storm","Light Mode",#49243E,#704264,#BB8493,#DBAFA0,#FFFFFF
"Desert Dawn","Light Mode",#0C0C0C,#481E14,#9B3922,#F2613F,#FFFFFF
"Crimson Wave","Cool / Fresh",#FFC94A,#C08B5C,#795458,#453F78,#000000
"Tech Storm","Earth / Nature",#FFEBB2,#E9A89B,#D875C7,#912BBC,#000000
"Azure Flare","Pastel / Soft",#D20062,#D6589F,#D895DA,#C4E4FF,#FFFFFF
"Silver Realm","Corporate / Tech",#F8F6E3,#97E7E1,#6AD4DD,#7AA2E3,#000000
"Sunset Storm","Dark Mode",#FA7070,#FEFDED,#C6EBC5,#A1C398,#000000
"Pastel Glow","Dark Mode",#D9EDBF,#FF9800,#2C7865,#90D26D,#000000
"Midnight Echo","Bold / Artistic",#FFF7FC,#8B93FF,#5755FE,#FF71CD,#000000
"Silver Realm","Bold / Artistic",#FFAF45,#FB6D48,#D74B76,#673F69,#000000
"Neon Realm","Cool / Fresh",#E72929,#FF5BAE,#FFE4CF,#FFFDD7,#FFFFFF
"Ocean Core","Light Mode",#EFBC9B,#FBF3D5,#D6DAC8,#9CAFAA,#000000
"Crimson Vibes","Neon / Cyberpunk",#627254,#76885B,#DDDDDD,#EEEEEE,#FFFFFF
"Azure Spark","Corporate / Tech",#401F71,#824D74,#BE7B72,#FDAF7B,#FFFFFF
"Shadow Core","Light Mode",#496989,#58A399,#A8CD9F,#E2F4C5,#FFFFFF
"Crystal Breeze","Dark Mode",#008DDA,#41C9E2,#ACE2E1,#F7EEDD,#FFFFFF
"Neon Echo","Warm / Cozy",#FF204E,#A0153E,#5D0E41,#00224D,#FFFFFF
"Autumn Horizon","Bold / Artistic",#430A5D,#5F374B,#8C6A5D,#EEE4B1,#FFFFFF
"Vintage Nights","Pastel / Soft",#007F73,#4CCD99,#FFC700,#FFF455,#FFFFFF
"Sunset Core","Neon / Cyberpunk",#5356FF,#378CE7,#67C6E3,#DFF5FF,#FFFFFF
"Cyber Flux","Dark Mode",#FDA403,#E8751A,#898121,#E5C287,#000000
"Royal Flux","Bold / Artistic",#222831,#31363F,#76ABAE,#EEEEEE,#FFFFFF
"Ocean Breeze","Pastel / Soft",#240A34,#891652,#EABE6C,#FFEDD8,#FFFFFF
"Tech Echo","Bold / Artistic",#E178C5,#FF8E8F,#FFB38E,#FFFDCB,#000000
"Sunset Core","Cool / Fresh",#FFF3C7,#FEC7B4,#FC819E,#F7418F,#000000
"Royal Glow","Corporate / Tech",#B0C5A4,#D37676,#EBC49F,#F1EF99,#000000
"Golden Frost","Warm / Cozy",#5F5D9C,#6196A6,#A4CE95,#F4EDCC,#FFFFFF
"Golden Glow","Dark Mode",#124076,#7F9F80,#F9E897,#FFC374,#FFFFFF
"Midnight Wave","Minimal / Clean",#B2B377,#D2D180,#E5E483,#F1F5A8,#000000
"Summer Shift","Dark Mode",#EADFB4,#9BB0C1,#51829B,#F6995C,#000000
"Sunset Glow","Earth / Nature",#114232,#87A922,#FCDC2A,#F7F6BB,#FFFFFF
"Crimson Vibes","Corporate / Tech",#FFE6E6,#E1AFD1,#AD88C6,#7469B6,#000000
"Crimson Frost","Minimal / Clean",#6420AA,#FF3EA5,#FF7ED4,#FFB5DA,#FFFFFF
"Shadow Aura","Pastel / Soft",#59D5E0,#F5DD61,#FAA300,#F4538A,#000000
"Cyber Flux","Cool / Fresh",#A5DD9B,#C5EBAA,#F6F193,#F2C18D,#000000
"Retro Dusk","Earth / Nature",#5E1675,#EE4266,#FFD23F,#337357,#FFFFFF
"Summer Glow","Dark Mode",#35374B,#344955,#50727B,#78A083,#FFFFFF
"Retro Dawn","Pastel / Soft",#FBA834,#333A73,#387ADF,#50C4ED,#000000
"Royal Realm","Earth / Nature",#FF407D,#FFCAD4,#40679E,#1B3C73,#000000
"Retro Flare","Warm / Cozy",#0C359E,#EE99C2,#FFE3CA,#F6F5F5,#FFFFFF
"Winter Realm","Warm / Cozy",#FFBE98,#FEECE2,#F7DED0,#E2BFB3,#000000
"Pastel Glow","Corporate / Tech",#9195F6,#B7C9F2,#F9F07A,#FB88B4,#000000
"Forest Dawn","Bold / Artistic",#B5C0D0,#CCD3CA,#F5E8DD,#EED3D9,#000000
"Azure Vibes","Minimal / Clean",#FFF67E,#BFEA7C,#9BCF53,#416D19,#000000
"Pastel Flare","Neon / Cyberpunk",#201658,#1D24CA,#98ABEE,#F9E8C9,#FFFFFF
"Summer Shift","Light Mode",#265073,#2D9596,#9AD0C2,#F1FADA,#FFFFFF
"Silver Nights","Light Mode",#8E7AB5,#B784B7,#E493B3,#EEA5A6,#000000
"Neon Aura","Minimal / Clean",#070F2B,#1B1A55,#535C91,#9290C3,#FFFFFF
"Winter Dusk","Pastel / Soft",#211951,#836FFF,#15F5BA,#F0F3FF,#FFFFFF
"Crimson Flux","Warm / Cozy",#000000,#F72798,#F57D1F,#EBF400,#FFFFFF
"Neon Breeze","Neon / Cyberpunk",#D7E4C0,#C6DCBA,#BBC3A4,#B3A398,#000000
"Winter Echo","Dark Mode",#8CB9BD,#FEFBF6,#ECB159,#B67352,#000000
"Ocean Realm","Earth / Nature",#9B4444,#C68484,#A3C9AA,#EEEEEE,#FFFFFF
"Retro Wave","Bold / Artistic",#7F27FF,#9F70FD,#FDBF60,#FF8911,#FFFFFF
"Summer Pulse","Light Mode",#211C6A,#59B4C3,#74E291,#EFF396,#FFFFFF
"Crystal Realm","Dark Mode",#FFF7F1,#FFE4C9,#E78895,#BED1CF,#000000
"Neon Aura","Cool / Fresh",#CDFADB,#F6FDC3,#FFCF96,#FF8080,#000000
"Desert Dawn","Pastel / Soft",#944E63,#B47B84,#CAA6A6,#FFE7E7,#FFFFFF
"Cyber Nights","Earth / Nature",#40A2E3,#FFF6E9,#BBE2EC,#0D9276,#000000
"Crimson Core","Warm / Cozy",#B4B4B8,#C7C8CC,#E3E1D9,#F2EFE5,#000000
"Desert Echo","Pastel / Soft",#12372A,#436850,#ADBC9F,#FBFADA,#FFFFFF
"Pastel Aura","Minimal / Clean",#E8C872,#FFF3CF,#C9D7DD,#637A9F,#000000
"Golden Dream","Neon / Cyberpunk",#1F2544,#474F7A,#81689D,#FFD0EC,#FFFFFF
"Winter Flare","Neon / Cyberpunk",#0C2D57,#FC6736,#FFB0B0,#EFECEC,#FFFFFF
"Emerald Storm","Cool / Fresh",#EEEDEB,#E0CCBE,#747264,#3C3633,#000000
"Azure Glow","Cool / Fresh",#F28585,#FFA447,#FFFC9B,#B7E5B4,#000000
"Cyber Echo","Neon / Cyberpunk",#FDF0D1,#AC7D88,#85586F,#643843,#000000
"Sunset Glow","Warm / Cozy",#6C22A6,#6962AD,#83C0C1,#96E9C6,#FFFFFF
"Autumn Shift","Bold / Artistic",#561C24,#6D2932,#C7B7A3,#E8D8C4,#FFFFFF
"Pastel Breeze","Dark Mode",#D04848,#F3B95F,#FDE767,#6895D2,#FFFFFF
"Vintage Breeze","Minimal / Clean",#0A1D56,#492E87,#37B5B6,#F2F597,#FFFFFF
"Tech Flare","Bold / Artistic",#E1F0DA,#D4E7C5,#BFD8AF,#99BC85,#000000
"Cyber Pulse","Earth / Nature",#000000,#0B60B0,#40A2D8,#F0EDCF,#FFFFFF
"Azure Flare","Light Mode",#294B29,#50623A,#789461,#DBE7C9,#FFFFFF
"Midnight Frost","Pastel / Soft",#FE7A36,#3652AD,#280274,#E9F6FF,#000000
"Golden Frost","Warm / Cozy",#DCFFB7,#FF6868,#FFBB64,#FFEAA7,#000000
"Azure Flare","Earth / Nature",#F5EEE6,#FFF8E3,#F3D7CA,#E6A4B4,#000000
"Sunset Dream","Light Mode",#030637,#3C0753,#720455,#910A67,#FFFFFF
"Royal Flare","Warm / Cozy",#F9EFDB,#EBD9B4,#9DBC98,#638889,#000000
"Azure Storm","Dark Mode",#A94438,#D24545,#E6BAA3,#E4DEBE,#FFFFFF
"Forest Nights","Minimal / Clean",#3E3232,#503C3C,#7E6363,#A87C7C,#FFFFFF
"Crimson Glow","Dark Mode",#F8F4EC,#FF9BD2,#D63484,#402B3A,#000000
"Desert Glow","Corporate / Tech",#FF9843,#FFDD95,#86A7FC,#3468C0,#000000
"Neon Nights","Warm / Cozy",#D9EDBF,#FFB996,#FFCF81,#FDFFAB,#000000
"Summer Vibes","Light Mode",#332941,#3B3486,#864AF9,#F8E559,#FFFFFF
"Tech Storm","Minimal / Clean",#FAEF9B,#F6D776,#6DA4AA,#647D87,#000000
"Velvet Pulse","Dark Mode",#1D2B53,#7E2553,#FF004D,#FAEF5D,#FFFFFF
"Crystal Frost","Light Mode",#80BCBD,#AAD9BB,#D5F0C1,#F9F7C9,#000000
"Midnight Core","Pastel / Soft",#DCF2F1,#7FC7D9,#365486,#0F1035,#000000
"Spring Horizon","Neon / Cyberpunk",#2D3250,#424769,#7077A1,#F6B17A,#FFFFFF
"Cosmic Echo","Dark Mode",#43766C,#F8FAE5,#B19470,#76453B,#FFFFFF
"Tech Storm","Dark Mode",#92C7CF,#AAD7D9,#FBF9F1,#E5E1DA,#000000
"Spring Frost","Neon / Cyberpunk",#3D3B40,#525CEB,#BFCFE7,#F8EDFF,#FFFFFF
"Sunset Dream","Minimal / Clean",#FFE7C1,#F3CCF3,#E9A8F2,#DC84F3,#000000
"Cyber Glow","Pastel / Soft",#FFFFEC,#F1E4C3,#C6A969,#597E52,#000000
"Silver Breeze","Minimal / Clean",#EEF5FF,#B4D4FF,#86B6F6,#176B87,#000000
"Summer Glow","Bold / Artistic",#11009E,#4942E4,#E6B9DE,#FAE7F3,#FFFFFF
"Retro Dusk","Dark Mode",#4F6F52,#739072,#86A789,#D2E3C8,#FFFFFF
"Shadow Flux","Bold / Artistic",#F2AFEF,#C499F3,#7360DF,#33186B,#000000
"Azure Nights","Neon / Cyberpunk",#11235A,#596FB7,#C6CF9B,#F6ECA9,#FFFFFF
"Shadow Realm","Cool / Fresh",#756AB6,#AC87C5,#E0AED0,#FFE5E5,#FFFFFF
"Cosmic Flux","Neon / Cyberpunk",#7BD3EA,#A1EEBD,#F6F7C4,#F6D6D6,#000000
"Winter Realm","Corporate / Tech",#7D0A0A,#BF3131,#EAD196,#F3EDC8,#FFFFFF
"Summer Flux","Bold / Artistic",#52D3D8,#3887BE,#38419D,#200E3A,#000000
"Ocean Flux","Light Mode",#5F8670,#FF9800,#B80000,#820300,#FFFFFF
"Cosmic Shift","Minimal / Clean",#392467,#5D3587,#A367B1,#FFD1E3,#FFFFFF
"Desert Realm","Pastel / Soft",#C3E2C2,#EAECCC,#DBCC95,#CD8D7A,#000000
"Tech Dawn","Minimal / Clean",#FFECD6,#4CB9E7,#3559E0,#0F2167,#000000
"Sunset Wave","Dark Mode",#607274,#FAEED1,#DED0B6,#B2A59B,#FFFFFF
"Summer Realm","Neon / Cyberpunk",#5F0F40,#FB8B24,#E36414,#9A031E,#FFFFFF
"Crimson Dream","Light Mode",#163020,#304D30,#B6C4B6,#EEF0E5,#FFFFFF
"Tech Realm","Pastel / Soft",#F3F8FF,#E26EE5,#7E30E1,#49108B,#000000
"Retro Shift","Neon / Cyberpunk",#88AB8E,#AFC8AD,#EEE7DA,#F2F1EB,#000000
"Midnight Flare","Minimal / Clean",#FFB534,#FBF6EE,#C1F2B0,#65B741,#000000
"Cyber Flare","Dark Mode",#711DB0,#C21292,#EF4040,#FFA732,#FFFFFF
"Cosmic Echo","Corporate / Tech",#9BB8CD,#FFF7D4,#EEC759,#B1C381,#000000
"Winter Dream","Dark Mode",#092635,#1B4242,#5C8374,#9EC8B9,#FFFFFF
"Winter Glow","Pastel / Soft",#FFF78A,#FFE382,#FFC47E,#FFAD84,#000000
"Vintage Dream","Pastel / Soft",#FF90BC,#FFC0D9,#F9F9E0,#8ACDD7,#000000
"Retro Frost","Minimal / Clean",#527853,#F9E8D9,#F7B787,#EE7214,#FFFFFF
"Cyber Core","Dark Mode",#191919,#750E21,#E3651D,#BED754,#FFFFFF
"Crimson Wave","Bold / Artistic",#637E76,#C69774,#F8DFD4,#FFEFE8,#FFFFFF
"Forest Storm","Dark Mode",#DF826C,#F8FFD2,#D0F288,#8ADAB2,#000000
"Cyber Wave","Dark Mode",#161A30,#31304D,#B6BBC4,#F0ECE5,#FFFFFF
"Sunset Vibes","Earth / Nature",#FFF5C2,#F4F27E,#6DB9EF,#3081D0,#000000
"Tech Storm","Warm / Cozy",#FED9ED,#E7BCDE,#BB9CC0,#67729D,#000000
"Crystal Dream","Warm / Cozy",#C5FFF8,#96EFFF,#5FBDFF,#7B66FF,#000000
"Tech Horizon","Earth / Nature",#FDF7E4,#FAEED1,#DED0B6,#BBAB8C,#000000
"Silver Spark","Warm / Cozy",#6B240C,#994D1C,#E48F45,#F5CCA0,#FFFFFF
"Tech Pulse","Corporate / Tech",#5F6F52,#A9B388,#FEFAE0,#B99470,#FFFFFF
"Sunset Glow","Earth / Nature",#2B2A4C,#B31312,#EA906C,#EEE2DE,#FFFFFF
"Emerald Flare","Bold / Artistic",#7ED7C1,#F0DBAF,#DC8686,#B06161,#000000
"Silver Flux","Earth / Nature",#ECF4D6,#9AD0C2,#2D9596,#265073,#000000
"Ocean Storm","Dark Mode",#FF8F8F,#EEF296,#9ADE7B,#508D69,#000000
"Golden Realm","Corporate / Tech",#7071E8,#C683D7,#ED9ED6,#FFC7C7,#FFFFFF
"Crystal Frost","Light Mode",#EEF5FF,#9EB8D9,#7C93C3,#A25772,#000000
"Azure Spark","Light Mode",#0766AD,#29ADB2,#C5E898,#F3F3F3,#FFFFFF
"Cosmic Glow","Corporate / Tech",#FFC5C5,#FFEBD8,#C7DCA7,#89B9AD,#000000
"Forest Storm","Minimal / Clean",#000000,#F4DFC8,#F4EAE0,#FAF6F0,#FFFFFF
"Vintage Wave","Pastel / Soft",#860A35,#AF2655,#A3B763,#F3F3F3,#FFFFFF
"Neon Shift","Dark Mode",#83A2FF,#B4BDFF,#FFE3BB,#FFD28F,#000000
"Ocean Core","Earth / Nature",#22092C,#872341,#BE3144,#F05941,#FFFFFF
"Midnight Glow","Pastel / Soft",#001B79,#1640D6,#ED5AB3,#FF90C2,#FFFFFF
"Forest Storm","Warm / Cozy",#EC8F5E,#F3B664,#F1EB90,#9FBB73,#000000
"Silver Spark","Neon / Cyberpunk",#F3EEEA,#EBE3D5,#B0A695,#776B5D,#000000
"Azure Wave","Warm / Cozy",#F2FFE9,#A6CF98,#557C55,#FA7070,#000000
"Forest Dream","Cool / Fresh",#F1EAFF,#E5D4FF,#DCBFFF,#D0A2F7,#000000
"Autumn Glow","Corporate / Tech",#363062,#435585,#818FB4,#F5E8C7,#FFFFFF
"Emerald Realm","Bold / Artistic",#E0F4FF,#87C4FF,#39A7FF,#FFEED9,#000000
"Crimson Shift","Dark Mode",#2B3499,#FF6C22,#FF9209,#FFD099,#FFFFFF
"Spring Echo","Minimal / Clean",#164863,#427D9D,#9BBEC8,#DDF2FD,#FFFFFF
"Desert Pulse","Light Mode",#61A3BA,#FFFFDD,#D2DE32,#A2C579,#000000
"Velvet Wave","Light Mode",#FFFBF5,#F7EFE5,#C3ACD0,#7743DB,#000000
"Forest Glow","Minimal / Clean",#A9A9A9,#FECDA6,#FF9130,#FF5B22,#000000
"Neon Dream","Bold / Artistic",#ECE3CE,#739072,#4F6F52,#3A4D39,#000000
"Shadow Horizon","Corporate / Tech",#706233,#B0926A,#E1C78F,#FAE7C9,#FFFFFF
"Royal Shift","Earth / Nature",#0C356A,#0174BE,#FFC436,#FFF0CE,#FFFFFF
"Cyber Shift","Earth / Nature",#86A789,#B2C8BA,#D2E3C8,#EBF3E8,#000000
"Ocean Wave","Dark Mode",#3D30A2,#B15EFF,#FFA33C,#FFFB73,#FFFFFF
"Cyber Dusk","Warm / Cozy",#FCF5ED,#F4BF96,#CE5A67,#1F1717,#000000
"Shadow Dream","Dark Mode",#00A9FF,#89CFF3,#A0E9FF,#CDF5FD,#000000
"Golden Spark","Pastel / Soft",#F875AA,#FFDFDF,#FFF6F6,#AEDEFC,#000000
"Autumn Vibes","Bold / Artistic",#190482,#7752FE,#8E8FFA,#C2D9FF,#FFFFFF
"Midnight Dawn","Dark Mode",#ED7D31,#6C5F5B,#4F4A45,#F6F1EE,#000000
"Forest Aura","Neon / Cyberpunk",#F5F7F8,#F4CE14,#495E57,#45474B,#000000
"Ocean Flare","Corporate / Tech",#F9B572,#99B080,#748E63,#FAF8ED,#000000
"Winter Flare","Minimal / Clean",#DADDB1,#B3A492,#BFB29E,#D6C7AE,#000000
"Golden Nights","Cool / Fresh",#192655,#3876BF,#E1AA74,#F3F0CA,#FFFFFF
"Retro Flare","Neon / Cyberpunk",#A7D397,#F5EEC8,#D0D4CA,#555843,#000000
"Ocean Dream","Bold / Artistic",#FBECB2,#F8BDEB,#5272F2,#072541,#000000
"Forest Wave","Light Mode",#D6D46D,#F4DFB6,#DE8F5F,#9A4444,#000000
"Midnight Glow","Warm / Cozy",#B6FFFA,#98E4FF,#80B3FF,#687EFF,#000000
"Sunset Core","Cool / Fresh",#610C9F,#940B92,#DA0C81,#E95793,#FFFFFF
"Forest Horizon","Neon / Cyberpunk",#363062,#4D4C7D,#F99417,#F5F5F5,#FFFFFF
"Cosmic Horizon","Pastel / Soft",#BEADFA,#D0BFFF,#DFCCFB,#FFF8C9,#000000
"Autumn Glow","Neon / Cyberpunk",#0F0F0F,#232D3F,#005B41,#008170,#FFFFFF
"Emerald Nights","Minimal / Clean",#0802A3,#FF4B91,#FF7676,#FFCD4B,#FFFFFF
"Shadow Frost","Neon / Cyberpunk",#FF8080,#FFCF96,#F6FDC3,#CDFAD5,#000000
"Royal Wave","Light Mode",#CD5C08,#F5E8B7,#C1D8C3,#6A9C89,#FFFFFF
"Cosmic Aura","Cool / Fresh",#04364A,#176B87,#64CCC5,#DAFFFB,#FFFFFF
"Tech Echo","Bold / Artistic",#132043,#1F4172,#F1B4BB,#FDF0F0,#FFFFFF
"Velvet Pulse","Pastel / Soft",#362FD9,#1AACAC,#2E97A7,#EEEEEE,#FFFFFF
"Neon Echo","Minimal / Clean",#5D12D2,#B931FC,#FF6AC2,#FFE5E5,#FFFFFF
"Crimson Realm","Light Mode",#FFF2D8,#EAD7BB,#BCA37F,#113946,#000000
"Cyber Glow","Warm / Cozy",#001524,#445D48,#D6CC99,#FDE5D4,#FFFFFF
"Crystal Echo","Light Mode",#186F65,#B5CB99,#FCE09B,#B2533E,#FFFFFF
"Golden Glow","Pastel / Soft",#FFE4D6,#FACBEA,#D988B9,#B0578D,#000000
"Pastel Shift","Warm / Cozy",#D2E0FB,#F9F3CC,#D7E5CA,#8EACCD,#000000
"Forest Shift","Pastel / Soft",#6499E9,#9EDDFF,#A6F6FF,#BEFFF7,#000000
"Neon Horizon","Pastel / Soft",#2E4374,#4B527E,#7C81AD,#E5C3A6,#FFFFFF
"Winter Echo","Pastel / Soft",#FFF5E0,#FF6969,#C70039,#141E46,#000000
"Pastel Storm","Light Mode",#12486B,#419197,#78D6C6,#F5FCCD,#FFFFFF
"Neon Realm","Bold / Artistic",#219C90,#E9B824,#EE9322,#D83F31,#FFFFFF
"Ocean Spark","Earth / Nature",#618264,#79AC78,#B0D9B1,#D0E7D2,#FFFFFF
"Crystal Vibes","Minimal / Clean",#FAF2D3,#F4E869,#3085C3,#5CD2E6,#000000
"Winter Dawn","Minimal / Clean",#5B0888,#713ABE,#9D76C1,#E5CFF7,#FFFFFF
"Cosmic Core","Bold / Artistic",#3D0C11,#D80032,#F78CA2,#F9DEC9,#FFFFFF
"Neon Dream","Warm / Cozy",#F1EFEF,#CCC8AA,#7D7C7C,#191717,#000000
"Silver Realm","Corporate / Tech",#EBE4D1,#B4B4B3,#26577C,#E55604,#000000
"Summer Pulse","Cool / Fresh",#004225,#F5F5DC,#FFB000,#FFCF9D,#FFFFFF
"Ocean Flare","Bold / Artistic",#071952,#088395,#35A29F,#F2F7A1,#FFFFFF
"Ocean Storm","Corporate / Tech",#ECEE81,#8DDFCB,#82A0D8,#EDB7ED,#000000
"Crimson Core","Warm / Cozy",#FFCC70,#FFFADD,#8ECDDD,#22668D,#000000
"Shadow Echo","Cool / Fresh",#451952,#662549,#AE445A,#F39F5A,#FFFFFF
"Golden Nights","Neon / Cyberpunk",#F8F0E5,#EADBC8,#DAC0A3,#0F2C59,#000000
"Tech Breeze","Neon / Cyberpunk",#F0F0F0,#213555,#4F709C,#E5D283,#000000
"Neon Dream","Neon / Cyberpunk",#57375D,#FF3FA4,#FF9B82,#FFC8C8,#FFFFFF
"Summer Core","Bold / Artistic",#27005D,#9400FF,#AED2FF,#E4F1FF,#FFFFFF
"Autumn Storm","Light Mode",#FFA1F5,#BC7AF9,#F8FF95,#A6FF96,#000000
"Emerald Shift","Pastel / Soft",#EF9595,#EFB495,#EFD595,#EBEF95,#000000
"Golden Dusk","Light Mode",#053B50,#176B87,#64CCC5,#EEEEEE,#FFFFFF
"Summer Wave","Corporate / Tech",#016A70,#FFFFDD,#D2DE32,#A2C579,#FFFFFF
"Summer Realm","Neon / Cyberpunk",#952323,#A73121,#DAD4B5,#F2E8C6,#FFFFFF
"Ocean Spark","Bold / Artistic",#FFBB5C,#FF9B50,#E25E3E,#C63D2F,#000000
"Crimson Flux","Minimal / Clean",#0E21A0,#4D2DB7,#9D44C0,#EC53B0,#FFFFFF
"Vintage Echo","Minimal / Clean",#94A684,#AEC3AE,#E4E4D0,#FFEEF4,#000000
"Ocean Echo","Light Mode",#45FFCA,#FEFFAC,#FFB6D9,#D67BFF,#000000
"Golden Frost","Cool / Fresh",#9A3B3B,#C08261,#E2C799,#F2ECBE,#FFFFFF
"Vintage Horizon","Bold / Artistic",#FBF0B2,#FFC7EA,#D8B4F8,#CAEDFF,#000000
"Pastel Flare","Minimal / Clean",#96C291,#FFDBAA,#FFB7B7,#F4EEEE,#000000
"Crimson Pulse","Light Mode",#793FDF,#7091F5,#97FFF4,#FFFD8C,#FFFFFF
"Tech Pulse","Neon / Cyberpunk",#040D12,#183D3D,#5C8374,#93B1A6,#FFFFFF
"Cosmic Shift","Bold / Artistic",#FAF1E4,#CEDEBD,#9EB384,#435334,#000000
"Velvet Flux","Minimal / Clean",#191D88,#1450A3,#337CCF,#FFC436,#FFFFFF
"Silver Storm","Pastel / Soft",#FFF5E0,#FF6969,#BB2525,#141E46,#000000
"Vintage Breeze","Minimal / Clean",#352F44,#5C5470,#B9B4C7,#FAF0E6,#FFFFFF
"Ocean Realm","Dark Mode",#A8DF8E,#F3FDE8,#FFE5E5,#FFBFBF,#000000
"Spring Glow","Dark Mode",#79155B,#C23373,#F6635C,#FFBA86,#FFFFFF
"Velvet Dusk","Minimal / Clean",#0C356A,#279EFF,#40F8FF,#D5FFD0,#FFFFFF
"Pastel Realm","Bold / Artistic",#EBE76C,#F0B86E,#ED7B7B,#836096,#000000
"Sunset Core","Earth / Nature",#E19898,#A2678A,#4D3C77,#3F1D38,#000000
"Cosmic Storm","Light Mode",#313866,#504099,#974EC3,#FE7BE5,#FFFFFF
"Midnight Storm","Corporate / Tech",#614BC3,#33BBC5,#85E6C5,#C8FFE0,#FFFFFF
"Retro Breeze","Cool / Fresh",#FFF3DA,#DFCCFB,#D0BFFF,#BEADFA,#000000
"Velvet Nights","Pastel / Soft",#96B6C5,#ADC4CE,#EEE0C9,#F1F0E8,#000000
"Cosmic Wave","Earth / Nature",#900C3F,#C70039,#F94C10,#F8DE22,#FFFFFF
"Azure Wave","Minimal / Clean",#F8F0E5,#EADBC8,#DAC0A3,#102C57,#000000
"Autumn Breeze","Neon / Cyberpunk",#252B48,#445069,#5B9A8B,#F7E987,#FFFFFF
"Golden Core","Neon / Cyberpunk",#FFDBC3,#9F91CC,#5C4B99,#3D246C,#000000
"Crystal Vibes","Cool / Fresh",#35155D,#512B81,#4477CE,#8CABFF,#FFFFFF
"Retro Realm","Corporate / Tech",#C8E4B2,#9ED2BE,#7EAA92,#FFD9B7,#000000
"Sunset Nights","Light Mode",#FFC6AC,#FFF6DC,#C4C1A4,#9E9FA5,#000000
"Summer Nights","Earth / Nature",#241468,#9F0D7F,#EA1179,#F79BD3,#FFFFFF
"Forest Dawn","Earth / Nature",#6F61C0,#A084E8,#8BE8E5,#D5FFE4,#FFFFFF
"Desert Aura","Neon / Cyberpunk",#EAC696,#C8AE7D,#765827,#65451F,#000000
"Crystal Glow","Dark Mode",#272829,#61677A,#D8D9DA,#FFF6E0,#FFFFFF
"Golden Flux","Warm / Cozy",#FDE5EC,#FCBAAD,#E48586,#916DB3,#000000
"Tech Dawn","Cool / Fresh",#FFEECC,#FFDDCC,#FFCCCC,#FEBBCC,#000000
"Summer Storm","Dark Mode",#322653,#8062D6,#9288F8,#FFD2D7,#FFFFFF
"Ocean Pulse","Warm / Cozy",#CECE5A,#FFE17B,#FD8D14,#C51605,#000000
"Vintage Wave","Bold / Artistic",#F6F4EB,#91C8E4,#749BC2,#4682A9,#000000
"Golden Spark","Dark Mode",#FBA1B7,#FFD1DA,#FFF0F5,#FFDBAA,#000000
"Summer Flux","Earth / Nature",#E8FFCE,#ACFADF,#94ADD7,#7C73C0,#000000
"Cosmic Core","Bold / Artistic",#F11A7B,#982176,#3E001F,#FFE5AD,#FFFFFF
"Winter Pulse","Earth / Nature",#461959,#7A316F,#CD6688,#AED8CC,#FFFFFF
"Pastel Echo","Bold / Artistic",#6C3428,#BA704F,#DFA878,#CEE6F3,#FFFFFF
"Retro Shift","Dark Mode",#0D1282,#EEEDED,#F0DE36,#D71313,#FFFFFF
"Cyber Frost","Earth / Nature",#F2EE9D,#7A9D54,#557A46,#8C3333,#000000
"Cosmic Glow","Bold / Artistic",#FAF3F0,#D4E2D4,#FFCACC,#DBC4F0,#000000
"Crystal Shift","Earth / Nature",#A1CCD1,#F4F2DE,#E9B384,#7C9D96,#000000
"Spring Vibes","Earth / Nature",#1D5D9B,#75C2F6,#F4D160,#FBEEAC,#FFFFFF
"Shadow Glow","Corporate / Tech",#6528F7,#A076F9,#D7BBF5,#EDE4FF,#FFFFFF
"Silver Glow","Bold / Artistic",#F31559,#FF52A2,#FFB07F,#FFECAF,#FFFFFF
"Forest Wave","Warm / Cozy",#F4E0B9,#A8A196,#7D7463,#FE0000,#000000
"Autumn Horizon","Neon / Cyberpunk",#071952,#0B666A,#35A29F,#97FEED,#FFFFFF
"Desert Spark","Bold / Artistic",#331D2C,#3F2E3E,#A78295,#EFE1D1,#FFFFFF
"Silver Breeze","Bold / Artistic",#FAF0D7,#FFD9C0,#8CC0DE,#CCEEBC,#000000
"Autumn Dusk","Light Mode",#1D5B79,#468B97,#EF6262,#F3AA60,#FFFFFF
"Midnight Realm","Dark Mode",#78C1F3,#9BE8D8,#E2F6CA,#F8FDCF,#000000
"Autumn Dawn","Corporate / Tech",#1A5D1A,#F1C93B,#FBD85D,#FAE392,#FFFFFF
"Midnight Storm","Corporate / Tech",#000000,#4E4FEB,#068FFF,#EEEEEE,#FFFFFF
"Velvet Dream","Neon / Cyberpunk",#AAC8A7,#C3EDC0,#E9FFC2,#FDFFAE,#000000
"Golden Flare","Cool / Fresh",#B5C99A,#862B0D,#FFF9C9,#FFC95F,#000000
"Shadow Spark","Pastel / Soft",#4A55A2,#7895CB,#A0BFE0,#C5DFF8,#FFFFFF
"Azure Frost","Cool / Fresh",#FF9B9B,#FFD6A5,#FFFEC4,#CBFFA9,#000000
"Neon Dream","Pastel / Soft",#6527BE,#9681EB,#45CFDD,#A7EDE7,#FFFFFF
"Cyber Glow","Dark Mode",#F5F5F5,#F2EAD3,#DFD7BF,#3F2305,#000000
"Golden Dusk","Minimal / Clean",#FFEADD,#FCAEAE,#FF8989,#FF6666,#000000
"Winter Breeze","Pastel / Soft",#4C4B16,#898121,#E7B10A,#F7F1E5,#FFFFFF
"Desert Frost","Bold / Artistic",#98EECC,#D0F5BE,#FBFFDC,#A4907C,#000000
"Crystal Pulse","Pastel / Soft",#164B60,#1B6B93,#4FC0D0,#A2FF86,#FFFFFF
"Golden Shift","Corporate / Tech",#2D4356,#435B66,#A76F6F,#EAB2A0,#FFFFFF
"Velvet Spark","Neon / Cyberpunk",#FFFAD7,#FFE4A7,#FF90BB,#FF2171,#000000
"Retro Glow","Light Mode",#001C30,#176B87,#64CCC5,#DAFFFB,#FFFFFF
"Crimson Nights","Warm / Cozy",#3AA6B9,#FFD0D0,#FF9EAA,#C1ECE4,#000000
"Shadow Frost","Warm / Cozy",#E7CEA6,#0A6EBD,#5A96E3,#A1C2F1,#000000
"Velvet Echo","Bold / Artistic",#525FE1,#F86F03,#FFA41B,#FFF6F4,#FFFFFF
"Spring Aura","Light Mode",#F1C27B,#FFD89C,#A2CDB0,#85A389,#000000
"Emerald Glow","Dark Mode",#A0C49D,#C4D7B2,#E1ECC8,#F7FFE5,#000000
"Forest Breeze","Minimal / Clean",#213363,#17594A,#8EAC50,#D3D04F,#FFFFFF
"Ocean Glow","Dark Mode",#E966A0,#2B2730,#6554AF,#9575DE,#000000
"Spring Spark","Dark Mode",#FAF0E4,#9BCDD2,#FF8551,#FFDEDE,#000000
"Pastel Storm","Neon / Cyberpunk",#0E2954,#1F6E8C,#2E8A99,#84A7A1,#FFFFFF
"Tech Dusk","Corporate / Tech",#22A699,#F2BE22,#F29727,#F24C3D,#FFFFFF
"Neon Storm","Minimal / Clean",#FF78C4,#E1AEFF,#FFBDF7,#FFECEC,#000000
"Summer Flare","Warm / Cozy",#090580,#46458C,#E8A9A9,#F4D3D3,#FFFFFF
"Cyber Flux","Corporate / Tech",#9AC5F4,#99DBF5,#A7ECEE,#FFEEBB,#000000
"Desert Storm","Cool / Fresh",#606C5D,#FFF4F4,#F7E6C4,#F1C376,#FFFFFF
"Neon Spark","Dark Mode",#EEE2DE,#EA906C,#B31312,#2B2A4C,#000000
"Emerald Shift","Cool / Fresh",#C2DEDC,#ECE5C7,#CDC2AE,#116A7B,#000000
"Vintage Wave","Dark Mode",#E4A5FF,#FFAAC9,#FFCDA8,#FFE7CE,#000000
"Midnight Horizon","Corporate / Tech",#F5EFE7,#D8C4B6,#4F709C,#213555,#000000
"Summer Nights","Light Mode",#40128B,#9336B4,#DD58D6,#FFE79B,#FFFFFF
"Neon Dawn","Dark Mode",#FCE9F1,#F1D4E5,#73BBC9,#080202,#000000
"Golden Flare","Cool / Fresh",#0079FF,#00DFA2,#F6FA70,#FF0060,#FFFFFF
"Winter Aura","Pastel / Soft",#884A39,#C38154,#FFC26F,#F9E0BB,#FFFFFF
"Tech Dawn","Corporate / Tech",#9BABB8,#EEE3CB,#D7C0AE,#967E76,#000000
"Royal Spark","Corporate / Tech",#9376E0,#E893CF,#F3BCC8,#F6FFA6,#000000
"Summer Horizon","Bold / Artistic",#30A2FF,#00C4FF,#FFE7A0,#FFF5B8,#000000
"Autumn Nights","Corporate / Tech",#11009E,#4942E4,#8696FE,#C4B0FF,#FFFFFF
"Ocean Storm","Dark Mode",#116D6E,#321E1E,#4E3636,#CD1818,#FFFFFF
"Summer Storm","Warm / Cozy",#F2D8D8,#5C8984,#545B77,#374259,#000000
"Sunset Spark","Cool / Fresh",#ECF8F9,#068DA9,#7E1717,#E55807,#000000
"Vintage Pulse","Dark Mode",#F9F5F6,#F8E8EE,#FDCEDF,#F2BED1,#000000
"Crimson Shift","Pastel / Soft",#27374D,#526D82,#9DB2BF,#DDE6ED,#FFFFFF
"Spring Wave","Corporate / Tech",#B70404,#DB005B,#F79327,#FFE569,#FFFFFF
"Azure Breeze","Light Mode",#47A992,#482121,#7A3E3E,#EEEEEE,#000000
"Spring Storm","Warm / Cozy",#79E0EE,#98EECC,#D0F5BE,#FBFFDC,#000000
"Emerald Pulse","Light Mode",#025464,#E57C23,#E8AA42,#F8F1F1,#FFFFFF
"Desert Vibes","Warm / Cozy",#C4DFDF,#D2E9E9,#E3F4F4,#F8F6F4,#000000
"Silver Flux","Bold / Artistic",#B799FF,#ACBCFF,#AEE2FF,#E6FFFD,#000000
"Golden Wave","Neon / Cyberpunk",#FFB84C,#F266AB,#A459D1,#2CD3E1,#000000
"Cyber Dusk","Pastel / Soft",#F5F0BB,#DBDFAA,#B3C890,#73A9AD,#000000
"Shadow Vibes","Minimal / Clean",#643843,#99627A,#C88EA7,#E7CBCB,#FFFFFF
"Sunset Frost","Pastel / Soft",#4C4C6D,#1B9C85,#E8F6EF,#FFE194,#FFFFFF
"Desert Breeze","Corporate / Tech",#F9FBE7,#F0EDD4,#ECCDB4,#FEA1A1,#000000
"Winter Nights","Minimal / Clean",#537188,#CBB279,#E1D4BB,#EEEEEE,#FFFFFF
"Azure Dream","Dark Mode",#FFFAF4,#D25380,#E08E6D,#F6C391,#000000
"Silver Realm","Minimal / Clean",#0C134F,#1D267D,#5C469C,#D4ADFC,#FFFFFF
"Desert Pulse","Neon / Cyberpunk",#99A98F,#C1D0B5,#D6E8DB,#FFF8DE,#000000
"Tech Breeze","Cool / Fresh",#FF55BB,#FFD3A3,#FCFFB2,#B6EAFA,#000000
"Tech Spark","Bold / Artistic",#E5F9DB,#A0D8B3,#A2A378,#83764F,#000000
"Velvet Flux","Minimal / Clean",#FFF7D4,#FFD95A,#C07F00,#4C3D3D,#000000
"Midnight Shift","Light Mode",#F99B7D,#E76161,#B04759,#8BACAA,#000000
"Golden Pulse","Dark Mode",#FEFF86,#B0DAFF,#19A7CE,#146C94,#000000
"Tech Echo","Cool / Fresh",#8294C4,#ACB1D6,#DBDFEA,#FFEAD2,#000000
"Shadow Pulse","Light Mode",#F6F1F1,#AFD3E2,#19A7CE,#146C94,#000000
"Forest Core","Corporate / Tech",#BE5A83,#E06469,#F2B6A0,#DEDEA7,#FFFFFF
"Tech Aura","Earth / Nature",#FFF8D6,#F7E1AE,#A4D0A4,#617A55,#000000
"Velvet Aura","Warm / Cozy",#F6FFDE,#E3F2C1,#C9DBB2,#AAC8A7,#000000
"Velvet Dusk","Neon / Cyberpunk",#8B1874,#B71375,#FC4F00,#F79540,#FFFFFF
"Midnight Frost","Neon / Cyberpunk",#9E6F21,#FFEEB3,#B8E7E1,#D4FAFC,#FFFFFF
"Forest Horizon","Bold / Artistic",#F1F6F9,#394867,#212A3E,#9BA4B5,#000000
"Shadow Breeze","Neon / Cyberpunk",#654E92,#6C9BCF,#A5C0DD,#EBD8B2,#FFFFFF
"Retro Nights","Warm / Cozy",#F97B22,#FEE8B0,#9CA777,#7C9070,#000000
"Sunset Dream","Neon / Cyberpunk",#5F264A,#643A6B,#957777,#B0A4A4,#FFFFFF
"Ocean Shift","Corporate / Tech",#A6D0DD,#FF6969,#FFD3B0,#FFF9DE,#000000
"Spring Storm","Bold / Artistic",#FFDCB6,#ECC9EE,#C9A7EB,#9384D1,#000000
"Cosmic Realm","Dark Mode",#0A4D68,#088395,#05BFDB,#00FFCA,#FFFFFF
"Sunset Flux","Bold / Artistic",#FFEBEB,#ADE4DB,#6DA9E4,#F6BA6F,#000000
"Shadow Shift","Dark Mode",#2A2F4F,#917FB3,#E5BEEC,#FDE2F3,#FFFFFF
"Velvet Realm","Warm / Cozy",#FF6D60,#F7D060,#F3E99F,#98D8AA,#000000
"Midnight Storm","Corporate / Tech",#BFCCB5,#7C96AB,#B7B7B7,#EDC6B1,#000000
"Spring Echo","Earth / Nature",#3C486B,#F0F0F0,#F9D949,#F45050,#FFFFFF
"Silver Dream","Warm / Cozy",#B9EDDD,#87CBB9,#569DAA,#577D86,#000000
"Golden Shift","Pastel / Soft",#F2E3DB,#41644A,#263A29,#E86A33,#000000
"Vintage Dusk","Bold / Artistic",#D14D72,#FFABAB,#FCC8D1,#FEF2F4,#FFFFFF
"Royal Dawn","Minimal / Clean",#070A52,#D21312,#ED2B2A,#F15A59,#FFFFFF
"Summer Realm","Bold / Artistic",#393646,#4F4557,#6D5D6E,#F4EEE0,#FFFFFF
"Summer Flare","Dark Mode",#FFF3E2,#FFE5CA,#FA9884,#E74646,#000000
"Sunset Core","Cool / Fresh",#F9E2AF,#009FBD,#210062,#77037B,#000000
"Shadow Flare","Earth / Nature",#FDF4F5,#E8A0BF,#BA90C6,#C0DBEA,#000000
"Forest Wave","Bold / Artistic",#454545,#FF6000,#FFA559,#FFE6C7,#FFFFFF
"Ocean Flux","Neon / Cyberpunk",#DDFFBB,#C7E9B0,#B3C99C,#A4BC92,#000000
"Azure Core","Dark Mode",#F6F1E9,#FFD93D,#FF8400,#4F200D,#000000
"Crystal Glow","Earth / Nature",#89375F,#CE5959,#BACDDB,#F3E8FF,#FFFFFF
"Ocean Glow","Earth / Nature",#F5F3C1,#27E1C1,#0EA293,#2F0F5D,#000000
"Retro Glow","Corporate / Tech",#0B2447,#19376D,#576CBC,#A5D7E8,#FFFFFF
"Velvet Dusk","Pastel / Soft",#FEFF86,#B0DAFF,#B9E9FC,#DAF5FF,#000000
"Retro Dream","Cool / Fresh",#B2A4FF,#FFB4B4,#FFDEB4,#FDF7C3,#000000
"Neon Dream","Dark Mode",#A9907E,#F3DEBA,#ABC4AA,#675D50,#000000
"Summer Storm","Warm / Cozy",#57C5B6,#159895,#1A5F7A,#002B5B,#000000
"Winter Pulse","Dark Mode",#000000,#262A56,#B8621B,#E3CCAE,#FFFFFF
"Pastel Flux","Dark Mode",#7AA874,#F7DB6A,#EBB02D,#D864A9,#000000
"Pastel Shift","Corporate / Tech",#9A208C,#E11299,#FFEAEA,#F5C6EC,#FFFFFF
"Velvet Dusk","Light Mode",#7149C6,#FC2947,#FE6244,#FFDEB9,#FFFFFF
"Sunset Wave","Light Mode",#FFF2CC,#FFD966,#F4B183,#DFA67B,#000000
"Royal Breeze","Minimal / Clean",#245953,#408E91,#E49393,#D8D8D8,#FFFFFF
"Shadow Dawn","Bold / Artistic",#867070,#D5B4B4,#E4D0D0,#F5EBEB,#FFFFFF
"Pastel Storm","Pastel / Soft",#FFF4E0,#FFBF9B,#B46060,#4D4D4D,#000000
"Royal Breeze","Light Mode",#F9F5EB,#E4DCCF,#EA5455,#002B5B,#000000
"Tech Aura","Pastel / Soft",#F6F1F1,#19A7CE,#146C94,#000000,#000000
"Emerald Pulse","Pastel / Soft",#BBD6B8,#AEC2B6,#94AF9F,#DBE4C6,#000000
"Summer Breeze","Earth / Nature",#2D2727,#413543,#8F43EE,#F0EB8D,#FFFFFF
"Sunset Shift","Warm / Cozy",#00235B,#E21818,#FFDD83,#98DFD6,#FFFFFF
"Summer Dusk","Bold / Artistic",#CCD5AE,#E9EDC9,#FEFAE0,#FAEDCD,#000000
"Ocean Aura","Light Mode",#AA77FF,#C9EEFF,#97DEFF,#62CDFF,#000000
"Ocean Dusk","Light Mode",#37306B,#66347F,#9E4784,#D27685,#FFFFFF
"Shadow Dawn","Bold / Artistic",#8D7B68,#A4907C,#C8B6A6,#F1DEC9,#FFFFFF
"Shadow Wave","Light Mode",#FFACAC,#FFBFA9,#FFEBB4,#FBFFB1,#000000
"Neon Dusk","Light Mode",#EDE9D5,#E7AB9A,#DF7857,#617143,#000000
"Spring Pulse","Earth / Nature",#2C3333,#2E4F4F,#0E8388,#CBE4DE,#FFFFFF
"Silver Pulse","Warm / Cozy",#539165,#3F497F,#F7C04A,#F8F5E4,#FFFFFF
"Shadow Realm","Neon / Cyberpunk",#DF2E38,#DDF7E3,#C7E8CA,#5D9C59,#FFFFFF
"Autumn Flare","Dark Mode",#F6E1C3,#E9A178,#A84448,#7A3E65,#000000
"Spring Spark","Neon / Cyberpunk",#ECF2FF,#3E54AC,#655DBB,#BFACE2,#000000
"Emerald Echo","Light Mode",#F7F1E5,#E7B10A,#898121,#4C4B16,#000000
"Crimson Wave","Earth / Nature",#804674,#A86464,#B3E5BE,#F5FFC9,#FFFFFF
"Cosmic Shift","Light Mode",#4E6E81,#F9DBBB,#FF0303,#2E3840,#FFFFFF
"Desert Dawn","Dark Mode",#BE6DB7,#FDD36A,#DC8449,#C04A82,#000000
"Summer Flux","Neon / Cyberpunk",#EDF1D6,#9DC08B,#609966,#40513B,#000000
"Winter Aura","Light Mode",#191825,#865DFF,#E384FF,#FFA3FD,#FFFFFF
"Golden Breeze","Light Mode",#3A1078,#4E31AA,#2F58CD,#3795BD,#FFFFFF
"Azure Realm","Cool / Fresh",#3A98B9,#FFF1DC,#E8D5C4,#EEEEEE,#FFFFFF
"Ocean Breeze","Bold / Artistic",#F7C8E0,#DFFFD8,#B4E4FF,#95BDFF,#000000
"Azure Breeze","Neon / Cyberpunk",#2B3467,#BAD7E9,#FCFFE7,#EB455F,#FFFFFF
"Sunset Dusk","Warm / Cozy",#F5EAEA,#FFB84C,#F16767,#A459D1,#000000
"Summer Flare","Neon / Cyberpunk",#4D455D,#E96479,#F5E9CF,#7DB9B6,#FFFFFF
"Retro Realm","Bold / Artistic",#AD7BE9,#3E54AC,#BFDCE5,#EEEEEE,#000000
"Winter Core","Neon / Cyberpunk",#FEFBE9,#E1EEDD,#F0A04B,#183A1D,#000000
"Azure Breeze","Light Mode",#ECF2FF,#E3DFFD,#E5D1FA,#FFF4D2,#000000
"Neon Flux","Dark Mode",#635985,#443C68,#393053,#18122B,#FFFFFF
"Autumn Glow","Minimal / Clean",#060047,#B3005E,#E90064,#FF5F9E,#FFFFFF
"Golden Flux","Dark Mode",#181823,#537FE7,#C0EEF2,#E9F8F9,#FFFFFF
"Spring Dawn","Neon / Cyberpunk",#B9F3E4,#EA8FEA,#FFAACF,#F6E6C2,#000000
"Emerald Dream","Neon / Cyberpunk",#F6F7C1,#BEF0CB,#D1FFF3,#C1AEFC,#000000
"Ocean Spark","Cool / Fresh",#F0EEED,#609EA2,#C92C6D,#332C39,#000000
"Desert Glow","Warm / Cozy",#000000,#0F6292,#16FF00,#FFED00,#FFFFFF
"Forest Glow","Earth / Nature",#F9F54B,#8BF5FA,#3F979B,#205E61,#000000
"Pastel Vibes","Minimal / Clean",#362FD9,#3C84AB,#85CDFD,#DEFCF9,#FFFFFF
"Crystal Wave","Cool / Fresh",#B5F1CC,#E5FDD1,#C9F4AA,#FCC2FC,#000000
"Crystal Dusk","Corporate / Tech",#6096B4,#93BFCF,#BDCDD6,#EEE9DA,#000000
"Sunset Core","Dark Mode",#A7727D,#EDDBC7,#F8EAD8,#F9F5E7,#000000
"Silver Dream","Bold / Artistic",#698269,#B99B6B,#F1DBBF,#AA5656,#FFFFFF
"Velvet Frost","Corporate / Tech",#20262E,#913175,#CD5888,#E9E8E8,#FFFFFF
"Neon Dream","Minimal / Clean",#ECF9FF,#FFFBEB,#FFE7CC,#F8CBA6,#000000
"Crimson Vibes","Cool / Fresh",#D61355,#F94A29,#FCE22A,#30E3DF,#FFFFFF
"Silver Glow","Dark Mode",#5D3891,#F99417,#E8E2E2,#F5F5F5,#FFFFFF
"Pastel Flux","Dark Mode",#F2CD5C,#F2921D,#A61F69,#400E32,#000000
"Velvet Realm","Neon / Cyberpunk",#AAE3E2,#D9ACF5,#FFCEFE,#FDEBED,#000000
"Tech Core","Dark Mode",#645CBB,#A084DC,#BFACE2,#EBC7E6,#FFFFFF
"Pastel Dawn","Bold / Artistic",#FFFBF5,#F7EFE5,#C3ACD0,#674188,#000000
"Velvet Vibes","Corporate / Tech",#00425A,#1F8A70,#BFDB38,#FC7300,#FFFFFF
"Ocean Core","Neon / Cyberpunk",#B9F3FC,#AEE2FF,#93C6E7,#FEDEFF,#000000
"Winter Aura","Warm / Cozy",#03001C,#301E67,#5B8FB9,#B6EADA,#FFFFFF
"Crimson Shift","Pastel / Soft",#86A3B8,#E8D2A6,#F48484,#F55050,#000000
"Summer Shift","Light Mode",#7286D3,#8EA7E9,#E5E0FF,#FFF2F2,#000000
"Desert Echo","Corporate / Tech",#FFD4D4,#FFFFE8,#CDE990,#AACB73,#000000
"Desert Dream","Minimal / Clean",#84D2C5,#E4C988,#C27664,#B05A7A,#000000
"Ocean Horizon","Light Mode",#567189,#7B8FA1,#CFB997,#FAD6A5,#FFFFFF
"Autumn Horizon","Pastel / Soft",#658864,#B7B78A,#DDDDDD,#EEEEEE,#FFFFFF
"Silver Pulse","Minimal / Clean",#FFEA20,#8DCBE6,#9DF1DF,#E3F6FF,#000000
"Pastel Vibes","Cool / Fresh",#13005A,#00337C,#1C82AD,#03C988,#FFFFFF
"Cyber Spark","Cool / Fresh",#FF8B13,#ECECEC,#F273E6,#CF4DCE,#000000
"Azure Realm","Bold / Artistic",#ABC270,#FEC868,#FDA769,#473C33,#000000
"Winter Vibes","Minimal / Clean",#820000,#4E6C50,#F2DEBA,#FAECD6,#FFFFFF
"Winter Dawn","Dark Mode",#0081B4,#FAD3E7,#EFA3C8,#F4D9E7,#FFFFFF
"Crystal Spark","Bold / Artistic",#A75D5D,#D3756B,#F0997D,#FFC3A1,#FFFFFF
"Azure Flare","Corporate / Tech",#3D1766,#6F1AB6,#FF0032,#CD0404,#FFFFFF
"Cyber Vibes","Minimal / Clean",#C780FA,#E3ACF9,#FADA9D,#FBF1D3,#000000
"Spring Core","Minimal / Clean",#39B5E0,#A31ACB,#FF78F0,#F5EA5A,#000000
"Velvet Dawn","Corporate / Tech",#EAC7C7,#A0C3D2,#F7F5EB,#EAE0DA,#000000
"Crystal Nights","Minimal / Clean",#0081C9,#5BC0F8,#86E5FF,#FFC93C,#FFFFFF
"Tech Aura","Warm / Cozy",#FF7B54,#FFB26B,#FFD56F,#939B62,#000000
"Crystal Flux","Earth / Nature",#D7E9B9,#FFFBAC,#FFD495,#FAAB78,#000000
"Summer Horizon","Cool / Fresh",#6C00FF,#3C79F5,#2DCDDF,#F2DEBA,#FFFFFF
"Royal Vibes","Earth / Nature",#B5D5C5,#B08BBB,#ECA869,#F5F5DC,#000000
"Azure Wave","Bold / Artistic",#7B2869,#9D3C72,#C85C8E,#FFBABA,#FFFFFF
"Winter Frost","Dark Mode",#F5EDCE,#89C4E1,#58287F,#1A0000,#000000
"Vintage Spark","Minimal / Clean",#579BB1,#E1D7C6,#ECE8DD,#F8F4EA,#000000
"Cosmic Nights","Corporate / Tech",#FFB100,#FBC252,#F0ECCF,#A3BB98,#000000
"Spring Aura","Pastel / Soft",#3C6255,#61876E,#A6BB8D,#EAE7B1,#FFFFFF
"Golden Vibes","Pastel / Soft",#243763,#FF6E31,#FFEBB7,#AD8E70,#FFFFFF
"Shadow Pulse","Corporate / Tech",#0A2647,#144272,#205295,#2C74B3,#FFFFFF
"Desert Dawn","Bold / Artistic",#FD8A8A,#F1F7B5,#A8D1D1,#9EA1D4,#000000
"Winter Dusk","Dark Mode",#3A4F7A,#FFC6D3,#FEA1BF,#E98EAD,#FFFFFF
"Neon Dream","Cool / Fresh",#82AAE3,#91D8E4,#BFEAF5,#EAFDFC,#000000
"Summer Vibes","Warm / Cozy",#FFD4B2,#FFF6BD,#CEEDC7,#86C8BC,#000000
"Summer Aura","Neon / Cyberpunk",#1A120B,#3C2A21,#D5CEA3,#E5E5CB,#FFFFFF
"Silver Shift","Cool / Fresh",#DC0000,#850000,#FFDB89,#FFF6C3,#FFFFFF
"Spring Dusk","Earth / Nature",#F8EDE3,#DFD3C3,#D0B8A8,#85586F,#000000
"Neon Frost","Light Mode",#ADA2FF,#C0DEFF,#FFE5F1,#FFF8E1,#000000
"Spring Wave","Bold / Artistic",#EB455F,#FCFFE7,#BAD7E9,#2B3467,#FFFFFF
"Tech Flux","Cool / Fresh",#FF597B,#FF8E9E,#F9B5D0,#EEEEEE,#000000
"Velvet Echo","Dark Mode",#1C315E,#227C70,#88A47C,#E6E2C3,#FFFFFF
"Pastel Realm","Earth / Nature",#472183,#4B56D2,#82C3EC,#F1F6F5,#FFFFFF
"Vintage Flare","Bold / Artistic",#FFFFD0,#F3CCFF,#D09CFA,#A555EC,#000000
"Pastel Flare","Minimal / Clean",#F56EB3,#CB1C8D,#7F167F,#460C68,#000000
"Silver Wave","Corporate / Tech",#FAF8F1,#FAEAB1,#E5BA73,#C58940,#000000
"Cosmic Realm","Minimal / Clean",#439A97,#62B6B7,#97DECE,#CBEDD5,#FFFFFF
"Azure Realm","Cool / Fresh",#181D31,#678983,#E6DDC4,#F0E9D2,#FFFFFF
"Azure Frost","Corporate / Tech",#FFFBEB,#495579,#263159,#251749,#000000
"Spring Dream","Pastel / Soft",#CCD6A6,#DAE2B6,#F4EAD5,#FFFBE9,#000000
"Royal Nights","Corporate / Tech",#C0EEE4,#F8F988,#FFCAC8,#FF9E9E,#000000
"Midnight Nights","Light Mode",#453C67,#6D67E4,#46C2CB,#F2F7A1,#FFFFFF
"Midnight Echo","Earth / Nature",#E8F3D6,#FCF9BE,#FFDCA9,#FAAB78,#000000
"Retro Pulse","Corporate / Tech",#2D033B,#810CA8,#C147E9,#E5B8F4,#FFFFFF
"Cosmic Dream","Bold / Artistic",#10A19D,#540375,#FF7000,#FFBF00,#FFFFFF
"Spring Flare","Minimal / Clean",#2B3A55,#CE7777,#E8C4C4,#F2E5E5,#FFFFFF
"Vintage Breeze","Dark Mode",#3F0071,#FB2576,#332FD0,#0002A1,#FFFFFF
"Velvet Breeze","Bold / Artistic",#FEFCF3,#F5EBE0,#F0DBDB,#DBA39A,#000000
"Cosmic Echo","Cool / Fresh",#FED049,#CFFDE1,#68B984,#3D5656,#000000
"Cosmic Realm","Minimal / Clean",#F3EFE0,#434242,#222222,#22A39F,#000000
"Crystal Storm","Dark Mode",#A5F1E9,#7FE9DE,#FFF6BF,#FFEBAD,#000000
"Retro Spark","Dark Mode",#344D67,#6ECCAF,#ADE792,#F3ECB0,#FFFFFF
"Tech Shift","Corporate / Tech",#2A3990,#9C254D,#D23369,#F06292,#FFFFFF
"Azure Realm","Pastel / Soft",#00FFF6,#00E7FF,#009EFF,#0014FF,#000000
"Retro Core","Corporate / Tech",#65647C,#8B7E74,#C7BCA1,#F1D3B3,#FFFFFF
"Crystal Dusk","Dark Mode",#00005C,#3B185F,#C060A1,#F0CAA3,#FFFFFF
"Crystal Core","Minimal / Clean",#E5D9B6,#A4BE7B,#5F8D4E,#285430,#000000
"Shadow Aura","Cool / Fresh",#000000,#282A3A,#735F32,#C69749,#FFFFFF
"Velvet Dream","Minimal / Clean",#863A6F,#975C8D,#D989B5,#FFADBC,#FFFFFF
"Royal Flare","Pastel / Soft",#FFE15D,#F49D1A,#DC3535,#B01E68,#000000
"Vintage Frost","Pastel / Soft",#FBFACD,#DEBACE,#BA94D1,#7F669D,#000000
"Neon Shift","Light Mode",#F5D5AE,#EF9A53,#C539B4,#852999,#000000
"Crystal Dream","Light Mode",#CFF5E7,#A0E4CB,#59C1BD,#0D4C92,#000000
"Azure Breeze","Earth / Nature",#F7A4A4,#FEBE8C,#FFFBC1,#B6E2A1,#000000
"Silver Storm","Earth / Nature",#EFF5F5,#D6E4E5,#497174,#EB6440,#000000
"Autumn Nights","Pastel / Soft",#3B3486,#7743DB,#FFE9B1,#FCFDF2,#FFFFFF
"Velvet Wave","Dark Mode",#557153,#7D8F69,#A9AF7E,#E6E5A3,#FFFFFF
"Emerald Dream","Pastel / Soft",#393E46,#6D9886,#F2E7D5,#F7F7F7,#FFFFFF
"Ocean Frost","Cool / Fresh",#F2DEBA,#FFEFD6,#0E5E6F,#3A8891,#000000
"Ocean Flux","Cool / Fresh",#432C7A,#80489C,#FF8FB1,#FCE2DB,#FFFFFF
"Forest Wave","Neon / Cyberpunk",#E97777,#FF9F9F,#FCDDB0,#FFFAD7,#000000
"Emerald Glow","Light Mode",#DEF5E5,#BCEAD5,#9ED5C5,#8EC3B0,#000000
"Azure Flux","Earth / Nature",#6C4AB6,#8D72E1,#8D9EFF,#B9E0FF,#FFFFFF
"Silver Wave","Cool / Fresh",#404258,#474E68,#50577A,#6B728E,#FFFFFF
"Crystal Echo","Light Mode",#FFE1E1,#90A17D,#829460,#EEEEEE,#000000
"Summer Dawn","Pastel / Soft",#3F3B6C,#624F82,#9F73AB,#A3C7D6,#FFFFFF
"Ocean Echo","Bold / Artistic",#E14D2A,#FD841F,#3E6D9C,#001253,#FFFFFF
"Crystal Aura","Warm / Cozy",#FFB9B9,#FFDDD2,#FFACC7,#FF8DC7,#000000
"Spring Dawn","Dark Mode",#F6F6C9,#BAD1C2,#4FA095,#153462,#000000
"Neon Flux","Warm / Cozy",#61764B,#9BA17B,#CFB997,#FAD6A5,#FFFFFF
"Silver Dream","Corporate / Tech",#F0FF42,#82CD47,#54B435,#379237,#000000
"Crystal Flare","Warm / Cozy",#B3FFAE,#F8FFDB,#FF6464,#FF7D7D,#000000
"Neon Realm","Pastel / Soft",#0008C1,#2146C7,#E6CBA8,#FDF0E0,#FFFFFF
"Velvet Dream","Warm / Cozy",#7DE5ED,#81C6E8,#5DA7DB,#5837D0,#000000
"Cyber Flare","Corporate / Tech",#395144,#4E6C50,#AA8B56,#F0EBCE,#FFFFFF
"Cosmic Flux","Light Mode",#9A1663,#E0144C,#FF5858,#FF97C1,#FFFFFF
"Desert Vibes","Dark Mode",#FF8787,#F8C4B4,#E5EBB2,#BCE29E,#000000
"Midnight Vibes","Pastel / Soft",#000000,#CF0A0A,#DC5F00,#EEEEEE,#FFFFFF
"Sunset Storm","Warm / Cozy",#00ABB3,#3C4048,#B2B2B2,#EAEAEA,#FFFFFF
"Retro Nights","Neon / Cyberpunk",#1D1CE5,#4649FF,#7978FF,#C47AFF,#FFFFFF
"Neon Dusk","Dark Mode",#FDFDBD,#C8FFD4,#B8E8FC,#B1AFFF,#000000
"Summer Glow","Corporate / Tech",#EA047E,#FF6D28,#FCE700,#00F5FF,#FFFFFF
"Royal Aura","Neon / Cyberpunk",#FFF8EA,#9E7676,#815B5B,#594545,#000000
"Crimson Storm","Bold / Artistic",#FAF7F0,#CDFCF6,#BCCEF8,#98A8F8,#000000
"Cosmic Breeze","Dark Mode",#000000,#150050,#3F0071,#FB2576,#FFFFFF
"Emerald Dusk","Minimal / Clean",#425F57,#749F82,#A8E890,#CFFF8D,#FFFFFF
"Cyber Flux","Warm / Cozy",#EDE4E0,#C8DBBE,#9F8772,#665A48,#000000
"Cyber Dusk","Minimal / Clean",#D8D9CF,#EDEDED,#FF8787,#E26868,#000000
"Royal Dusk","Earth / Nature",#FF731D,#FFF7E9,#5F9DF7,#1746A2,#000000
"Crimson Pulse","Warm / Cozy",#3C2317,#628E90,#B4CDE6,#F5EFE6,#FFFFFF
"Crimson Spark","Earth / Nature",#DD5353,#B73E3E,#DBC8AC,#EDDBC0,#FFFFFF
"Velvet Nights","Minimal / Clean",#905E96,#D58BDD,#FF99D7,#FFD372,#FFFFFF
"Crystal Core","Pastel / Soft",#002E94,#083AA9,#E1CEB5,#FFE7CC,#FFFFFF
"Cosmic Storm","Cool / Fresh",#251B37,#372948,#FFCACA,#FFECEF,#FFFFFF
"Shadow Echo","Cool / Fresh",#2192FF,#38E54D,#9CFF2E,#FDFF00,#FFFFFF
"Shadow Flare","Pastel / Soft",#FF577F,#FF884B,#FFD384,#FFF9B0,#000000
"Silver Dusk","Pastel / Soft",#FF74B1,#FFA1CF,#FFD6EC,#A7FFE4,#000000
"Azure Breeze","Cool / Fresh",#06283D,#256D85,#47B5FF,#DFF6FF,#FFFFFF
"Silver Echo","Warm / Cozy",#E1FFB1,#C7F2A4,#B6E388,#FCFFB2,#000000
"Spring Wave","Light Mode",#8BBCCC,#4C6793,#5C2E7E,#000000,#000000
"Forest Pulse","Corporate / Tech",#00FFD1,#31C6D4,#FFFF00,#FF1E1E,#000000
"Pastel Dream","Cool / Fresh",#F8EDE3,#DFD3C3,#D0B8A8,#7D6E83,#000000
"Ocean Vibes","Neon / Cyberpunk",#F96666,#674747,#829460,#EEEEEE,#000000
"Summer Echo","Corporate / Tech",#F5EFE6,#E8DFCA,#AEBDCA,#7895B2,#000000
"Cyber Flux","Earth / Nature",#937DC2,#C689C6,#FFABE1,#FFE6F7,#000000
"Silver Shift","Neon / Cyberpunk",#FFF5E4,#FFE3E1,#FFD1D1,#FF9494,#000000
"Retro Dream","Light Mode",#182747,#562B08,#647E68,#D8D8D8,#FFFFFF
"Silver Aura","Bold / Artistic",#FD841F,#E14D2A,#CD104D,#9C2C77,#000000
"Pastel Nights","Pastel / Soft",#6F38C5,#87A2FB,#ADDDD0,#EEEEEE,#FFFFFF
"Golden Dawn","Minimal / Clean",#FA7070,#FBF2CF,#C6EBC5,#A1C298,#000000
"Ocean Wave","Minimal / Clean",#31E1F7,#400D51,#D800A6,#FF7777,#000000
"Azure Breeze","Neon / Cyberpunk",#FFE9A0,#367E18,#F57328,#CC3636,#000000
"Neon Storm","Earth / Nature",#B1B2FF,#AAC4FF,#D2DAFF,#EEF1FF,#000000
"Royal Nights","Neon / Cyberpunk",#C3F8FF,#ABD9FF,#FFF6BF,#FFEBAD,#000000
"Retro Dream","Bold / Artistic",#181818,#8758FF,#5CB8E4,#F2F2F2,#FFFFFF
"Emerald Dream","Neon / Cyberpunk",#D2001A,#FFDE00,#FFFAE7,#EFEFEF,#FFFFFF
"Cyber Core","Warm / Cozy",#4C0033,#790252,#AF0171,#E80F88,#FFFFFF
"Shadow Storm","Light Mode",#CDF0EA,#F9F9F9,#ECC5FB,#FAF4B7,#000000
"Velvet Dusk","Cool / Fresh",#B7C4CF,#EEE3CB,#D7C0AE,#967E76,#000000
"Vintage Vibes","Warm / Cozy",#25316D,#5F6F94,#97D2EC,#FEF5AC,#FFFFFF
"Crystal Spark","Light Mode",#1C6758,#3D8361,#D6CDA4,#EEF2E6,#FFFFFF
"Forest Realm","Cool / Fresh",#645CAA,#A084CA,#BFACE0,#EBC7E8,#FFFFFF
"Pastel Dawn","Neon / Cyberpunk",#F07DEA,#A460ED,#9FC9F3,#EEEEEE,#000000
"Cosmic Vibes","Earth / Nature",#A7D2CB,#F2D388,#C98474,#874C62,#000000
"Silver Dusk","Corporate / Tech",#7FBCD2,#A5F1E9,#E1FFEE,#FFEEAF,#000000
"Cyber Flare","Earth / Nature",#16213E,#0F3460,#533483,#E94560,#FFFFFF
"Shadow Aura","Neon / Cyberpunk",#F5EDDC,#CFD2CF,#FA9494,#EB1D36,#000000
"Pastel Core","Pastel / Soft",#E3C770,#FECD70,#FFAE6D,#F3E0B5,#000000
"Forest Echo","Cool / Fresh",#FFF5E4,#FFC4C4,#EE6983,#850E35,#000000
"Vintage Echo","Warm / Cozy",#EC7272,#F7A76C,#E0D98C,#C3FF99,#000000
"Golden Horizon","Warm / Cozy",#472D2D,#553939,#704F4F,#A77979,#FFFFFF
"Velvet Breeze","Bold / Artistic",#FDEEDC,#FFD8A9,#F1A661,#E38B29,#000000
"Crimson Dawn","Cool / Fresh",#483838,#42855B,#90B77D,#D2D79F,#FFFFFF
"Cyber Dawn","Corporate / Tech",#B9FFF8,#6FEDD6,#FF9551,#FF4A4A,#000000
"Spring Vibes","Corporate / Tech",#A62349,#D07000,#C55300,#96E5D1,#FFFFFF
"Crystal Shift","Cool / Fresh",#7FB77E,#B1D7B4,#F7F6DC,#FFC090,#000000
"Emerald Flare","Dark Mode",#F94892,#FF7F3F,#FBDF07,#89CFFD,#000000
"Vintage Core","Earth / Nature",#FFF38C,#F0E161,#D9CB50,#C0B236,#000000
"Forest Pulse","Pastel / Soft",#781C68,#319DA0,#FFD39A,#FFF5E1,#FFFFFF
"Velvet Storm","Pastel / Soft",#277BC0,#FFB200,#FFCB42,#FFF4CF,#FFFFFF
"Emerald Echo","Pastel / Soft",#42032C,#D36B00,#E6D2AA,#F1EFDC,#FFFFFF
"Shadow Shift","Warm / Cozy",#293462,#1CD6CE,#FEDB39,#D61C4E,#FFFFFF
"Royal Pulse","Pastel / Soft",#554994,#F675A8,#F29393,#FFCCB3,#FFFFFF
"Forest Vibes","Dark Mode",#AC4425,#224B0C,#C1D5A4,#F0F2B6,#FFFFFF
"Shadow Breeze","Neon / Cyberpunk",#C21010,#E64848,#FFFDE3,#CFE8A9,#FFFFFF
"Summer Frost","Minimal / Clean",#820000,#B9005B,#FF7C7C,#FEE0C0,#FFFFFF
"Spring Spark","Cool / Fresh",#F7ECDE,#E9DAC1,#9ED2C6,#54BAB9,#000000
"Crimson Echo","Dark Mode",#F65A83,#FF87B2,#FFE898,#FFF8BC,#000000
"Shadow Breeze","Warm / Cozy",#FFB3B3,#FFDBA4,#FFE9AE,#C1EFFF,#000000
"Velvet Breeze","Corporate / Tech",#F0EABE,#21E1E1,#3B9AE1,#3120E0,#000000
"Azure Echo","Warm / Cozy",#2A0944,#3FA796,#FEC260,#A10035,#FFFFFF
"Vintage Flare","Warm / Cozy",#002B5B,#2B4865,#256D85,#8FE3CF,#FFFFFF
"Vintage Flux","Warm / Cozy",#FF1E00,#E8F9FD,#59CE8F,#000000,#FFFFFF
"Forest Vibes","Corporate / Tech",#F5E8C7,#ECCCB2,#DEB6AB,#AC7088,#000000
"Tech Breeze","Cool / Fresh",#A66CFF,#9C9EFE,#AFB4FF,#B1E1FF,#000000
"Pastel Horizon","Neon / Cyberpunk",#1C3879,#607EAA,#EAE3D2,#F9F5EB,#FFFFFF
"Summer Nights","Earth / Nature",#100720,#31087B,#FA2FB5,#FFC23C,#FFFFFF
"Royal Breeze","Neon / Cyberpunk",#80558C,#AF7AB3,#CBA0AE,#E4D192,#FFFFFF
"Summer Aura","Light Mode",#FCF8E8,#94B49F,#DF7861,#76549A,#000000
"Retro Dawn","Light Mode",#411530,#D1512D,#F5C7A9,#F5E8E4,#FFFFFF
"Silver Shift","Earth / Nature",#FCE2DB,#FF8FB1,#B270A2,#7A4495,#000000
"Emerald Horizon","Earth / Nature",#B93160,#D75281,#EED180,#FFF89C,#FFFFFF
"Neon Core","Earth / Nature",#EAE509,#7DCE13,#5BB318,#2B7A0B,#000000
"Midnight Dusk","Earth / Nature",#5800FF,#0096FF,#00D7FF,#72FFFF,#FFFFFF
"Autumn Dream","Corporate / Tech",#100F0F,#0F3D3E,#E2DCC8,#F1F1F1,#FFFFFF
"Sunset Wave","Warm / Cozy",#355764,#5A8F7B,#81CACF,#FFEA11,#FFFFFF
"Crimson Frost","Light Mode",#76BA99,#876445,#CA955C,#EDDFB3,#000000
"Velvet Wave","Bold / Artistic",#003865,#EF5B0C,#D4F6CC,#3CCF4E,#FFFFFF
"Tech Aura","Dark Mode",#FEFBF6,#A6D1E6,#7F5283,#3D3C42,#000000
"Royal Frost","Warm / Cozy",#2C3333,#395B64,#A5C9CA,#E7F6F2,#FFFFFF
"Vintage Spark","Cool / Fresh",#FFF9CA,#FFDEB4,#FFB4B4,#B2A4FF,#000000
"Forest Aura","Warm / Cozy",#61481C,#A47E3B,#BF9742,#E6B325,#FFFFFF
"Desert Vibes","Pastel / Soft",#0078AA,#3AB4F2,#F2DF3A,#F6F6F6,#FFFFFF
"Vintage Wave","Warm / Cozy",#293462,#D61C4E,#FEB139,#FFF80A,#FFFFFF
"Royal Wave","Pastel / Soft",#513252,#7A4069,#CA4E79,#FFC18E,#FFFFFF
"Royal Shift","Corporate / Tech",#94B49F,#CEE5D0,#FCF8E8,#ECB390,#000000
"Pastel Flux","Pastel / Soft",#231955,#1F4690,#E8AA42,#FFE5B4,#FFFFFF
"Pastel Realm","Cool / Fresh",#CCD6A6,#DAE2B6,#DFE8CC,#F7EDDB,#000000
"Pastel Horizon","Warm / Cozy",#495C83,#7A86B6,#A8A4CE,#C8B6E2,#FFFFFF
"Golden Shift","Neon / Cyberpunk",#F5EDDC,#CFD2CF,#A2B5BB,#EB1D36,#000000
"Retro Shift","Light Mode",#D9F8C4,#F9F9C5,#FAD9A1,#F37878,#000000
"Pastel Dream","Cool / Fresh",#6E85B7,#B2C8DF,#C4D7E0,#F8F9D7,#000000
"Desert Shift","Corporate / Tech",#898AA6,#C9BBCF,#B7D3DF,#D6EFED,#000000
"Autumn Storm","Bold / Artistic",#66BFBF,#EAF6F6,#FFFFFF,#FF0063,#000000
"Summer Horizon","Neon / Cyberpunk",#ABC9FF,#FFDEDE,#FF8B8B,#EB4747,#000000
"Retro Core","Warm / Cozy",#3330E4,#F637EC,#FBB454,#FAEA48,#FFFFFF
"Summer Dream","Minimal / Clean",#F5F0BB,#C4DFAA,#90C8AC,#73A9AD,#000000
"Autumn Breeze","Warm / Cozy",#377D71,#FBC5C5,#FBA1A1,#8879B0,#FFFFFF
"Vintage Frost","Light Mode",#F0EBE3,#E4DCCF,#7D9D9C,#576F72,#000000
"Shadow Dawn","Corporate / Tech",#937DC2,#C689C6,#E8A0BF,#FCC5C0,#000000
"Velvet Core","Minimal / Clean",#FFE7BF,#FFC4C4,#FF869E,#A10035,#000000
"Midnight Pulse","Warm / Cozy",#2C3639,#3F4E4F,#A27B5C,#DCD7C9,#FFFFFF
"Winter Flux","Cool / Fresh",#610C63,#810955,#EE81B3,#FFF9D7,#FFFFFF
"Tech Nights","Warm / Cozy",#F2D7D9,#D3CEDF,#9CB4CC,#748DA6,#000000
"Sunset Breeze","Earth / Nature",#000000,#1A4D2E,#FF9F29,#FAF3E3,#FFFFFF
"Sunset Vibes","Pastel / Soft",#54BAB9,#18978F,#E9DAC1,#F7ECDE,#000000
"Golden Aura","Neon / Cyberpunk",#DFBB9D,#F7E2D6,#9DD6DF,#A084CF,#000000
"Winter Vibes","Neon / Cyberpunk",#76BA99,#ADCF9F,#CED89E,#FFDCAE,#000000
"Emerald Echo","Earth / Nature",#87805E,#B09B71,#D8CCA3,#EDDFB3,#FFFFFF
"Midnight Frost","Minimal / Clean",#FF7396,#F4E06D,#FFFFDE,#C499BA,#000000
"Sunset Core","Corporate / Tech",#4C3A51,#774360,#B25068,#E7AB79,#FFFFFF
"Winter Dream","Cool / Fresh",#F9F2ED,#3AB0FF,#FFB562,#F87474,#000000
"Retro Shift","Cool / Fresh",#F7EC09,#3EC70B,#3B44F6,#A149FA,#000000
"Tech Flare","Neon / Cyberpunk",#F6E3C5,#A0D995,#6CC4A1,#4CACBC,#000000
"Azure Core","Corporate / Tech",#53BF9D,#F94C66,#BD4291,#FFC54D,#000000
"Silver Core","Neon / Cyberpunk",#1B2430,#51557E,#816797,#D6D5A8,#FFFFFF
"Spring Frost","Warm / Cozy",#D3EBCD,#AEDBCE,#839AA8,#635666,#000000
"Shadow Shift","Neon / Cyberpunk",#FCF8E8,#94B49F,#ECB390,#DF7861,#000000
"Ocean Glow","Dark Mode",#06283D,#1363DF,#47B5FF,#DFF6FF,#FFFFFF
"Cyber Breeze","Cool / Fresh",#1F4690,#3A5BA0,#FFA500,#FFE5B4,#FFFFFF
"Royal Vibes","Corporate / Tech",#F15412,#000000,#34B3F1,#EEEEEE,#FFFFFF
"Cosmic Wave","Dark Mode",#9EB23B,#C7D36F,#FCF9C6,#E0DECA,#000000
"Azure Frost","Cool / Fresh",#CDF0EA,#F9F9F9,#F6C6EA,#FAF4B7,#000000
"Crimson Storm","Warm / Cozy",#FFE6E6,#F2D1D1,#DAEAF1,#C6DCE4,#000000
"Summer Glow","Bold / Artistic",#BDF2D5,#4B5D67,#3C2C3E,#FF06B7,#000000
"Vintage Glow","Pastel / Soft",#F6FBF4,#F5DF99,#5FD068,#4B8673,#000000
"Retro Shift","Bold / Artistic",#990000,#FF5B00,#D4D925,#FFEE63,#FFFFFF
"Golden Vibes","Neon / Cyberpunk",#7C3E66,#F2EBE9,#A5BECC,#243A73,#FFFFFF
"Winter Core","Minimal / Clean",#FEF9A7,#FAC213,#F77E21,#D61C4E,#000000
"Emerald Vibes","Bold / Artistic",#37E2D5,#590696,#C70A80,#FBCB0A,#000000
"Spring Frost","Pastel / Soft",#FFCC8F,#FFDAAF,#A760FF,#CA82FF,#000000
"Midnight Realm","Minimal / Clean",#371B58,#4C3575,#5B4B8A,#7858A6,#FFFFFF
"Shadow Frost","Pastel / Soft",#C2DED1,#ECE5C7,#CDC2AE,#354259,#000000
"Winter Core","Pastel / Soft",#F47C7C,#EF9F9F,#FAD4D4,#FFF2F2,#000000
"Velvet Frost","Cool / Fresh",#E9D5CA,#827397,#4D4C7D,#363062,#000000
"Ocean Breeze","Cool / Fresh",#293462,#F24C4C,#EC9B3B,#F7D716,#FFFFFF
"Ocean Horizon","Cool / Fresh",#FFE3A9,#FFC3C3,#FF8C8C,#FF5D5D,#000000
"Winter Vibes","Light Mode",#809A6F,#A25B5B,#CC9C75,#D5D8B5,#000000
"Summer Dawn","Neon / Cyberpunk",#242F9B,#646FD4,#9BA3EB,#DBDFFD,#FFFFFF
"Silver Dream","Minimal / Clean",#F4BFBF,#FFD9C0,#FAF0D7,#8CC0DE,#000000
"Desert Spark","Corporate / Tech",#00FFAB,#14C38E,#B8F1B0,#E3FCBF,#000000
"Forest Flare","Warm / Cozy",#92B4EC,#FFFFFF,#FFE69A,#FFD24C,#000000
"Cyber Glow","Neon / Cyberpunk",#2E0249,#570A57,#A91079,#F806CC,#FFFFFF
"Autumn Dusk","Light Mode",#9A86A4,#B1BCE6,#B7E5DD,#F1F0C0,#000000
"Shadow Dusk","Warm / Cozy",#2F8F9D,#3BACB6,#82DBD8,#B3E8E5,#FFFFFF
"Vintage Breeze","Cool / Fresh",#F73D93,#16003B,#413F42,#7F8487,#FFFFFF
"Cosmic Vibes","Earth / Nature",#7D1E6A,#EEB0B0,#FFE59D,#BDE6F1,#FFFFFF
"Autumn Spark","Earth / Nature",#6A67CE,#947EC3,#B689C0,#EEF3D2,#FFFFFF
"Summer Dawn","Pastel / Soft",#15133C,#73777B,#EC994B,#F1EEE9,#FFFFFF
"Royal Horizon","Cool / Fresh",#5F7161,#6D8B74,#EFEAD8,#D0C9C0,#FFFFFF
"Ocean Frost","Earth / Nature",#F9CEEE,#F9F3EE,#CCF3EE,#97C4B8,#000000
"Cosmic Glow","Neon / Cyberpunk",#541690,#FF4949,#FF8D29,#FFCD38,#FFFFFF
"Velvet Shift","Neon / Cyberpunk",#764AF1,#9772FB,#F2F2F2,#F32424,#FFFFFF
"Neon Shift","Neon / Cyberpunk",#EB5353,#F9D923,#36AE7C,#187498,#000000
"Sunset Frost","Light Mode",#FFEF82,#EFD345,#BABD42,#82954B,#000000
"Retro Echo","Dark Mode",#68A7AD,#99C4C8,#E5CB9F,#EEE4AB,#000000
"Emerald Pulse","Bold / Artistic",#E8F9FD,#79DAE8,#0AA1DD,#2155CD,#000000
"Silver Frost","Dark Mode",#112B3C,#205375,#F66B0E,#EFEFEF,#FFFFFF
"Cosmic Aura","Pastel / Soft",#C4DDFF,#7FB5FF,#001D6E,#FEE2C5,#000000
"Autumn Flare","Cool / Fresh",#F9EBC8,#FEFBE7,#DAE5D0,#A0BCC2,#000000
"Summer Storm","Corporate / Tech",#251D3A,#2A2550,#E04D01,#FF7700,#FFFFFF
"Forest Frost","Bold / Artistic",#006E7F,#F8CB2E,#EE5007,#B22727,#FFFFFF
"Royal Wave","Earth / Nature",#446A46,#82A284,#E4AEC5,#FFC4DD,#FFFFFF
"Midnight Flare","Corporate / Tech",#E0D8B0,#FCFFE7,#DEA057,#CE9461,#000000
"Golden Horizon","Light Mode",#F8ECD1,#DEB6AB,#AC7D88,#85586F,#000000
"Velvet Core","Neon / Cyberpunk",#AB46D2,#FF6FB5,#55D8C1,#FCF69C,#FFFFFF
"Ocean Flux","Earth / Nature",#A85CF9,#5534A5,#4B7BE5,#6FDFDF,#000000
"Tech Dawn","Light Mode",#B4FF9F,#F9FFA4,#FFD59E,#FFA1A1,#000000
"Summer Nights","Corporate / Tech",#E9EFC0,#B4E197,#83BD75,#4E944F,#000000
"Golden Realm","Neon / Cyberpunk",#005555,#069A8E,#A1E3D8,#F7FF93,#FFFFFF
"Golden Breeze","Neon / Cyberpunk",#125B50,#F8B400,#FAF5E4,#FF6363,#FFFFFF
"Ocean Echo","Minimal / Clean",#EDE6DB,#417D7A,#1D5C63,#1A3C40,#000000
"Cosmic Dream","Earth / Nature",#E9D5DA,#827397,#4D4C7D,#363062,#000000
"Golden Glow","Minimal / Clean",#001E6C,#035397,#E8630A,#FCD900,#FFFFFF
"Silver Frost","Cool / Fresh",#8E3200,#A64B2A,#D7A86E,#FFEBC1,#FFFFFF
"Midnight Vibes","Bold / Artistic",#40DFEF,#B9F8D3,#FFFBE7,#E78EA9,#000000
"Autumn Frost","Cool / Fresh",#383838,#066163,#CDBE78,#F2F2F2,#FFFFFF
"Silver Shift","Corporate / Tech",#143F6B,#F55353,#FEB139,#F6F54D,#FFFFFF
"Crimson Pulse","Warm / Cozy",#9FC088,#E8C07D,#CC704B,#614124,#000000
"Tech Horizon","Corporate / Tech",#06113C,#FF8C32,#DDDDDD,#EEEEEE,#FFFFFF
"Neon Frost","Warm / Cozy",#E6BA95,#FAFDD6,#E4E9BE,#A2B38B,#000000
"Retro Flux","Light Mode",#FF5F00,#B20600,#00092C,#EEEEEE,#000000
"Golden Spark","Corporate / Tech",#F1DDBF,#525E75,#78938A,#92BA92,#000000
"Sunset Core","Pastel / Soft",#FFEEEE,#FFF6EA,#F7E9D7,#EBD8C3,#000000
"Royal Shift","Dark Mode",#4700D8,#9900F0,#F900BF,#FF85B3,#FFFFFF
"Shadow Dream","Warm / Cozy",#247881,#43919B,#30AADD,#00FFC6,#FFFFFF
"Pastel Nights","Corporate / Tech",#FFD36E,#FFF56D,#99FFCD,#9FB4FF,#000000
"Neon Frost","Cool / Fresh",#006778,#0093AB,#00AFC1,#FFD124,#FFFFFF
"Shadow Echo","Cool / Fresh",#22577E,#5584AC,#95D1CC,#FAFFAF,#FFFFFF
"Tech Horizon","Warm / Cozy",#333C83,#F24A72,#FDAF75,#EAEA7F,#FFFFFF
"Autumn Core","Minimal / Clean",#8FBDD3,#E4D1B9,#BE8C63,#A97155,#000000
"Desert Echo","Pastel / Soft",#B6FFCE,#F6FFA4,#FDD7AA,#FFA8A8,#000000
"Golden Spark","Cool / Fresh",#8D8DAA,#DFDFDE,#F7F5F2,#F56D91,#000000
"Autumn Dawn","Dark Mode",#733C3C,#8479E1,#B4ECE3,#FFF8D5,#FFFFFF
"Retro Realm","Cool / Fresh",#FD5D5D,#FF8080,#FFF7BC,#C0EDA6,#000000
"Cyber Dusk","Light Mode",#FBD6D2,#F190B7,#CE49BF,#A63EC5,#000000
"Summer Core","Neon / Cyberpunk",#FF6B6B,#FFD93D,#6BCB77,#4D96FF,#000000
"Sunset Shift","Bold / Artistic",#3A3845,#F7CCAC,#C69B7B,#826F66,#FFFFFF
"Vintage Realm","Dark Mode",#FAD9E6,#E4AEC5,#5F7464,#243D25,#000000
"Silver Dream","Dark Mode",#46244C,#712B75,#C74B50,#D49B54,#FFFFFF
"Pastel Aura","Light Mode",#557B83,#39AEA9,#A2D5AB,#E5EFC1,#FFFFFF
"Royal Dream","Earth / Nature",#F7E2E2,#61A4BC,#5B7DB1,#1A132F,#000000
"Neon Dream","Pastel / Soft",#97DBAE,#C3E5AE,#F1E1A6,#F4BBBB,#000000
"Winter Horizon","Warm / Cozy",#DAB88B,#F3E9DD,#FDF6EC,#B7CADB,#000000
"Royal Dusk","Corporate / Tech",#332FD0,#9254C8,#E15FED,#6EDCD9,#FFFFFF
"Crimson Dawn","Light Mode",#180A0A,#711A75,#F10086,#F582A7,#FFFFFF
"Forest Dusk","Light Mode",#062C30,#05595B,#E2D784,#F5F5F5,#FFFFFF
"Crystal Aura","Pastel / Soft",#6FB2D2,#85C88A,#EBD671,#EEEEEE,#000000
"Cyber Spark","Warm / Cozy",#4D77FF,#56BBF1,#5EE6EB,#F2FA5A,#FFFFFF
"Azure Dusk","Bold / Artistic",#1B1A17,#F0A500,#E45826,#E6D5B8,#FFFFFF
"Forest Storm","Minimal / Clean",#F6E7D8,#F68989,#C65D7B,#874356,#000000
"Velvet Glow","Corporate / Tech",#F4FCD9,#C5D8A4,#BB9981,#534340,#000000
"Royal Vibes","Warm / Cozy",#0E3EDA,#F473B9,#FFBDE6,#FFDDEE,#FFFFFF
"Winter Nights","Dark Mode",#0E185F,#2FA4FF,#00FFDD,#E8FFC2,#FFFFFF
"Desert Glow","Pastel / Soft",#630606,#890F0D,#E83A14,#D9CE3F,#FFFFFF
"Desert Breeze","Cool / Fresh",#E2DEA9,#D18CE0,#ECA6A6,#EEEEEE,#000000
"Retro Dream","Cool / Fresh",#019267,#00C897,#FFD365,#FDFFA9,#FFFFFF
"Winter Storm","Warm / Cozy",#EFFFFD,#B8FFF9,#85F4FF,#42C2FF,#000000
"Winter Glow","Cool / Fresh",#AD8B73,#CEAB93,#E3CAA5,#FFFBE9,#000000
"Cyber Echo","Dark Mode",#5463FF,#ECECEC,#FFC300,#FF1818,#FFFFFF
"Crimson Dawn","Warm / Cozy",#533E85,#488FB1,#4FD3C4,#C1F8CF,#FFFFFF
"Autumn Shift","Bold / Artistic",#9ADCFF,#FFF89A,#FFB2A6,#FF8AAE,#000000
"Shadow Horizon","Warm / Cozy",#151D3B,#D82148,#6EBF8B,#DADBBD,#FFFFFF
"Pastel Nights","Light Mode",#051367,#2D31FA,#5D8BF4,#DFF6FF,#FFFFFF
"Sunset Dream","Warm / Cozy",#F7F7F7,#FFB72B,#FFE61B,#B5FE83,#000000
"Velvet Spark","Pastel / Soft",#EEEDDE,#E0DDAA,#203239,#141E27,#000000
"Crystal Realm","Minimal / Clean",#5902EC,#E04DB0,#F2C9E1,#FFFA4D,#FFFFFF
"Ocean Spark","Dark Mode",#1C0A00,#361500,#603601,#CC9544,#FFFFFF
"Crimson Pulse","Bold / Artistic",#FFD32D,#008E89,#085E7D,#084594,#000000
"Summer Echo","Pastel / Soft",#65C18C,#C1F4C5,#FFBED8,#FF7BA9,#000000
"Winter Flux","Corporate / Tech",#E5E3C9,#B4CFB0,#94B49F,#789395,#000000
"Shadow Dream","Bold / Artistic",#573391,#357C3C,#EF6D6D,#FFE6AB,#FFFFFF
"Neon Dawn","Earth / Nature",#139487,#86C6F4,#FFF1CE,#D29D2B,#FFFFFF
"Emerald Core","Warm / Cozy",#BFFFF0,#F0FFC2,#FFE4C0,#FFBBBB,#000000
"Pastel Breeze","Dark Mode",#495371,#74959A,#98B4AA,#F1E0AC,#FFFFFF
"Sunset Vibes","Neon / Cyberpunk",#1C658C,#398AB9,#D8D2CB,#EEEEEE,#FFFFFF
"Royal Dusk","Dark Mode",#524A4E,#FDEFF4,#FFC0D3,#FF5C8D,#FFFFFF
"Midnight Core","Warm / Cozy",#03045E,#00B4D8,#90E0EF,#CAF0F8,#FFFFFF
"Winter Realm","Pastel / Soft",#362706,#464E2E,#ACB992,#E9E5D6,#FFFFFF
"Desert Glow","Bold / Artistic",#21325E,#3E497A,#F1D00A,#F0F0F0,#FFFFFF
"Ocean Echo","Bold / Artistic",#6A5495,#ED5EDD,#8BDB81,#E7ED9B,#FFFFFF
"Cosmic Dawn","Warm / Cozy",#BB6464,#CDB699,#C3DBD9,#C8F2EF,#FFFFFF
"Crimson Vibes","Minimal / Clean",#7882A4,#C0A080,#D1D1D1,#EFEFEF,#000000
"Pastel Vibes","Cool / Fresh",#2C3333,#395B64,#2666CF,#F5F2E7,#FFFFFF
"Autumn Glow","Corporate / Tech",#8A39E1,#9C51E0,#B667F1,#ECC488,#FFFFFF
"Ocean Wave","Minimal / Clean",#F76E11,#FF9F45,#FFBC80,#FC4F4F,#000000
"Midnight Flare","Cool / Fresh",#FBF8F1,#F7ECDE,#E9DAC1,#54BAB9,#000000
"Desert Aura","Earth / Nature",#D3ECA7,#A1B57D,#B33030,#19282F,#000000
"Pastel Horizon","Corporate / Tech",#FFEDDB,#EDCDBB,#E3B7A0,#BF9270,#000000
"Emerald Realm","Dark Mode",#313552,#B8405E,#2EB086,#EEE6CE,#FFFFFF
"Midnight Glow","Minimal / Clean",#219F94,#C1DEAE,#F2F5C8,#E8E8A6,#FFFFFF
"Shadow Horizon","Corporate / Tech",#323232,#FA4EAB,#FE83C6,#FFF2F9,#FFFFFF
"Autumn Dawn","Earth / Nature",#FDEBF7,#FBCAFF,#FFADF0,#FC28FB,#000000
"Pastel Realm","Bold / Artistic",#655D8A,#7897AB,#D885A3,#FDCEB9,#FFFFFF
"Spring Vibes","Light Mode",#1572A1,#9AD0EC,#EFDAD7,#E3BEC6,#FFFFFF
"Vintage Flux","Earth / Nature",#1A1A40,#270082,#7A0BC0,#FA58B6,#FFFFFF
"Velvet Breeze","Light Mode",#F9E4D4,#D67D3E,#9C0F48,#470D21,#000000
"Spring Realm","Neon / Cyberpunk",#C0D8C0,#F5EEDC,#DD4A48,#ECB390,#000000
"Forest Wave","Warm / Cozy",#F3C5C5,#C1A3A3,#886F6F,#694E4E,#000000
"Midnight Glow","Warm / Cozy",#041562,#11468F,#DA1212,#EEEEEE,#FFFFFF
"Summer Flare","Bold / Artistic",#FFE162,#FF6464,#91C483,#EEEEEE,#000000
"Shadow Shift","Corporate / Tech",#E60965,#F94892,#FFA1C9,#FBE5E5,#FFFFFF
"Shadow Frost","Neon / Cyberpunk",#632626,#9D5353,#BF8B67,#DACC96,#FFFFFF
"Ocean Frost","Pastel / Soft",#000000,#5800FF,#E900FF,#FFC600,#FFFFFF
"Silver Spark","Warm / Cozy",#24A19C,#FAEEE7,#325288,#D96098,#FFFFFF
"Forest Dream","Earth / Nature",#6867AC,#A267AC,#CE7BB0,#FFBCD1,#FFFFFF
"Winter Flare","Warm / Cozy",#FF008E,#D22779,#612897,#0C1E7F,#FFFFFF
"Midnight Horizon","Cool / Fresh",#96CEB4,#FFEEAD,#D9534F,#FFAD60,#000000
"Crystal Dusk","Earth / Nature",#4C0027,#570530,#750550,#980F5A,#FFFFFF
"Retro Glow","Minimal / Clean",#FF6363,#FFAB76,#FFFDA2,#BAFFB4,#000000
"Cyber Glow","Minimal / Clean",#8946A6,#B762C1,#EA99D5,#FFCDDD,#FFFFFF
"Cyber Nights","Minimal / Clean",#D9D7F1,#FFFDDE,#E7FBBE,#FFCBCB,#000000
"Summer Wave","Corporate / Tech",#072227,#35858B,#4FBDBA,#AEFEFF,#FFFFFF
"Autumn Flux","Minimal / Clean",#D3DEDC,#92A9BD,#7C99AC,#FFEFEF,#000000
"Ocean Nights","Warm / Cozy",#362222,#B3541E,#FFCCD2,#FFEDED,#FFFFFF
"Royal Vibes","Bold / Artistic",#876445,#CA965C,#EEC373,#F4DFBA,#FFFFFF
"Sunset Flux","Minimal / Clean",#781C68,#9A0680,#FFD39A,#FFF5E1,#FFFFFF
"Crimson Dream","Light Mode",#FFF89A,#FFC900,#086E7D,#1A5F7A,#000000
"Desert Wave","Minimal / Clean",#FEECE9,#CCD1E4,#FE7E6D,#2F3A8F,#000000
"Retro Horizon","Pastel / Soft",#0F0E0E,#541212,#8B9A46,#EEEEEE,#FFFFFF
"Tech Flux","Earth / Nature",#F9D371,#F47340,#EF2F88,#8843F2,#000000
"Crystal Pulse","Cool / Fresh",#D77FA1,#BAABDA,#D6E5FA,#FFF9F9,#000000
"Retro Echo","Bold / Artistic",#FFF8F3,#A3E4DB,#1C6DD0,#FED1EF,#000000
"Tech Realm","Earth / Nature",#7900FF,#548CFF,#93FFD8,#CFFFDC,#FFFFFF
"Autumn Echo","Light Mode",#EA5C2B,#FF7F3F,#F6D860,#95CD41,#000000
"Royal Storm","Neon / Cyberpunk",#F3C892,#FFF1BD,#A3DA8D,#146356,#000000
"Emerald Dream","Dark Mode",#FF5959,#676FA3,#CDDEFF,#EEF2FF,#000000
"Crystal Dusk","Warm / Cozy",#DB6B97,#F2FFE9,#A6CF98,#557C55,#000000
"Royal Flux","Light Mode",#FFBD35,#3FA796,#8267BE,#502064,#000000
"Velvet Pulse","Warm / Cozy",#370665,#35589A,#F14A16,#FC9918,#FFFFFF
"Azure Dawn","Neon / Cyberpunk",#000B49,#9B0000,#FF7272,#FFB5B5,#FFFFFF
"Pastel Glow","Minimal / Clean",#F0ECE3,#DFD3C3,#C7B198,#A68DAD,#000000
Tech Frost Bold,Bold / Artistic,#0b3f2d,#157253,#ff1966,#FFFFFF,#FFFFFF
Vintage Lagoon Dark,Dark / Professional,#231d1d,#3c3232,#27dede,#e372e5,#F5F5F5
Dark Midnight Dark,Dark / Professional,#0d0d0b,#1c1c18,#cdf019,#72d4e5,#F5F5F5
Elegant Velvet Light,Light / SaaS,#FFFFFF,#F4F6F8,#29bba2,#e52d4c,#1A202C
Deep Mist Dark,Dark / Professional,#1a1d1c,#2f3534,#e82a4a,#88e572,#F5F5F5
Natural Sunset Dark,Dark / Professional,#1f1f1a,#37372e,#99d01a,#72c5e5,#F5F5F5
Zen Nebula Light,Light / SaaS,#FFFFFF,#F4F6F8,#18b782,#e52d6b,#1A202C
Silent Velvet Bold,Bold / Artistic,#095021,#108336,#ff19b2,#FFFFFF,#FFFFFF
Ocean Forest Dark,Dark / Professional,#151214,#2f272c,#e522de,#e3e572,#F5F5F5
Zen Canvas Light,Light / SaaS,#FFFFFF,#F4F6F8,#1577d9,#e5892d,#1A202C
Deep Sunset Dark,Dark / Professional,#151616,#212424,#4ae2b4,#c072e5,#F5F5F5
Royal Shadow Dark,Dark / Professional,#1d1a1c,#2b2629,#e04c82,#9fe572,#F5F5F5
Deep Forest Dark,Dark / Professional,#1e1c1d,#363233,#3de5ad,#bc72e5,#F5F5F5
Urban Nebula Bold,Bold / Artistic,#460430,#790753,#19ff65,#FFFFFF,#FFFFFF
Deep Lagoon Dark,Dark / Professional,#151517,#232427,#3c24d7,#e57f72,#F5F5F5
Future Shadow Dark,Dark / Professional,#191d1f,#282f33,#2d79fe,#e5729f,#F5F5F5
Modern Copper Light,Light / SaaS,#FFFFFF,#F4F6F8,#5622bf,#a8e52d,#1A202C
Dark Nebula Dark,Dark / Professional,#0e0f0e,#20211f,#d2d832,#72e3e5,#F5F5F5
Tech Steel Dark,Dark / Professional,#232524,#3b3f3d,#3eddbd,#cc72e5,#F5F5F5
Natural Velvet Dark,Dark / Professional,#1e2025,#2b2e35,#daaa49,#72e5bc,#F5F5F5
Dark Steel Light,Light / SaaS,#FFFFFF,#F4F6F8,#d42744,#2de5c6,#1A202C
Vibrant Obsidian Light,Light / SaaS,#FFFFFF,#F4F6F8,#415bdb,#e5c62d,#1A202C
Corporate Shadow Dark,Dark / Professional,#10110f,#252624,#3bdb35,#7278e5,#F5F5F5
Vintage Mist Light,Light / SaaS,#FFFFFF,#F4F6F8,#3acd84,#e52d89,#1A202C
Urban Sunset Dark,Dark / Professional,#110f11,#292329,#d72fa4,#c5e572,#F5F5F5
Slate Quartz Dark,Dark / Professional,#1d1b1d,#2e2b2f,#8743fb,#e59a72,#F5F5F5
Tech Sunset Dark,Dark / Professional,#1d1d19,#35352e,#f7f728,#72e5e3,#F5F5F5
Slate Forest Light,Light / SaaS,#FFFFFF,#F4F6F8,#9241e3,#89e52d,#1A202C
Slate Copper Dark,Dark / Professional,#1e1b1c,#2c2728,#db1873,#aae572,#F5F5F5
Corporate Shadow Dark,Dark / Professional,#1c1c1d,#2f2f32,#5b26d9,#e59272,#F5F5F5
Dark Ember Dark,Dark / Professional,#18181a,#292a2c,#4349f9,#e57278,#F5F5F5
Deep Shadow Bold,Bold / Artistic,#111165,#191998,#fffe19,#FFFFFF,#FFFFFF
Vibrant Velvet Light,Light / SaaS,#FFFFFF,#F4F6F8,#be4e38,#2dc6e5,#1A202C
Ocean Ember Dark,Dark / Professional,#161513,#292724,#599de0,#e572ae,#F5F5F5
Royal Lagoon Bold,Bold / Artistic,#1c0b3d,#331470,#b2ff19,#FFFFFF,#FFFFFF
Soft Midnight Dark,Dark / Professional,#181716,#2b2a27,#dcd627,#72e5df,#F5F5F5
Dark Obsidian Bold,Bold / Artistic,#341505,#67290a,#19b2ff,#FFFFFF,#FFFFFF
Electric Velvet Dark,Dark / Professional,#1d2321,#2d3734,#f81d66,#9be572,#F5F5F5
Electric Iron Bold,Bold / Artistic,#343e06,#60710b,#3f19ff,#FFFFFF,#FFFFFF
Elegant Frost Bold,Bold / Artistic,#5e4006,#916409,#1965ff,#FFFFFF,#FFFFFF
Corporate Obsidian Dark,Dark / Professional,#19171a,#2b272c,#934ad3,#e5ad72,#F5F5F5
Soft Steel Light,Light / SaaS,#FFFFFF,#F4F6F8,#01c4a3,#e52d4c,#1A202C
Soft Horizon Dark,Dark / Professional,#1f1e19,#302f26,#f2d235,#72e5d0,#F5F5F5
Vintage Frost Light,Light / SaaS,#FFFFFF,#F4F6F8,#c6aa1f,#2d4ce5,#1A202C
Future Shadow Light,Light / SaaS,#FFFFFF,#F4F6F8,#c78e1c,#2d6be5,#1A202C
Modern Canvas Dark,Dark / Professional,#1c1b1a,#2c2a28,#ecb547,#72e5bc,#F5F5F5
Tech Mist Light,Light / SaaS,#FFFFFF,#F4F6F8,#12db98,#e52d6b,#1A202C
Slate Horizon Light,Light / SaaS,#FFFFFF,#F4F6F8,#960bdc,#6be52d,#1A202C
Elegant Copper Dark,Dark / Professional,#20241f,#363e35,#65d04f,#7288e5,#F5F5F5
Elegant Sunset Light,Light / SaaS,#FFFFFF,#F4F6F8,#44c22b,#c62de5,#1A202C
Modern Frost Dark,Dark / Professional,#0a0c0c,#171b1b,#db2626,#75e572,#F5F5F5
Slate Ember Bold,Bold / Artistic,#422d02,#755004,#1965ff,#FFFFFF,#FFFFFF
Natural Ember Dark,Dark / Professional,#0f1110,#262b28,#38d285,#a972e5,#F5F5F5
Vibrant Nebula Bold,Bold / Artistic,#214200,#3a7500,#8c19ff,#FFFFFF,#FFFFFF
Tech Quartz Light,Light / SaaS,#FFFFFF,#F4F6F8,#b93661,#2de5a8,#1A202C
Ocean Desert Light,Light / SaaS,#FFFFFF,#F4F6F8,#6336be,#a8e52d,#1A202C
Elegant Canvas Dark,Dark / Professional,#121511,#242a23,#d443f0,#e5d072,#F5F5F5
Silent Copper Light,Light / SaaS,#FFFFFF,#F4F6F8,#c1a728,#2d4ce5,#1A202C
Electric Copper Dark,Dark / Professional,#221c1c,#302828,#f97035,#72e592,#F5F5F5
Dark Mist Dark,Dark / Professional,#12110f,#25231e,#cec92e,#72e5df,#F5F5F5
Natural Glacier Bold,Bold / Artistic,#43430b,#767614,#1919ff,#FFFFFF,#FFFFFF
Crimson Quartz Light,Light / SaaS,#FFFFFF,#F4F6F8,#2fc1de,#e54c2d,#1A202C
Slate Obsidian Light,Light / SaaS,#FFFFFF,#F4F6F8,#246eb8,#e5892d,#1A202C
Silent Desert Dark,Dark / Professional,#1d1e1f,#2d2f31,#2b80d5,#e572ae,#F5F5F5
Royal Quartz Dark,Dark / Professional,#141415,#28282a,#4c60dd,#e57284,#F5F5F5
Corporate Iron Light,Light / SaaS,#FFFFFF,#F4F6F8,#28c7c7,#e52d2d,#1A202C
Crimson Forest Dark,Dark / Professional,#141514,#202220,#3fdd27,#7284e5,#F5F5F5
Tech Glacier Light,Light / SaaS,#FFFFFF,#F4F6F8,#0025dd,#e5c62d,#1A202C
Electric Glacier Dark,Dark / Professional,#252520,#32322c,#eded50,#72e5e3,#F5F5F5
Silent Ember Bold,Bold / Artistic,#35081f,#68113c,#19ff8c,#FFFFFF,#FFFFFF
Muted Obsidian Dark,Dark / Professional,#161515,#2b2929,#e37344,#72e592,#F5F5F5
Vintage Midnight Dark,Dark / Professional,#1a191a,#312e30,#d019ec,#e5d372,#F5F5F5
Modern Forest Dark,Dark / Professional,#0f0d0d,#292324,#dc1f77,#aae572,#F5F5F5
Electric Iron Dark,Dark / Professional,#1f1c22,#36313a,#4c20f9,#e58772,#F5F5F5
Deep Copper Dark,Dark / Professional,#0f0e0d,#1e1c1b,#469fcc,#e572c1,#F5F5F5
Dark Steel Bold,Bold / Artistic,#3f0909,#721010,#19ffff,#FFFFFF,#FFFFFF
Crimson Ember Bold,Bold / Artistic,#5e280d,#913e15,#19b2ff,#FFFFFF,#FFFFFF
Natural Quartz Dark,Dark / Professional,#211c21,#362d36,#981ecc,#e5c072,#F5F5F5
Future Iron Light,Light / SaaS,#FFFFFF,#F4F6F8,#23a1ba,#e54c2d,#1A202C
Modern Canvas Light,Light / SaaS,#FFFFFF,#F4F6F8,#cf10af,#2de54c,#1A202C
Dark Onyx Light,Light / SaaS,#FFFFFF,#F4F6F8,#68bf11,#892de5,#1A202C
Vintage Ember Dark,Dark / Professional,#191617,#2f292b,#37d9a3,#bc72e5,#F5F5F5
Electric Forest Bold,Bold / Artistic,#074912,#0c7c1e,#ff19d8,#FFFFFF,#FFFFFF
Modern Iron Light,Light / SaaS,#FFFFFF,#F4F6F8,#e0149c,#2de56b,#1A202C
Vibrant Steel Light,Light / SaaS,#FFFFFF,#F4F6F8,#b7d717,#4c2de5,#1A202C
Vibrant Nebula Dark,Dark / Professional,#10100f,#1d1e1b,#d5f72b,#72d4e5,#F5F5F5
Muted Horizon Dark,Dark / Professional,#0d0b0c,#1c1819,#ea563f,#72e57f,#F5F5F5
Modern Glacier Light,Light / SaaS,#FFFFFF,#F4F6F8,#0bdb50,#e52da8,#1A202C
Soft Glacier Bold,Bold / Artistic,#0b2354,#123987,#ffb219,#FFFFFF,#FFFFFF
Silent Steel Bold,Bold / Artistic,#0c405a,#13648d,#ff6619,#FFFFFF,#FFFFFF
Royal Copper Dark,Dark / Professional,#1f1d1d,#2e2b2b,#ec4561,#88e572,#F5F5F5
Soft Midnight Dark,Dark / Professional,#1c1e22,#2a2e34,#286df7,#e5729b,#F5F5F5
Vibrant Steel Light,Light / SaaS,#FFFFFF,#F4F6F8,#c02f2f,#2de5e5,#1A202C
Royal Lagoon Dark,Dark / Professional,#171315,#2a2328,#df1c9e,#c1e572,#F5F5F5
Natural Desert Light,Light / SaaS,#FFFFFF,#F4F6F8,#5623bd,#a8e52d,#1A202C
Muted Glacier Light,Light / SaaS,#FFFFFF,#F4F6F8,#44c901,#a82de5,#1A202C
Royal Steel Dark,Dark / Professional,#171c1c,#232b2b,#d11717,#75e572,#F5F5F5
Vibrant Quartz Light,Light / SaaS,#FFFFFF,#F4F6F8,#3bda1b,#c62de5,#1A202C
Modern Canvas Bold,Bold / Artistic,#3f043f,#720772,#19ff19,#FFFFFF,#FFFFFF
Modern Forest Light,Light / SaaS,#FFFFFF,#F4F6F8,#213ab7,#e5c62d,#1A202C
Natural Forest Dark,Dark / Professional,#161615,#2e2f2b,#dbc747,#72e5d3,#F5F5F5
Natural Ember Dark,Dark / Professional,#161817,#262928,#4dd1e5,#e572d8,#F5F5F5
Deep Onyx Dark,Dark / Professional,#0e0d0f,#262329,#9a48ec,#e5a972,#F5F5F5
Vibrant Forest Light,Light / SaaS,#FFFFFF,#F4F6F8,#6335bf,#a8e52d,#1A202C
Silent Velvet Dark,Dark / Professional,#0c0d0f,#212327,#464be1,#e57278,#F5F5F5
Slate Frost Light,Light / SaaS,#FFFFFF,#F4F6F8,#e226a3,#2de56b,#1A202C
Elegant Shadow Dark,Dark / Professional,#181918,#272a28,#31f2ab,#b972e5,#F5F5F5
Soft Ember Light,Light / SaaS,#FFFFFF,#F4F6F8,#d62501,#2dc6e5,#1A202C
Elegant Glacier Light,Light / SaaS,#FFFFFF,#F4F6F8,#c73496,#2de56b,#1A202C
Urban Sunset Dark,Dark / Professional,#111114,#1f1f23,#3166e1,#e57297,#F5F5F5
Natural Nebula Light,Light / SaaS,#FFFFFF,#F4F6F8,#b2127d,#2de56b,#1A202C
Tech Quartz Dark,Dark / Professional,#11100e,#22211d,#def44a,#72d8e5,#F5F5F5
Vintage Desert Light,Light / SaaS,#FFFFFF,#F4F6F8,#09c027,#e52dc6,#1A202C
Electric Obsidian Dark,Dark / Professional,#221e20,#3b3237,#3ef99c,#a972e5,#F5F5F5
Deep Velvet Light,Light / SaaS,#FFFFFF,#F4F6F8,#bbe003,#4c2de5,#1A202C
Future Quartz Bold,Bold / Artistic,#121f61,#1c3094,#ffd819,#FFFFFF,#FFFFFF
Dark Glacier Dark,Dark / Professional,#171a1c,#23282b,#3173e5,#e5729f,#F5F5F5
Tech Forest Dark,Dark / Professional,#0d0e0d,#1f2321,#e93a92,#aee572,#F5F5F5
Ocean Desert Light,Light / SaaS,#FFFFFF,#F4F6F8,#c56302,#2d89e5,#1A202C
Slate Velvet Bold,Bold / Artistic,#003813,#006b24,#ff19b2,#FFFFFF,#FFFFFF
Ocean Quartz Bold,Bold / Artistic,#0e364a,#185c7d,#ff6619,#FFFFFF,#FFFFFF
Soft Glacier Bold,Bold / Artistic,#4c0026,#7f0140,#19ff8c,#FFFFFF,#FFFFFF
Natural Frost Light,Light / SaaS,#FFFFFF,#F4F6F8,#c2c229,#2d2de5,#1A202C
Zen Mist Light,Light / SaaS,#FFFFFF,#F4F6F8,#14aecd,#e54c2d,#1A202C
Dark Desert Light,Light / SaaS,#FFFFFF,#F4F6F8,#0cd14e,#e52da8,#1A202C
Muted Lagoon Dark,Dark / Professional,#181619,#242126,#9249db,#e5a972,#F5F5F5
Urban Iron Dark,Dark / Professional,#131314,#2a292c,#534ef3,#e57472,#F5F5F5
Ocean Copper Light,Light / SaaS,#FFFFFF,#F4F6F8,#c82275,#2de589,#1A202C
Corporate Iron Dark,Dark / Professional,#0e0e0d,#21201f,#4862e4,#e57288,#F5F5F5
Vintage Shadow Bold,Bold / Artistic,#480606,#7b0b0b,#19ffff,#FFFFFF,#FFFFFF
Electric Velvet Light,Light / SaaS,#FFFFFF,#F4F6F8,#1a68b7,#e5892d,#1A202C
Soft Nebula Dark,Dark / Professional,#0f0f0e,#272622,#1a38cc,#e57288,#F5F5F5
Zen Glacier Dark,Dark / Professional,#21261e,#2f362c,#90fb5b,#729be5,#F5F5F5
Elegant Shadow Light,Light / SaaS,#FFFFFF,#F4F6F8,#c72a78,#2de589,#1A202C
Crimson Quartz Light,Light / SaaS,#FFFFFF,#F4F6F8,#37ceb5,#e52d4c,#1A202C
Ocean Midnight Dark,Dark / Professional,#161818,#262a2b,#47c2db,#e572d4,#F5F5F5
Vibrant Onyx Dark,Dark / Professional,#1f2222,#303536,#1d91f5,#e572b2,#F5F5F5
Elegant Mist Dark,Dark / Professional,#242121,#383332,#fb2441,#84e572,#F5F5F5
Elegant Onyx Dark,Dark / Professional,#181418,#2c252c,#ea40ea,#e5e372,#F5F5F5
Future Steel Dark,Dark / Professional,#181a1b,#25282a,#44a7d9,#e572c1,#F5F5F5
Silent Iron Bold,Bold / Artistic,#0d285d,#153e90,#ffb219,#FFFFFF,#FFFFFF
Natural Canvas Light,Light / SaaS,#FFFFFF,#F4F6F8,#1acd74,#e52d89,#1A202C
Soft Shadow Bold,Bold / Artistic,#331b02,#663505,#198cff,#FFFFFF,#FFFFFF
Modern Forest Light,Light / SaaS,#FFFFFF,#F4F6F8,#59c423,#a82de5,#1A202C
Deep Velvet Light,Light / SaaS,#FFFFFF,#F4F6F8,#d80f52,#2de5a8,#1A202C
Slate Onyx Light,Light / SaaS,#FFFFFF,#F4F6F8,#bf2d2d,#2de5e5,#1A202C
Silent Lagoon Light,Light / SaaS,#FFFFFF,#F4F6F8,#0fc76b,#e52d89,#1A202C
Muted Shadow Dark,Dark / Professional,#1b1d18,#2c2f27,#6de926,#729fe5,#F5F5F5
Zen Lagoon Dark,Dark / Professional,#0d0e0e,#1a1a1c,#3b59f2,#e57288,#F5F5F5
Soft Shadow Dark,Dark / Professional,#24201f,#332d2c,#5bdff9,#e572d4,#F5F5F5
Soft Onyx Light,Light / SaaS,#FFFFFF,#F4F6F8,#0cba0c,#e52de5,#1A202C
Dark Glacier Light,Light / SaaS,#FFFFFF,#F4F6F8,#a8c614,#4c2de5,#1A202C
Tech Desert Dark,Dark / Professional,#1a171d,#302b36,#9049d7,#e5a972,#F5F5F5
Silent Iron Light,Light / SaaS,#FFFFFF,#F4F6F8,#2300d2,#c6e52d,#1A202C
Ocean Desert Dark,Dark / Professional,#1b181c,#2e292f,#b01ccd,#e5d072,#F5F5F5
Tech Mist Dark,Dark / Professional,#191916,#292823,#fadf5b,#72e5d0,#F5F5F5
Soft Steel Bold,Bold / Artistic,#0d355e,#145291,#ff8c19,#FFFFFF,#FFFFFF
Corporate Canvas Light,Light / SaaS,#FFFFFF,#F4F6F8,#df00ba,#2de54c,#1A202C
Urban Frost Light,Light / SaaS,#FFFFFF,#F4F6F8,#daa740,#2d6be5,#1A202C
Elegant Horizon Dark,Dark / Professional,#1d201b,#30352d,#971fd3,#e5bc72,#F5F5F5
Future Velvet Dark,Dark / Professional,#1c231f,#27312c,#33de89,#a972e5,#F5F5F5
Silent Sunset Dark,Dark / Professional,#202222,#2d2f2f,#f24141,#75e572,#F5F5F5
Soft Forest Light,Light / SaaS,#FFFFFF,#F4F6F8,#c7c736,#2d2de5,#1A202C
Electric Sunset Dark,Dark / Professional,#10100e,#282723,#3954d7,#e57288,#F5F5F5
Electric Iron Dark,Dark / Professional,#0c0c0d,#1e1f22,#6167fe,#e57278,#F5F5F5
Electric Frost Bold,Bold / Artistic,#1f013d,#390270,#8cff19,#FFFFFF,#FFFFFF
Silent Obsidian Light,Light / SaaS,#FFFFFF,#F4F6F8,#1ecf3c,#e52dc6,#1A202C
Electric Midnight Light,Light / SaaS,#FFFFFF,#F4F6F8,#de2948,#2de5c6,#1A202C
Slate Steel Dark,Dark / Professional,#252022,#342d31,#d922b5,#d0e572,#F5F5F5
Crimson Ember Dark,Dark / Professional,#1a1a15,#312f28,#dcf72c,#72d8e5,#F5F5F5
Future Shadow Light,Light / SaaS,#FFFFFF,#F4F6F8,#32b917,#c62de5,#1A202C
Vibrant Glacier Dark,Dark / Professional,#0d0d0c,#201f1d,#cfc922,#72e5df,#F5F5F5
Crimson Quartz Dark,Dark / Professional,#121011,#252223,#f6489f,#aee572,#F5F5F5
Zen Frost Light,Light / SaaS,#FFFFFF,#F4F6F8,#cd0909,#2de5e5,#1A202C
Vintage Sunset Light,Light / SaaS,#FFFFFF,#F4F6F8,#016bd4,#e5892d,#1A202C
Vibrant Forest Dark,Dark / Professional,#252020,#3e3636,#ee2424,#75e572,#F5F5F5
Slate Horizon Dark,Dark / Professional,#26241f,#34322b,#1b41fe,#e57288,#F5F5F5
Corporate Midnight Dark,Dark / Professional,#141818,#232a2a,#49b4e1,#e572c5,#F5F5F5
Tech Nebula Bold,Bold / Artistic,#034261,#056594,#ff6619,#FFFFFF,#FFFFFF
Dark Nebula Dark,Dark / Professional,#1c1e1d,#2c2f2e,#ee3b77,#9be572,#F5F5F5
Modern Midnight Bold,Bold / Artistic,#300c42,#551675,#66ff19,#FFFFFF,#FFFFFF
Zen Copper Dark,Dark / Professional,#0d0d0d,#1e1c1d,#c14bd4,#e5d372,#F5F5F5
Royal Mist Light,Light / SaaS,#FFFFFF,#F4F6F8,#11b965,#e52d89,#1A202C
Soft Ember Dark,Dark / Professional,#171614,#2d2a28,#49a0f7,#e572ae,#F5F5F5
Muted Canvas Bold,Bold / Artistic,#022c41,#044f74,#ff6619,#FFFFFF,#FFFFFF
Urban Obsidian Dark,Dark / Professional,#0d100f,#222725,#3ae2c1,#cc72e5,#F5F5F5
Tech Horizon Light,Light / SaaS,#FFFFFF,#F4F6F8,#3393c3,#e56b2d,#1A202C
Tech Mist Dark,Dark / Professional,#1c181a,#362e30,#e55786,#9be572,#F5F5F5
Dark Nebula Dark,Dark / Professional,#0e0e11,#1b1a20,#3047df,#e57284,#F5F5F5
Slate Iron Dark,Dark / Professional,#121010,#272525,#2cf8f8,#e372e5,#F5F5F5
Zen Obsidian Light,Light / SaaS,#FFFFFF,#F4F6F8,#c86c0f,#2d89e5,#1A202C
Electric Copper Dark,Dark / Professional,#161b18,#27302b,#29e950,#8772e5,#F5F5F5
Tech Mist Bold,Bold / Artistic,#434f09,#6f8210,#3f19ff,#FFFFFF,#FFFFFF
Deep Shadow Dark,Dark / Professional,#1f2520,#2f3930,#42f127,#7284e5,#F5F5F5
Electric Frost Dark,Dark / Professional,#222224,#39393d,#d9d936,#72e5e3,#F5F5F5
Crimson Mist Light,Light / SaaS,#FFFFFF,#F4F6F8,#8bcc0a,#6b2de5,#1A202C
Natural Ember Dark,Dark / Professional,#1b201c,#272d28,#ed20cb,#d4e572,#F5F5F5
Dark Ember Bold,Bold / Artistic,#0e194c,#18297f,#ffd819,#FFFFFF,#FFFFFF
Ocean Copper Bold,Bold / Artistic,#3b001e,#6e0037,#19ff8c,#FFFFFF,#FFFFFF
Corporate Glacier Light,Light / SaaS,#FFFFFF,#F4F6F8,#1499dc,#e56b2d,#1A202C
Silent Nebula Dark,Dark / Professional,#101110,#242726,#1dd742,#8772e5,#F5F5F5
Soft Canvas Dark,Dark / Professional,#191618,#272326,#f21dab,#c1e572,#F5F5F5
Ocean Sunset Dark,Dark / Professional,#251f23,#3e353b,#d63ea4,#c1e572,#F5F5F5
Modern Steel Dark,Dark / Professional,#171915,#2a2e26,#a8cd15,#72d0e5,#F5F5F5
Natural Mist Dark,Dark / Professional,#0c0d0e,#1e2022,#f0b94b,#72e5bc,#F5F5F5
Natural Iron Dark,Dark / Professional,#1f2121,#363939,#1be0bf,#d072e5,#F5F5F5
Royal Velvet Dark,Dark / Professional,#141715,#282f2a,#52f789,#9672e5,#F5F5F5
Soft Lagoon Bold,Bold / Artistic,#381f05,#6b3b0b,#198cff,#FFFFFF,#FFFFFF
Muted Canvas Light,Light / SaaS,#FFFFFF,#F4F6F8,#1457de,#e5a82d,#1A202C
Slate Canvas Dark,Dark / Professional,#191715,#2c2926,#d06247,#72e587,#F5F5F5
Zen Glacier Dark,Dark / Professional,#0e0d0d,#221f1f,#cf3232,#75e572,#F5F5F5
Dark Quartz Dark,Dark / Professional,#111114,#1e1f23,#1c81f6,#e572aa,#F5F5F5
Ocean Iron Light,Light / SaaS,#FFFFFF,#F4F6F8,#03b922,#e52dc6,#1A202C
Modern Frost Dark,Dark / Professional,#0e0e0d,#1c1b1a,#e5e03b,#72e5df,#F5F5F5
Corporate Nebula Bold,Bold / Artistic,#2e5409,#4b870f,#8c19ff,#FFFFFF,#FFFFFF
Electric Iron Bold,Bold / Artistic,#412100,#743b01,#198cff,#FFFFFF,#FFFFFF
Crimson Frost Dark,Dark / Professional,#0e0d0d,#262523,#ce7923,#72e5a9,#F5F5F5
Dark Copper Light,Light / SaaS,#FFFFFF,#F4F6F8,#c0a625,#2d4ce5,#1A202C
Vintage Onyx Bold,Bold / Artistic,#040e40,#071973,#ffd819,#FFFFFF,#FFFFFF
Silent Mist Light,Light / SaaS,#FFFFFF,#F4F6F8,#b9233c,#2de5c6,#1A202C
Corporate Steel Bold,Bold / Artistic,#3a3a07,#6d6d0e,#1919ff,#FFFFFF,#FFFFFF
Vibrant Frost Bold,Bold / Artistic,#0f515f,#177d92,#ff3f19,#FFFFFF,#FFFFFF
Vintage Nebula Light,Light / SaaS,#FFFFFF,#F4F6F8,#60bd31,#a82de5,#1A202C
Zen Velvet Dark,Dark / Professional,#171c1a,#252e29,#18e27d,#a972e5,#F5F5F5
Ocean Velvet Dark,Dark / Professional,#0e1111,#191f1f,#1ceeaf,#c072e5,#F5F5F5
Modern Frost Bold,Bold / Artistic,#24550c,#3a8813,#b219ff,#FFFFFF,#FFFFFF
Zen Frost Dark,Dark / Professional,#1b1719,#332b2f,#f55bd6,#d0e572,#F5F5F5
Vintage Onyx Light,Light / SaaS,#FFFFFF,#F4F6F8,#dfbc09,#2d4ce5,#1A202C
Future Forest Bold,Bold / Artistic,#093b54,#0f5f87,#ff6619,#FFFFFF,#FFFFFF
Electric Canvas Bold,Bold / Artistic,#120553,#1d0886,#d8ff19,#FFFFFF,#FFFFFF
Silent Quartz Light,Light / SaaS,#FFFFFF,#F4F6F8,#354dc4,#e5c62d,#1A202C
Zen Iron Bold,Bold / Artistic,#033703,#066a06,#ff19ff,#FFFFFF,#FFFFFF
Future Horizon Bold,Bold / Artistic,#61530a,#947e10,#193fff,#FFFFFF,#FFFFFF
Soft Mist Dark,Dark / Professional,#1b1516,#312729,#45cdb6,#d072e5,#F5F5F5
Muted Quartz Dark,Dark / Professional,#221b20,#362b33,#1bd057,#9672e5,#F5F5F5
Crimson Midnight Light,Light / SaaS,#FFFFFF,#F4F6F8,#64b513,#892de5,#1A202C
Dark Mist Dark,Dark / Professional,#111212,#242626,#3aacdd,#e572c5,#F5F5F5
Tech Velvet Light,Light / SaaS,#FFFFFF,#F4F6F8,#ce391b,#2dc6e5,#1A202C
Tech Glacier Dark,Dark / Professional,#1c1d20,#2e3033,#dead4a,#72e5bc,#F5F5F5
Modern Onyx Bold,Bold / Artistic,#4e0d38,#81165d,#19ff65,#FFFFFF,#FFFFFF
Future Forest Dark,Dark / Professional,#100f10,#211f21,#eb2aeb,#e5e372,#F5F5F5
Silent Nebula Dark,Dark / Professional,#111211,#1f211e,#52e466,#7f72e5,#F5F5F5
Natural Onyx Dark,Dark / Professional,#131113,#2b2729,#e84ab3,#c1e572,#F5F5F5
Dark Obsidian Bold,Bold / Artistic,#085038,#0d835c,#ff1966,#FFFFFF,#FFFFFF
Urban Horizon Dark,Dark / Professional,#1d2122,#32383b,#1f61d3,#e5729f,#F5F5F5
Future Mist Light,Light / SaaS,#FFFFFF,#F4F6F8,#14d534,#e52dc6,#1A202C
Vibrant Copper Bold,Bold / Artistic,#101b55,#192c88,#ffd819,#FFFFFF,#FFFFFF
Vibrant Frost Bold,Bold / Artistic,#180a35,#301468,#b2ff19,#FFFFFF,#FFFFFF
Future Velvet Dark,Dark / Professional,#1f1b20,#342e38,#661be8,#e59a72,#F5F5F5
Silent Glacier Dark,Dark / Professional,#222420,#343731,#4ed92b,#728be5,#F5F5F5
Crimson Lagoon Light,Light / SaaS,#FFFFFF,#F4F6F8,#a8c324,#4c2de5,#1A202C
Dark Lagoon Dark,Dark / Professional,#0f1112,#222527,#438ed9,#e572ae,#F5F5F5
Zen Quartz Dark,Dark / Professional,#1c1e1c,#2f312f,#24cf57,#9272e5,#F5F5F5
Slate Copper Bold,Bold / Artistic,#4f0d18,#821628,#19ffd8,#FFFFFF,#FFFFFF
Electric Steel Bold,Bold / Artistic,#44051a,#77092d,#19ffb2,#FFFFFF,#FFFFFF
Corporate Frost Dark,Dark / Professional,#121110,#282624,#3395f6,#e572ae,#F5F5F5
Vintage Sunset Dark,Dark / Professional,#1b1a1a,#312f2e,#d25536,#72e587,#F5F5F5
Deep Lagoon Dark,Dark / Professional,#22211f,#32312e,#e6ac39,#72e5bc,#F5F5F5
Ocean Sunset Dark,Dark / Professional,#111413,#252b29,#52f38d,#9a72e5,#F5F5F5
Silent Shadow Dark,Dark / Professional,#1e1f1c,#373934,#9bd22d,#72c1e5,#F5F5F5
Corporate Quartz Dark,Dark / Professional,#1b1d1c,#2a2d2b,#4ad8a4,#b972e5,#F5F5F5
Muted Frost Dark,Dark / Professional,#111211,#212220,#3bcf16,#728be5,#F5F5F5
Tech Iron Dark,Dark / Professional,#201f21,#2f2d30,#641ce0,#e59a72,#F5F5F5
Royal Velvet Bold,Bold / Artistic,#55640b,#819711,#3f19ff,#FFFFFF,#FFFFFF
Silent Nebula Dark,Dark / Professional,#1a1619,#2b2429,#4be27e,#9672e5,#F5F5F5
Tech Horizon Dark,Dark / Professional,#0d0d0c,#1b1c19,#95d517,#72c1e5,#F5F5F5
Natural Midnight Light,Light / SaaS,#FFFFFF,#F4F6F8,#295fca,#e5a82d,#1A202C
Deep Lagoon Dark,Dark / Professional,#161215,#2d262c,#2cf94e,#8372e5,#F5F5F5
Elegant Ember Light,Light / SaaS,#FFFFFF,#F4F6F8,#e0e00e,#2d2de5,#1A202C
Royal Nebula Dark,Dark / Professional,#191b18,#30342d,#8721ed,#e5a972,#F5F5F5
Elegant Forest Dark,Dark / Professional,#0f0d0f,#272327,#34f234,#7275e5,#F5F5F5
Elegant Sunset Light,Light / SaaS,#FFFFFF,#F4F6F8,#3bd3d3,#e52d2d,#1A202C
Royal Onyx Dark,Dark / Professional,#191c1a,#2b302d,#44e749,#7472e5,#F5F5F5
Vibrant Midnight Dark,Dark / Professional,#111214,#1d1f21,#e27e1a,#72e5a9,#F5F5F5
Soft Sunset Dark,Dark / Professional,#1a1e18,#282d26,#a446d3,#e5bc72,#F5F5F5
Muted Onyx Dark,Dark / Professional,#1d1f1f,#323635,#f13e7a,#9be572,#F5F5F5
Deep Quartz Dark,Dark / Professional,#222126,#34333a,#7725d6,#e5a672,#F5F5F5
Royal Iron Light,Light / SaaS,#FFFFFF,#F4F6F8,#30ce4b,#e52dc6,#1A202C
Zen Iron Dark,Dark / Professional,#191b1d,#2e3236,#1f49f3,#e5728b,#F5F5F5
Royal Iron Light,Light / SaaS,#FFFFFF,#F4F6F8,#26e300,#c62de5,#1A202C
Ocean Horizon Light,Light / SaaS,#FFFFFF,#F4F6F8,#08c108,#e52de5,#1A202C
Deep Horizon Bold,Bold / Artistic,#485310,#74861a,#3f19ff,#FFFFFF,#FFFFFF
Silent Lagoon Light,Light / SaaS,#FFFFFF,#F4F6F8,#2c08e1,#c6e52d,#1A202C
Modern Shadow Light,Light / SaaS,#FFFFFF,#F4F6F8,#e3520a,#2da8e5,#1A202C
Electric Midnight Dark,Dark / Professional,#252322,#3c3938,#389ed2,#e572c1,#F5F5F5
Urban Mist Dark,Dark / Professional,#252520,#3e3e35,#d3d33b,#72e5e3,#F5F5F5
Vibrant Nebula Dark,Dark / Professional,#1f1f1a,#38382e,#f7f71b,#72e5e3,#F5F5F5
Modern Frost Light,Light / SaaS,#FFFFFF,#F4F6F8,#be4d15,#2da8e5,#1A202C
Silent Glacier Dark,Dark / Professional,#0d0b0c,#1a1617,#e56653,#72e57f,#F5F5F5
Corporate Onyx Dark,Dark / Professional,#191c19,#292d29,#4ad072,#9272e5,#F5F5F5
Ocean Desert Light,Light / SaaS,#FFFFFF,#F4F6F8,#364ec9,#e5c62d,#1A202C
Muted Quartz Bold,Bold / Artistic,#240534,#480967,#66ff19,#FFFFFF,#FFFFFF
Natural Steel Dark,Dark / Professional,#262221,#332f2c,#e2a02e,#72e5b9,#F5F5F5
Slate Shadow Dark,Dark / Professional,#0b0b0d,#16161b,#2828e0,#e57275,#F5F5F5
Royal Mist Dark,Dark / Professional,#0f0f10,#242528,#5cbff8,#e572bd,#F5F5F5
Vintage Horizon Light,Light / SaaS,#FFFFFF,#F4F6F8,#316ce2,#e5a82d,#1A202C
Electric Mist Dark,Dark / Professional,#232022,#383336,#d120cb,#e3e572,#F5F5F5
Vibrant Desert Dark,Dark / Professional,#0d0d0e,#1b1b1d,#1e5df0,#e57297,#F5F5F5
Dark Glacier Dark,Dark / Professional,#121110,#292826,#d86f32,#72e59a,#F5F5F5
Electric Velvet Bold,Bold / Artistic,#3d2b06,#704e0b,#1965ff,#FFFFFF,#FFFFFF
Slate Quartz Dark,Dark / Professional,#161819,#2b3032,#da6124,#72e596,#F5F5F5
Muted Desert Dark,Dark / Professional,#110f12,#252026,#bd51d2,#e5d072,#F5F5F5
Vintage Steel Dark,Dark / Professional,#1a1d1e,#303538,#19d3d9,#e572e3,#F5F5F5
Zen Horizon Light,Light / SaaS,#FFFFFF,#F4F6F8,#d4346a,#2de5a8,#1A202C
Elegant Velvet Light,Light / SaaS,#FFFFFF,#F4F6F8,#cb1a1a,#2de5e5,#1A202C
Royal Iron Dark,Dark / Professional,#111114,#1f1f24,#5585f6,#e57297,#F5F5F5
Slate Glacier Bold,Bold / Artistic,#370037,#6a016a,#19ff19,#FFFFFF,#FFFFFF
Vibrant Lagoon Dark,Dark / Professional,#262621,#383831,#ecec4e,#72e5e3,#F5F5F5
Royal Forest Dark,Dark / Professional,#1f2024,#2f3035,#2b84e9,#e572aa,#F5F5F5
Silent Ember Dark,Dark / Professional,#191f1c,#2e3833,#d93989,#aee572,#F5F5F5
Dark Forest Light,Light / SaaS,#FFFFFF,#F4F6F8,#bbbb19,#2d2de5,#1A202C
Vibrant Nebula Light,Light / SaaS,#FFFFFF,#F4F6F8,#3d3dd5,#e5e52d,#1A202C
Tech Shadow Light,Light / SaaS,#FFFFFF,#F4F6F8,#4930c3,#c6e52d,#1A202C
Elegant Steel Dark,Dark / Professional,#161615,#292926,#583fd3,#e58372,#F5F5F5
Urban Steel Dark,Dark / Professional,#161516,#2b2a2d,#342ecd,#e57472,#F5F5F5
Soft Canvas Dark,Dark / Professional,#100e0f,#231f21,#dd2f69,#9be572,#F5F5F5
Urban Shadow Dark,Dark / Professional,#201d1d,#302c2d,#46f0d4,#d072e5,#F5F5F5
Silent Onyx Light,Light / SaaS,#FFFFFF,#F4F6F8,#7e18e4,#89e52d,#1A202C
Deep Nebula Dark,Dark / Professional,#151715,#2c302c,#34d464,#9272e5,#F5F5F5
Vibrant Glacier Light,Light / SaaS,#FFFFFF,#F4F6F8,#2605cd,#c6e52d,#1A202C
Slate Frost Dark,Dark / Professional,#212024,#36343a,#ade43f,#72c1e5,#F5F5F5
Elegant Onyx Light,Light / SaaS,#FFFFFF,#F4F6F8,#9730cb,#6be52d,#1A202C
Future Copper Dark,Dark / Professional,#161514,#272423,#36aae4,#e572c1,#F5F5F5
Zen Horizon Light,Light / SaaS,#FFFFFF,#F4F6F8,#d11050,#2de5a8,#1A202C
Vintage Midnight Light,Light / SaaS,#FFFFFF,#F4F6F8,#d2d239,#2d2de5,#1A202C
Dark Quartz Light,Light / SaaS,#FFFFFF,#F4F6F8,#23cf23,#e52de5,#1A202C
Natural Nebula Dark,Dark / Professional,#151214,#2e292b,#ed1bc3,#d0e572,#F5F5F5
Deep Steel Dark,Dark / Professional,#0d0d0b,#24251f,#7dcc24,#72b2e5,#F5F5F5
Ocean Obsidian Light,Light / SaaS,#FFFFFF,#F4F6F8,#afcc1c,#4c2de5,#1A202C
Dark Copper Dark,Dark / Professional,#0c0c0c,#242625,#44debf,#cc72e5,#F5F5F5
Ocean Desert Dark,Dark / Professional,#1a1c1c,#2c302f,#f43e7b,#9be572,#F5F5F5
Corporate Onyx Dark,Dark / Professional,#161719,#24262a,#3c99cf,#e572bd,#F5F5F5
Slate Frost Dark,Dark / Professional,#191f19,#2a332a,#1bd81b,#7275e5,#F5F5F5
Urban Shadow Dark,Dark / Professional,#1e221c,#2f362c,#7cd94e,#729be5,#F5F5F5
Elegant Canvas Bold,Bold / Artistic,#0c4415,#157725,#ff19d8,#FFFFFF,#FFFFFF
Natural Frost Dark,Dark / Professional,#131515,#2a2d2e,#4afae2,#d372e5,#F5F5F5
Vibrant Forest Light,Light / SaaS,#FFFFFF,#F4F6F8,#bc8a24,#2d6be5,#1A202C
Zen Shadow Dark,Dark / Professional,#15181b,#252a2f,#25b9de,#e572d0,#F5F5F5
Vintage Quartz Bold,Bold / Artistic,#480030,#7b0153,#19ff65,#FFFFFF,#FFFFFF
Future Quartz Dark,Dark / Professional,#1c1c19,#31312c,#e1a721,#72e5c0,#F5F5F5
Royal Velvet Dark,Dark / Professional,#151917,#272c29,#f357a5,#aee572,#F5F5F5
Natural Quartz Bold,Bold / Artistic,#330d46,#591779,#66ff19,#FFFFFF,#FFFFFF
Corporate Glacier Dark,Dark / Professional,#1a151a,#322932,#eb57eb,#e5e372,#F5F5F5
Modern Velvet Dark,Dark / Professional,#1c1d1b,#2e2f2c,#71ef29,#729fe5,#F5F5F5
Muted Desert Dark,Dark / Professional,#1c201e,#2a2f2c,#52d493,#a972e5,#F5F5F5
Modern Obsidian Dark,Dark / Professional,#241f1f,#383030,#fd6363,#75e572,#F5F5F5
Slate Steel Light,Light / SaaS,#FFFFFF,#F4F6F8,#2fe34d,#e52dc6,#1A202C
Silent Copper Dark,Dark / Professional,#141315,#29272a,#cc21d1,#e5df72,#F5F5F5
Zen Steel Dark,Dark / Professional,#131713,#293028,#c439e0,#e5d072,#F5F5F5
Zen Forest Light,Light / SaaS,#FFFFFF,#F4F6F8,#2d2dc0,#e5e52d,#1A202C
Royal Onyx Light,Light / SaaS,#FFFFFF,#F4F6F8,#33dc87,#e52d89,#1A202C
Silent Iron Dark,Dark / Professional,#201a20,#332a33,#44f644,#7275e5,#F5F5F5
Tech Desert Light,Light / SaaS,#FFFFFF,#F4F6F8,#26cc94,#e52d6b,#1A202C
Muted Glacier Dark,Dark / Professional,#1f1c1a,#342f2d,#f4b444,#72e5b9,#F5F5F5
Natural Quartz Dark,Dark / Professional,#0b0d0d,#1e2424,#18d2d2,#e372e5,#F5F5F5
Ocean Horizon Bold,Bold / Artistic,#53021d,#86032f,#19ffb2,#FFFFFF,#FFFFFF
Vibrant Copper Bold,Bold / Artistic,#0e5c28,#168f3f,#ff19b2,#FFFFFF,#FFFFFF
Natural Desert Bold,Bold / Artistic,#330800,#661100,#19d8ff,#FFFFFF,#FFFFFF
Silent Canvas Dark,Dark / Professional,#201d20,#2e2a2d,#df2ffa,#e5d372,#F5F5F5
Natural Desert Dark,Dark / Professional,#1f1d22,#35323b,#bff84b,#72c1e5,#F5F5F5
Modern Glacier Dark,Dark / Professional,#211d24,#362f3a,#a91cef,#e5bc72,#F5F5F5
Natural Canvas Dark,Dark / Professional,#1b191c,#322e33,#7f23d0,#e5ad72,#F5F5F5
Vintage Glacier Dark,Dark / Professional,#151417,#26232a,#6f3bd9,#e59672,#F5F5F5
Zen Obsidian Dark,Dark / Professional,#0f0e0f,#232124,#7b46d7,#e59a72,#F5F5F5
Elegant Iron Bold,Bold / Artistic,#0b364b,#125a7e,#ff6619,#FFFFFF,#FFFFFF
Vibrant Quartz Dark,Dark / Professional,#1d1c1d,#363335,#3fe45b,#8372e5,#F5F5F5
Dark Copper Light,Light / SaaS,#FFFFFF,#F4F6F8,#681ab6,#89e52d,#1A202C
Silent Iron Bold,Bold / Artistic,#0d4202,#177504,#d819ff,#FFFFFF,#FFFFFF
Future Mist Dark,Dark / Professional,#0f1210,#1e2420,#e358b4,#c1e572,#F5F5F5
Electric Copper Bold,Bold / Artistic,#043726,#076a49,#ff1966,#FFFFFF,#FFFFFF
Electric Quartz Dark,Dark / Professional,#181918,#262827,#36efb1,#bc72e5,#F5F5F5
Deep Horizon Bold,Bold / Artistic,#08512d,#0d8449,#ff198c,#FFFFFF,#FFFFFF
Ocean Lagoon Dark,Dark / Professional,#141312,#2e2a2a,#da624a,#72e583,#F5F5F5
Ocean Midnight Dark,Dark / Professional,#241d1f,#3b2f33,#da4ea7,#bde572,#F5F5F5
Slate Glacier Dark,Dark / Professional,#0a0b0c,#1f2125,#3ca7e5,#e572bd,#F5F5F5
Modern Nebula Dark,Dark / Professional,#1f2021,#343637,#3dfbe2,#d372e5,#F5F5F5
Slate Midnight Light,Light / SaaS,#FFFFFF,#F4F6F8,#005fbe,#e5892d,#1A202C
Deep Horizon Bold,Bold / Artistic,#0b0334,#170667,#d8ff19,#FFFFFF,#FFFFFF
Zen Mist Dark,Dark / Professional,#120f0f,#241f1f,#f02b2b,#75e572,#F5F5F5
Royal Mist Light,Light / SaaS,#FFFFFF,#F4F6F8,#364cb8,#e5c62d,#1A202C
Slate Shadow Dark,Dark / Professional,#0d0f0f,#1a1e1d,#53e5fb,#e572d8,#F5F5F5
Ocean Iron Light,Light / SaaS,#FFFFFF,#F4F6F8,#10b9db,#e54c2d,#1A202C
Slate Midnight Dark,Dark / Professional,#241e1d,#3b3230,#f48727,#72e5a6,#F5F5F5
Modern Obsidian Light,Light / SaaS,#FFFFFF,#F4F6F8,#6d1ebb,#89e52d,#1A202C
Soft Shadow Light,Light / SaaS,#FFFFFF,#F4F6F8,#2f0ed7,#c6e52d,#1A202C
Modern Glacier Light,Light / SaaS,#FFFFFF,#F4F6F8,#0b52de,#e5a82d,#1A202C
Urban Frost Light,Light / SaaS,#FFFFFF,#F4F6F8,#1d3ee1,#e5c62d,#1A202C
Slate Shadow Light,Light / SaaS,#FFFFFF,#F4F6F8,#cb3b9b,#2de56b,#1A202C
Dark Onyx Light,Light / SaaS,#FFFFFF,#F4F6F8,#09e552,#e52da8,#1A202C
Silent Ember Dark,Dark / Professional,#141215,#27252a,#461ee7,#e58772,#F5F5F5
Deep Obsidian Dark,Dark / Professional,#0d0e10,#1b1d20,#37a5e5,#e572bd,#F5F5F5
Vibrant Velvet Light,Light / SaaS,#FFFFFF,#F4F6F8,#d8a131,#2d6be5,#1A202C
Future Horizon Light,Light / SaaS,#FFFFFF,#F4F6F8,#c18205,#2d6be5,#1A202C
Vibrant Glacier Dark,Dark / Professional,#1c201d,#313933,#fc45bf,#c1e572,#F5F5F5
Vibrant Horizon Bold,Bold / Artistic,#501f06,#83320a,#19b2ff,#FFFFFF,#FFFFFF
Crimson Obsidian Light,Light / SaaS,#FFFFFF,#F4F6F8,#54c11e,#a82de5,#1A202C
Silent Iron Bold,Bold / Artistic,#054343,#097676,#ff1919,#FFFFFF,#FFFFFF
Dark Forest Light,Light / SaaS,#FFFFFF,#F4F6F8,#1fc8c8,#e52d2d,#1A202C
Vintage Iron Dark,Dark / Professional,#121214,#272629,#664de5,#e58372,#F5F5F5
Muted Glacier Bold,Bold / Artistic,#380842,#640e75,#3fff19,#FFFFFF,#FFFFFF
Slate Canvas Bold,Bold / Artistic,#0a233c,#13416f,#ff8c19,#FFFFFF,#FFFFFF
Deep Ember Light,Light / SaaS,#FFFFFF,#F4F6F8,#cd1332,#2de5c6,#1A202C
Corporate Copper Light,Light / SaaS,#FFFFFF,#F4F6F8,#d31e1e,#2de5e5,#1A202C
Dark Ember Light,Light / SaaS,#FFFFFF,#F4F6F8,#32cf32,#e52de5,#1A202C
Electric Nebula Bold,Bold / Artistic,#010149,#02027c,#fffe19,#FFFFFF,#FFFFFF
Future Ember Light,Light / SaaS,#FFFFFF,#F4F6F8,#29a0db,#e56b2d,#1A202C
Silent Mist Dark,Dark / Professional,#151713,#292b25,#6cf11f,#729fe5,#F5F5F5
Tech Frost Light,Light / SaaS,#FFFFFF,#F4F6F8,#2cd4b8,#e52d4c,#1A202C
Corporate Mist Dark,Dark / Professional,#211c22,#38303a,#8c2ce0,#e5ad72,#F5F5F5
Tech Mist Dark,Dark / Professional,#121410,#242921,#56d152,#7278e5,#F5F5F5
Silent Copper Bold,Bold / Artistic,#3c060f,#6f0b1c,#19ffd8,#FFFFFF,#FFFFFF
Crimson Quartz Dark,Dark / Professional,#13120f,#22211c,#4664f6,#e57288,#F5F5F5
Zen Iron Bold,Bold / Artistic,#130360,#1d0593,#d8ff19,#FFFFFF,#FFFFFF
Slate Quartz Dark,Dark / Professional,#221b1b,#392d2d,#33d2d2,#e372e5,#F5F5F5
Vibrant Steel Light,Light / SaaS,#FFFFFF,#F4F6F8,#225cd1,#e5a82d,#1A202C
Royal Mist Light,Light / SaaS,#FFFFFF,#F4F6F8,#56b328,#a82de5,#1A202C
Dark Desert Light,Light / SaaS,#FFFFFF,#F4F6F8,#dbdb39,#2d2de5,#1A202C
Corporate Sunset Dark,Dark / Professional,#131212,#262524,#e98246,#72e59a,#F5F5F5
Electric Quartz Dark,Dark / Professional,#1d1b1d,#2c292c,#e322c9,#d8e572,#F5F5F5
Modern Frost Light,Light / SaaS,#FFFFFF,#F4F6F8,#1fba00,#c62de5,#1A202C
Vintage Frost Light,Light / SaaS,#FFFFFF,#F4F6F8,#b4b414,#2d2de5,#1A202C
Vibrant Iron Light,Light / SaaS,#FFFFFF,#F4F6F8,#06b25c,#e52d89,#1A202C
Muted Obsidian Dark,Dark / Professional,#121310,#272924,#784ad5,#e59672,#F5F5F5
Ocean Copper Bold,Bold / Artistic,#3a1e02,#6d3804,#198cff,#FFFFFF,#FFFFFF
Slate Forest Dark,Dark / Professional,#241e22,#3d3339,#e642e0,#e3e572,#F5F5F5
Zen Shadow Dark,Dark / Professional,#1d221c,#2e362c,#8cdf42,#72aae5,#F5F5F5
Deep Copper Bold,Bold / Artistic,#033313,#076626,#ff19b2,#FFFFFF,#FFFFFF
Tech Copper Light,Light / SaaS,#FFFFFF,#F4F6F8,#c527e4,#4ce52d,#1A202C
Future Nebula Bold,Bold / Artistic,#092255,#0e3788,#ffb219,#FFFFFF,#FFFFFF
Vibrant Ember Light,Light / SaaS,#FFFFFF,#F4F6F8,#912dc3,#6be52d,#1A202C
Dark Desert Light,Light / SaaS,#FFFFFF,#F4F6F8,#37d39f,#e52d6b,#1A202C
Slate Steel Dark,Dark / Professional,#201b21,#352c36,#67e94d,#7288e5,#F5F5F5
Natural Iron Bold,Bold / Artistic,#015244,#02856f,#ff193f,#FFFFFF,#FFFFFF
Electric Copper Light,Light / SaaS,#FFFFFF,#F4F6F8,#cc6a08,#2d89e5,#1A202C
Soft Steel Dark,Dark / Professional,#1e1919,#2b2323,#db3668,#97e572,#F5F5F5
Elegant Frost Light,Light / SaaS,#FFFFFF,#F4F6F8,#8e41db,#89e52d,#1A202C
Natural Copper Dark,Dark / Professional,#1c191a,#322e2f,#d55369,#88e572,#F5F5F5
Ocean Shadow Dark,Dark / Professional,#131410,#252720,#83d229,#72b2e5,#F5F5F5
Vibrant Shadow Bold,Bold / Artistic,#1a3c09,#306f11,#b219ff,#FFFFFF,#FFFFFF
Muted Ember Light,Light / SaaS,#FFFFFF,#F4F6F8,#39c539,#e52de5,#1A202C
Elegant Midnight Dark,Dark / Professional,#141718,#272d2e,#26b8d5,#e572d4,#F5F5F5
Modern Canvas Light,Light / SaaS,#FFFFFF,#F4F6F8,#6f27b7,#89e52d,#1A202C
Soft Glacier Light,Light / SaaS,#FFFFFF,#F4F6F8,#c6218f,#2de56b,#1A202C
Ocean Iron Bold,Bold / Artistic,#0c4f18,#158227,#ff19d8,#FFFFFF,#FFFFFF
Natural Copper Dark,Dark / Professional,#1a181a,#2c292c,#f821f8,#e5e372,#F5F5F5
Royal Forest Dark,Dark / Professional,#0f0e0e,#1e1b1d,#df26ba,#d0e572,#F5F5F5
Electric Horizon Light,Light / SaaS,#FFFFFF,#F4F6F8,#0808c4,#e5e52d,#1A202C
Slate Desert Dark,Dark / Professional,#232426,#333436,#3153db,#e5728b,#F5F5F5
Silent Copper Dark,Dark / Professional,#0b0c0d,#15191a,#fd6e26,#72e596,#F5F5F5
Corporate Midnight Light,Light / SaaS,#FFFFFF,#F4F6F8,#5f25d2,#a8e52d,#1A202C
Elegant Obsidian Dark,Dark / Professional,#252324,#393537,#dc207e,#aee572,#F5F5F5
Slate Obsidian Dark,Dark / Professional,#1d1d1b,#2a2a27,#2b2be0,#e57275,#F5F5F5
Crimson Steel Light,Light / SaaS,#FFFFFF,#F4F6F8,#3515d7,#c6e52d,#1A202C
Crimson Iron Bold,Bold / Artistic,#60600c,#939312,#1919ff,#FFFFFF,#FFFFFF
Silent Frost Dark,Dark / Professional,#1a1615,#332c2a,#d0391a,#72e583,#F5F5F5
Muted Mist Dark,Dark / Professional,#100f10,#222021,#d04d93,#b2e572,#F5F5F5
Ocean Onyx Dark,Dark / Professional,#181617,#292729,#2bce61,#9672e5,#F5F5F5
Vibrant Desert Dark,Dark / Professional,#121715,#1d2420,#55f676,#8772e5,#F5F5F5
Future Obsidian Light,Light / SaaS,#FFFFFF,#F4F6F8,#5fc62c,#a82de5,#1A202C
Deep Mist Dark,Dark / Professional,#0d0c0d,#221e21,#18ef3b,#8372e5,#F5F5F5
Electric Lagoon Dark,Dark / Professional,#151614,#2b2b29,#d9f44f,#72d4e5,#F5F5F5
Soft Steel Bold,Bold / Artistic,#3d1400,#702601,#19b2ff,#FFFFFF,#FFFFFF
Muted Glacier Dark,Dark / Professional,#121110,#2a2825,#f36947,#72e587,#F5F5F5
Corporate Ember Light,Light / SaaS,#FFFFFF,#F4F6F8,#1ce05d,#e52da8,#1A202C
Ocean Quartz Bold,Bold / Artistic,#033039,#075b6c,#ff3f19,#FFFFFF,#FFFFFF
Vibrant Copper Dark,Dark / Professional,#171619,#2a272d,#b229d5,#e5cc72,#F5F5F5
Muted Shadow Dark,Dark / Professional,#151413,#2e2b29,#2d96fe,#e572ae,#F5F5F5
Modern Nebula Light,Light / SaaS,#FFFFFF,#F4F6F8,#11bd2e,#e52dc6,#1A202C
Crimson Forest Dark,Dark / Professional,#100e0d,#211e1c,#e46729,#72e596,#F5F5F5
Slate Nebula Bold,Bold / Artistic,#0c631b,#139629,#ff19d8,#FFFFFF,#FFFFFF
Zen Glacier Bold,Bold / Artistic,#4a4a05,#7d7d09,#1919ff,#FFFFFF,#FFFFFF
Future Midnight Light,Light / SaaS,#FFFFFF,#F4F6F8,#137fb5,#e56b2d,#1A202C
Ocean Shadow Light,Light / SaaS,#FFFFFF,#F4F6F8,#573be1,#c6e52d,#1A202C
Ocean Forest Dark,Dark / Professional,#171518,#27252a,#5330df,#e58772,#F5F5F5
Future Horizon Light,Light / SaaS,#FFFFFF,#F4F6F8,#b7b71b,#2d2de5,#1A202C
Dark Canvas Dark,Dark / Professional,#1c2222,#273030,#1fdede,#e372e5,#F5F5F5
Crimson Ember Dark,Dark / Professional,#1e1e20,#353438,#b7d51d,#72d4e5,#F5F5F5
Royal Quartz Dark,Dark / Professional,#100e10,#292529,#cd3787,#b2e572,#F5F5F5
Electric Midnight Dark,Dark / Professional,#1c1b1f,#2e2c33,#acf31f,#72c1e5,#F5F5F5
Royal Velvet Dark,Dark / Professional,#0b0e0c,#171d19,#e02fa5,#c1e572,#F5F5F5
Vintage Ember Light,Light / SaaS,#FFFFFF,#F4F6F8,#7ccd2b,#892de5,#1A202C
Vibrant Canvas Dark,Dark / Professional,#1f2422,#333c39,#1ee868,#9a72e5,#F5F5F5
Future Obsidian Bold,Bold / Artistic,#4e5d03,#799004,#3f19ff,#FFFFFF,#FFFFFF
Tech Sunset Light,Light / SaaS,#FFFFFF,#F4F6F8,#1d3bcd,#e5c62d,#1A202C
Zen Mist Dark,Dark / Professional,#1a1615,#332c2a,#e13d1c,#72e583,#F5F5F5
Slate Steel Dark,Dark / Professional,#20211b,#313329,#beda30,#72d4e5,#F5F5F5
Zen Forest Light,Light / SaaS,#FFFFFF,#F4F6F8,#dca129,#2d6be5,#1A202C
Vintage Iron Dark,Dark / Professional,#0d1010,#222727,#5ccaf8,#e572c5,#F5F5F5
Future Shadow Light,Light / SaaS,#FFFFFF,#F4F6F8,#dc0494,#2de56b,#1A202C
Muted Midnight Light,Light / SaaS,#FFFFFF,#F4F6F8,#d01090,#2de56b,#1A202C
Natural Sunset Light,Light / SaaS,#FFFFFF,#F4F6F8,#04c244,#e52da8,#1A202C
Muted Steel Light,Light / SaaS,#FFFFFF,#F4F6F8,#bebe18,#2d2de5,#1A202C
Elegant Mist Light,Light / SaaS,#FFFFFF,#F4F6F8,#b625d3,#4ce52d,#1A202C
Future Onyx Bold,Bold / Artistic,#09405b,#0e638e,#ff6619,#FFFFFF,#FFFFFF
Soft Sunset Bold,Bold / Artistic,#4a5708,#758a0d,#3f19ff,#FFFFFF,#FFFFFF
Corporate Glacier Light,Light / SaaS,#FFFFFF,#F4F6F8,#4609bf,#a8e52d,#1A202C
Tech Steel Dark,Dark / Professional,#0c0d10,#17191d,#5a8ff8,#e5729b,#F5F5F5
Urban Quartz Light,Light / SaaS,#FFFFFF,#F4F6F8,#47bc2f,#c62de5,#1A202C
Slate Desert Dark,Dark / Professional,#19181c,#2f2d34,#7336ee,#e59672,#F5F5F5
Future Midnight Dark,Dark / Professional,#191815,#272521,#d8a641,#72e5bc,#F5F5F5
Vintage Iron Dark,Dark / Professional,#232426,#2f3033,#2065ee,#e5729b,#F5F5F5
Tech Ember Dark,Dark / Professional,#1e201b,#34362e,#e5eb40,#72e3e5,#F5F5F5
Electric Shadow Dark,Dark / Professional,#1b1a18,#2d2b28,#fbf422,#72e5df,#F5F5F5
Soft Ember Dark,Dark / Professional,#0b0d0b,#1d211d,#77e349,#7297e5,#F5F5F5
Natural Shadow Dark,Dark / Professional,#1b1e1c,#2d312f,#f41d89,#aee572,#F5F5F5
Soft Quartz Dark,Dark / Professional,#1c1718,#2d2628,#f61c82,#aae572,#F5F5F5
Ocean Midnight Dark,Dark / Professional,#1b201e,#29302e,#f63978,#9be572,#F5F5F5
Soft Shadow Dark,Dark / Professional,#111013,#222026,#712bfc,#e59672,#F5F5F5
Ocean Onyx Bold,Bold / Artistic,#41064d,#6c0a80,#3fff19,#FFFFFF,#FFFFFF
Royal Shadow Dark,Dark / Professional,#0c0c10,#202028,#6f35f8,#e59272,#F5F5F5
Urban Desert Dark,Dark / Professional,#14161a,#22252b,#373cd4,#e57278,#F5F5F5
Muted Midnight Light,Light / SaaS,#FFFFFF,#F4F6F8,#5236db,#c6e52d,#1A202C
Soft Sunset Light,Light / SaaS,#FFFFFF,#F4F6F8,#2ac544,#e52dc6,#1A202C
Royal Iron Dark,Dark / Professional,#121113,#252225,#e443ce,#d8e572,#F5F5F5
Slate Lagoon Dark,Dark / Professional,#171516,#282526,#25e686,#a972e5,#F5F5F5
Ocean Shadow Bold,Bold / Artistic,#34490a,#587c11,#6519ff,#FFFFFF,#FFFFFF
Crimson Quartz Dark,Dark / Professional,#252523,#333330,#ecec32,#72e5e3,#F5F5F5
Tech Nebula Light,Light / SaaS,#FFFFFF,#F4F6F8,#bb3f26,#2dc6e5,#1A202C
Future Midnight Bold,Bold / Artistic,#024322,#03763d,#ff198c,#FFFFFF,#FFFFFF
Slate Quartz Dark,Dark / Professional,#222623,#303632,#39d23e,#7472e5,#F5F5F5
Muted Canvas Light,Light / SaaS,#FFFFFF,#F4F6F8,#0f4eca,#e5a82d,#1A202C
Electric Copper Dark,Dark / Professional,#0e100f,#232826,#31feb9,#bc72e5,#F5F5F5
Silent Glacier Dark,Dark / Professional,#181d18,#2b342b,#3fe571,#9272e5,#F5F5F5
Natural Canvas Dark,Dark / Professional,#191b19,#252825,#23f562,#9272e5,#F5F5F5
Soft Copper Dark,Dark / Professional,#0b0d0c,#1a1f1e,#47d190,#ad72e5,#F5F5F5
Vintage Mist Bold,Bold / Artistic,#043304,#096609,#ff19ff,#FFFFFF,#FFFFFF
Royal Midnight Dark,Dark / Professional,#1d1917,#342d2a,#209edd,#e572c1,#F5F5F5
Royal Mist Dark,Dark / Professional,#141315,#232123,#924bd1,#e5ad72,#F5F5F5
Modern Iron Bold,Bold / Artistic,#474702,#7a7a03,#1919ff,#FFFFFF,#FFFFFF
Vintage Sunset Dark,Dark / Professional,#151513,#2c2a28,#f46f22,#72e59a,#F5F5F5
Silent Velvet Light,Light / SaaS,#FFFFFF,#F4F6F8,#9c1fb5,#4ce52d,#1A202C
Modern Ember Dark,Dark / Professional,#171714,#303029,#6161fe,#e57275,#F5F5F5
Ocean Steel Dark,Dark / Professional,#141312,#2b2828,#db761d,#72e5a6,#F5F5F5
Slate Forest Light,Light / SaaS,#FFFFFF,#F4F6F8,#4add2d,#c62de5,#1A202C
Dark Steel Light,Light / SaaS,#FFFFFF,#F4F6F8,#c32404,#2dc6e5,#1A202C
Ocean Desert Bold,Bold / Artistic,#332b03,#665607,#193fff,#FFFFFF,#FFFFFF
Ocean Glacier Bold,Bold / Artistic,#135b04,#1d8e07,#d819ff,#FFFFFF,#FFFFFF
Elegant Onyx Bold,Bold / Artistic,#400837,#731063,#19ff3f,#FFFFFF,#FFFFFF
Natural Frost Dark,Dark / Professional,#1b201b,#262e26,#1cfe1c,#7275e5,#F5F5F5
Elegant Horizon Light,Light / SaaS,#FFFFFF,#F4F6F8,#5b2db5,#a8e52d,#1A202C
Future Forest Dark,Dark / Professional,#0f0d0e,#231d21,#dc40a8,#c1e572,#F5F5F5
Deep Nebula Dark,Dark / Professional,#171c1a,#27302b,#30e88c,#a972e5,#F5F5F5
Soft Ember Dark,Dark / Professional,#0d0d0e,#1b1b1d,#4285d2,#e572aa,#F5F5F5
Zen Velvet Light,Light / SaaS,#FFFFFF,#F4F6F8,#e05d1b,#2da8e5,#1A202C
Slate Shadow Light,Light / SaaS,#FFFFFF,#F4F6F8,#adc822,#4c2de5,#1A202C
Tech Horizon Bold,Bold / Artistic,#520a16,#851124,#19ffd8,#FFFFFF,#FFFFFF
Modern Velvet Dark,Dark / Professional,#1c2222,#2a3434,#45c1f6,#e572c5,#F5F5F5
Electric Steel Light,Light / SaaS,#FFFFFF,#F4F6F8,#cc4f11,#2da8e5,#1A202C
Dark Onyx Light,Light / SaaS,#FFFFFF,#F4F6F8,#15dab9,#e52d4c,#1A202C
Corporate Quartz Light,Light / SaaS,#FFFFFF,#F4F6F8,#32b448,#e52dc6,#1A202C
Urban Obsidian Dark,Dark / Professional,#191917,#2a2c27,#581ad3,#e59672,#F5F5F5
Corporate Quartz Dark,Dark / Professional,#171919,#2d3232,#1c9acf,#e572c5,#F5F5F5
Zen Mist Dark,Dark / Professional,#141712,#252a22,#67fd61,#7278e5,#F5F5F5
Vintage Copper Dark,Dark / Professional,#111214,#25272b,#4270cc,#e5729b,#F5F5F5
Elegant Shadow Bold,Bold / Artistic,#235908,#378c0c,#b219ff,#FFFFFF,#FFFFFF
Vibrant Lagoon Bold,Bold / Artistic,#390144,#640377,#3fff19,#FFFFFF,#FFFFFF
Elegant Horizon Light,Light / SaaS,#FFFFFF,#F4F6F8,#b8da0f,#4c2de5,#1A202C
Ocean Iron Light,Light / SaaS,#FFFFFF,#F4F6F8,#28bedc,#e54c2d,#1A202C
Vibrant Iron Dark,Dark / Professional,#1c201b,#2c322b,#e464fd,#e5d072,#F5F5F5
Muted Shadow Dark,Dark / Professional,#0e1010,#25282a,#3cd3d8,#e572e3,#F5F5F5
Elegant Frost Dark,Dark / Professional,#171618,#262529,#615cfd,#e57472,#F5F5F5
Electric Shadow Dark,Dark / Professional,#181816,#2b2b28,#d4a12b,#72e5c0,#F5F5F5
Natural Steel Light,Light / SaaS,#FFFFFF,#F4F6F8,#9cb520,#4c2de5,#1A202C
Crimson Copper Dark,Dark / Professional,#141011,#2b2325,#fa5dc0,#bde572,#F5F5F5
Natural Glacier Dark,Dark / Professional,#1d1d1b,#30302c,#ebeb42,#72e5e3,#F5F5F5
Tech Nebula Light,Light / SaaS,#FFFFFF,#F4F6F8,#3068d7,#e5a82d,#1A202C
Deep Quartz Light,Light / SaaS,#FFFFFF,#F4F6F8,#04e4e4,#e52d2d,#1A202C
Slate Nebula Light,Light / SaaS,#FFFFFF,#F4F6F8,#2804dd,#c6e52d,#1A202C
Electric Iron Dark,Dark / Professional,#212520,#343b32,#8dd74c,#72aae5,#F5F5F5
Vibrant Lagoon Dark,Dark / Professional,#0e0d0b,#23201c,#e09953,#72e5a9,#F5F5F5
Crimson Obsidian Dark,Dark / Professional,#211e1e,#322c2d,#ec183b,#88e572,#F5F5F5
Zen Velvet Dark,Dark / Professional,#11120f,#20221d,#dcfc5d,#72d0e5,#F5F5F5
Muted Steel Light,Light / SaaS,#FFFFFF,#F4F6F8,#cf3065,#2de5a8,#1A202C
Royal Forest Bold,Bold / Artistic,#620f1d,#95172c,#19ffd8,#FFFFFF,#FFFFFF
Modern Mist Dark,Dark / Professional,#141612,#1f221c,#8ed843,#72aee5,#F5F5F5
Urban Quartz Light,Light / SaaS,#FFFFFF,#F4F6F8,#bad828,#4c2de5,#1A202C
Crimson Ember Dark,Dark / Professional,#252523,#333330,#d1b425,#72e5d0,#F5F5F5
Dark Ember Dark,Dark / Professional,#222525,#393d3d,#34e6e6,#e372e5,#F5F5F5
Future Obsidian Dark,Dark / Professional,#231d23,#3c313c,#cc5efb,#e5c072,#F5F5F5
Zen Onyx Dark,Dark / Professional,#1e1b1e,#363237,#8e26ea,#e5ad72,#F5F5F5
Electric Frost Light,Light / SaaS,#FFFFFF,#F4F6F8,#e004e0,#2de52d,#1A202C
Zen Desert Bold,Bold / Artistic,#064343,#0a7676,#ff1919,#FFFFFF,#FFFFFF
Vibrant Velvet Dark,Dark / Professional,#1b1818,#302b2b,#f22663,#97e572,#F5F5F5
Dark Copper Dark,Dark / Professional,#0c100e,#1c2420,#44e865,#8772e5,#F5F5F5
Vintage Midnight Light,Light / SaaS,#FFFFFF,#F4F6F8,#4f37c5,#c6e52d,#1A202C
Future Forest Dark,Dark / Professional,#1a1817,#2b2926,#f08d2b,#72e5a9,#F5F5F5
Elegant Midnight Light,Light / SaaS,#FFFFFF,#F4F6F8,#8cc51c,#6b2de5,#1A202C
Dark Forest Light,Light / SaaS,#FFFFFF,#F4F6F8,#bf0202,#2de5e5,#1A202C
Silent Sunset Light,Light / SaaS,#FFFFFF,#F4F6F8,#dd2280,#2de589,#1A202C
Urban Sunset Bold,Bold / Artistic,#330213,#660526,#19ffb2,#FFFFFF,#FFFFFF
Deep Midnight Dark,Dark / Professional,#0e0e0c,#24221f,#e6a41f,#72e5bc,#F5F5F5
Vintage Glacier Dark,Dark / Professional,#1c1a17,#35322b,#e97634,#72e59a,#F5F5F5
Ocean Iron Dark,Dark / Professional,#1b191a,#343031,#f7715c,#72e57f,#F5F5F5
Muted Quartz Bold,Bold / Artistic,#073b55,#0b5f88,#ff6619,#FFFFFF,#FFFFFF
Natural Mist Dark,Dark / Professional,#191814,#322f29,#cd692f,#72e59a,#F5F5F5
Silent Canvas Dark,Dark / Professional,#161718,#28282a,#4f88f8,#e5729b,#F5F5F5
Vintage Glacier Light,Light / SaaS,#FFFFFF,#F4F6F8,#c09030,#2d6be5,#1A202C
Silent Glacier Dark,Dark / Professional,#100e10,#252025,#ea25d0,#d8e572,#F5F5F5
Royal Iron Dark,Dark / Professional,#100f0f,#1e1c1c,#3f9ecd,#e572c1,#F5F5F5
Vibrant Iron Dark,Dark / Professional,#1e201f,#2d312f,#3cf2ce,#cc72e5,#F5F5F5
Natural Forest Light,Light / SaaS,#FFFFFF,#F4F6F8,#55db3a,#c62de5,#1A202C
Elegant Quartz Dark,Dark / Professional,#161714,#2c2e28,#cacf23,#72e3e5,#F5F5F5
Vibrant Midnight Light,Light / SaaS,#FFFFFF,#F4F6F8,#3bcd1e,#c62de5,#1A202C
Modern Midnight Dark,Dark / Professional,#0f0d10,#1c181e,#6c32d0,#e59a72,#F5F5F5
Natural Quartz Light,Light / SaaS,#FFFFFF,#F4F6F8,#ce1772,#2de589,#1A202C
Urban Nebula Light,Light / SaaS,#FFFFFF,#F4F6F8,#9302dc,#6be52d,#1A202C
Slate Desert Dark,Dark / Professional,#151917,#2a312d,#3dcc84,#a972e5,#F5F5F5
Urban Sunset Dark,Dark / Professional,#100d0e,#201b1c,#f82f8d,#aae572,#F5F5F5
Urban Obsidian Light,Light / SaaS,#FFFFFF,#F4F6F8,#bb7229,#2d89e5,#1A202C
Slate Quartz Light,Light / SaaS,#FFFFFF,#F4F6F8,#b68013,#2d6be5,#1A202C
Dark Obsidian Light,Light / SaaS,#FFFFFF,#F4F6F8,#18debd,#e52d4c,#1A202C
Slate Shadow Light,Light / SaaS,#FFFFFF,#F4F6F8,#c21431,#2de5c6,#1A202C
Modern Lagoon Bold,Bold / Artistic,#0f0155,#190388,#d8ff19,#FFFFFF,#FFFFFF
Slate Midnight Dark,Dark / Professional,#121514,#1e2321,#cf376a,#9be572,#F5F5F5
Muted Ember Dark,Dark / Professional,#131310,#23241e,#93cf4e,#72b2e5,#F5F5F5
Tech Forest Light,Light / SaaS,#FFFFFF,#F4F6F8,#2354b7,#e5a82d,#1A202C
Royal Steel Bold,Bold / Artistic,#58011e,#8b0230,#19ffb2,#FFFFFF,#FFFFFF
Slate Steel Dark,Dark / Professional,#1a191b,#312e32,#fd1adf,#d8e572,#F5F5F5
Corporate Glacier Dark,Dark / Professional,#1f2423,#2a3230,#3ed2e9,#e572d8,#F5F5F5
Urban Frost Light,Light / SaaS,#FFFFFF,#F4F6F8,#da034a,#2de5a8,#1A202C
Royal Onyx Light,Light / SaaS,#FFFFFF,#F4F6F8,#4c31cf,#c6e52d,#1A202C
Vintage Steel Light,Light / SaaS,#FFFFFF,#F4F6F8,#b62ad2,#4ce52d,#1A202C
Modern Velvet Light,Light / SaaS,#FFFFFF,#F4F6F8,#9ae30a,#6b2de5,#1A202C
Royal Copper Dark,Dark / Professional,#1a1a18,#30312c,#bbd921,#72d4e5,#F5F5F5
Zen Glacier Bold,Bold / Artistic,#655400,#987f01,#193fff,#FFFFFF,#FFFFFF
Royal Horizon Dark,Dark / Professional,#252325,#343135,#4ece35,#7288e5,#F5F5F5
Modern Shadow Dark,Dark / Professional,#0d100f,#1c211f,#4aceca,#df72e5,#F5F5F5
Muted Forest Dark,Dark / Professional,#0d0f0f,#212624,#3af2b5,#bc72e5,#F5F5F5
Urban Velvet Dark,Dark / Professional,#1a1a1f,#26252d,#d2ec54,#72d4e5,#F5F5F5
Future Forest Light,Light / SaaS,#FFFFFF,#F4F6F8,#5ac425,#a82de5,#1A202C
Corporate Glacier Dark,Dark / Professional,#24251e,#31332a,#9bea42,#72b2e5,#F5F5F5
Royal Frost Bold,Bold / Artistic,#3a0145,#640178,#3fff19,#FFFFFF,#FFFFFF
Zen Quartz Bold,Bold / Artistic,#2a0550,#460883,#8cff19,#FFFFFF,#FFFFFF
Vintage Obsidian Dark,Dark / Professional,#1f1f1d,#2c2c29,#d3bd50,#72e5d0,#F5F5F5
Slate Steel Bold,Bold / Artistic,#090133,#130266,#d8ff19,#FFFFFF,#FFFFFF
Zen Iron Dark,Dark / Professional,#1a1a1c,#2b2c2e,#4931e6,#e57f72,#F5F5F5
Zen Forest Dark,Dark / Professional,#0c0d0d,#242727,#18e6e6,#e372e5,#F5F5F5
Silent Obsidian Dark,Dark / Professional,#101013,#232329,#2a2acc,#e57275,#F5F5F5
Vibrant Midnight Dark,Dark / Professional,#1d2024,#2a2d33,#29a5ed,#e572bd,#F5F5F5
Ocean Steel Dark,Dark / Professional,#202222,#2c2f2f,#4beda1,#ad72e5,#F5F5F5
Silent Steel Bold,Bold / Artistic,#4f4307,#826e0c,#193fff,#FFFFFF,#FFFFFF
Deep Shadow Dark,Dark / Professional,#0d0c0c,#1f1b1b,#32d0b6,#d072e5,#F5F5F5
Slate Obsidian Light,Light / SaaS,#FFFFFF,#F4F6F8,#12a5c2,#e54c2d,#1A202C
Silent Ember Dark,Dark / Professional,#141616,#2a2c2e,#2772f4,#e5729f,#F5F5F5
Vintage Quartz Light,Light / SaaS,#FFFFFF,#F4F6F8,#1818e0,#e5e52d,#1A202C
Royal Mist Dark,Dark / Professional,#0e0e0c,#1b1a16,#efd75d,#72e5d0,#F5F5F5
Elegant Lagoon Light,Light / SaaS,#FFFFFF,#F4F6F8,#c726c7,#2de52d,#1A202C
Slate Forest Light,Light / SaaS,#FFFFFF,#F4F6F8,#24c43f,#e52dc6,#1A202C
Soft Forest Bold,Bold / Artistic,#041d50,#073083,#ffb219,#FFFFFF,#FFFFFF
Royal Sunset Bold,Bold / Artistic,#016501,#029802,#ff19ff,#FFFFFF,#FFFFFF
Vintage Obsidian Dark,Dark / Professional,#1a201e,#272f2d,#d72e66,#9be572,#F5F5F5
Ocean Mist Dark,Dark / Professional,#131513,#222623,#31d24c,#8372e5,#F5F5F5
Vintage Desert Dark,Dark / Professional,#0a0c0c,#171b1c,#40afe6,#e572c1,#F5F5F5
Corporate Copper Light,Light / SaaS,#FFFFFF,#F4F6F8,#34e26e,#e52da8,#1A202C
Elegant Copper Dark,Dark / Professional,#161719,#242629,#fac55d,#72e5bc,#F5F5F5
Soft Copper Dark,Dark / Professional,#1e1a1a,#312b2b,#fd3571,#97e572,#F5F5F5
Vintage Nebula Dark,Dark / Professional,#0c0e0e,#1e2222,#4dadd6,#e572c5,#F5F5F5
Muted Shadow Bold,Bold / Artistic,#550365,#7f0598,#3fff19,#FFFFFF,#FFFFFF
Tech Forest Bold,Bold / Artistic,#451308,#78210f,#19d8ff,#FFFFFF,#FFFFFF
Royal Midnight Bold,Bold / Artistic,#115503,#1c8806,#d819ff,#FFFFFF,#FFFFFF
Deep Sunset Dark,Dark / Professional,#201f1c,#2e2c27,#eee95e,#72e5df,#F5F5F5
Tech Horizon Light,Light / SaaS,#FFFFFF,#F4F6F8,#3a22b5,#c6e52d,#1A202C
Muted Glacier Dark,Dark / Professional,#0b0b0d,#181a1e,#5685e2,#e5729b,#F5F5F5
Modern Forest Bold,Bold / Artistic,#035e40,#049162,#ff1966,#FFFFFF,#FFFFFF
Silent Midnight Bold,Bold / Artistic,#53180c,#862714,#19d8ff,#FFFFFF,#FFFFFF
Future Obsidian Dark,Dark / Professional,#1c1e1a,#2a2f28,#abec3b,#72bde5,#F5F5F5
Tech Onyx Dark,Dark / Professional,#1f1c1a,#38332f,#54a8fb,#e572ae,#F5F5F5
Vibrant Velvet Dark,Dark / Professional,#151916,#262d29,#35e53a,#7472e5,#F5F5F5
Electric Steel Dark,Dark / Professional,#1a1d1a,#2d322d,#23d323,#7275e5,#F5F5F5
Urban Obsidian Dark,Dark / Professional,#1a1e1e,#2d3434,#29a3d7,#e572c5,#F5F5F5
Modern Quartz Dark,Dark / Professional,#121415,#1d2022,#4178d7,#e5729f,#F5F5F5
Deep Mist Light,Light / SaaS,#FFFFFF,#F4F6F8,#d76e06,#2d89e5,#1A202C
Vibrant Midnight Dark,Dark / Professional,#0d0f0c,#222720,#7ce448,#729be5,#F5F5F5
Natural Onyx Light,Light / SaaS,#FFFFFF,#F4F6F8,#d66025,#2da8e5,#1A202C
Natural Onyx Dark,Dark / Professional,#100f10,#262325,#eb2e74,#9fe572,#F5F5F5
Slate Copper Light,Light / SaaS,#FFFFFF,#F4F6F8,#4bb914,#a82de5,#1A202C
Royal Frost Bold,Bold / Artistic,#622405,#953607,#19b2ff,#FFFFFF,#FFFFFF
Vintage Canvas Bold,Bold / Artistic,#360640,#610c73,#3fff19,#FFFFFF,#FFFFFF
Slate Forest Light,Light / SaaS,#FFFFFF,#F4F6F8,#06dc06,#e52de5,#1A202C
Crimson Quartz Light,Light / SaaS,#FFFFFF,#F4F6F8,#c3a512,#2d4ce5,#1A202C
Future Forest Light,Light / SaaS,#FFFFFF,#F4F6F8,#37e237,#e52de5,#1A202C
Electric Sunset Dark,Dark / Professional,#131813,#232c23,#e848e8,#e5e372,#F5F5F5
Royal Lagoon Dark,Dark / Professional,#1a1d1d,#2d3232,#5be7bd,#c072e5,#F5F5F5
Natural Canvas Light,Light / SaaS,#FFFFFF,#F4F6F8,#28d645,#e52dc6,#1A202C
Silent Canvas Dark,Dark / Professional,#0e1111,#191e1e,#5be5fa,#e572d8,#F5F5F5
Soft Mist Light,Light / SaaS,#FFFFFF,#F4F6F8,#971cd5,#6be52d,#1A202C
Modern Midnight Dark,Dark / Professional,#0c0b0e,#212026,#6f53fb,#e58372,#F5F5F5
Zen Steel Dark,Dark / Professional,#0e0e0c,#1f1f1b,#dba018,#72e5c0,#F5F5F5
Dark Lagoon Dark,Dark / Professional,#22201f,#383633,#3487da,#e572ae,#F5F5F5
Natural Obsidian Dark,Dark / Professional,#1a1c19,#2c302a,#67e12a,#729be5,#F5F5F5
Future Midnight Dark,Dark / Professional,#212323,#363939,#2bd9bc,#d072e5,#F5F5F5
Soft Onyx Light,Light / SaaS,#FFFFFF,#F4F6F8,#1298b3,#e54c2d,#1A202C
Electric Frost Bold,Bold / Artistic,#074407,#0c770c,#ff19ff,#FFFFFF,#FFFFFF
Dark Quartz Dark,Dark / Professional,#22251e,#383e32,#b4d433,#72d0e5,#F5F5F5
Soft Obsidian Bold,Bold / Artistic,#032f46,#055279,#ff6619,#FFFFFF,#FFFFFF
Silent Shadow Dark,Dark / Professional,#1f2423,#353d3c,#1ae284,#ad72e5,#F5F5F5
Muted Forest Light,Light / SaaS,#FFFFFF,#F4F6F8,#37c1aa,#e52d4c,#1A202C
Crimson Onyx Light,Light / SaaS,#FFFFFF,#F4F6F8,#01ca23,#e52dc6,#1A202C
Modern Mist Dark,Dark / Professional,#1c1a1b,#353134,#db18f9,#e5d372,#F5F5F5
Zen Quartz Dark,Dark / Professional,#211b21,#312831,#e522e5,#e5e372,#F5F5F5
Slate Nebula Light,Light / SaaS,#FFFFFF,#F4F6F8,#11bc67,#e52d89,#1A202C
Future Midnight Dark,Dark / Professional,#0e1211,#1a2120,#58e3cc,#d072e5,#F5F5F5
Modern Ember Bold,Bold / Artistic,#025e30,#04914a,#ff198c,#FFFFFF,#FFFFFF
Ocean Iron Dark,Dark / Professional,#171915,#2e312a,#8bd640,#72aee5,#F5F5F5
Zen Forest Dark,Dark / Professional,#141410,#26261f,#cccc41,#72e5e3,#F5F5F5
Urban Glacier Dark,Dark / Professional,#1c1d20,#313338,#e5b556,#72e5bc,#F5F5F5
Silent Ember Light,Light / SaaS,#FFFFFF,#F4F6F8,#ca8f19,#2d6be5,#1A202C
Ocean Steel Light,Light / SaaS,#FFFFFF,#F4F6F8,#0ad20a,#e52de5,#1A202C
Ocean Desert Dark,Dark / Professional,#151514,#272725,#1535d2,#e57288,#F5F5F5
Corporate Horizon Bold,Bold / Artistic,#38042f,#6b085a,#19ff3f,#FFFFFF,#FFFFFF
Ocean Onyx Dark,Dark / Professional,#181d1a,#262d28,#3ddf73,#9672e5,#F5F5F5
Muted Midnight Bold,Bold / Artistic,#063333,#0d6666,#ff1919,#FFFFFF,#FFFFFF
Royal Quartz Dark,Dark / Professional,#1a1718,#332c2e,#e71c23,#78e572,#F5F5F5
Vintage Nebula Light,Light / SaaS,#FFFFFF,#F4F6F8,#e01559,#2de5a8,#1A202C
Crimson Frost Dark,Dark / Professional,#0c0c0d,#212024,#354ad3,#e57284,#F5F5F5
Dark Desert Bold,Bold / Artistic,#361109,#692112,#19d8ff,#FFFFFF,#FFFFFF
Ocean Ember Dark,Dark / Professional,#151717,#272a2a,#34f59b,#ad72e5,#F5F5F5
Crimson Onyx Dark,Dark / Professional,#12120f,#282821,#4141f1,#e57275,#F5F5F5
Royal Obsidian Light,Light / SaaS,#FFFFFF,#F4F6F8,#b8391f,#2dc6e5,#1A202C
Dark Forest Light,Light / SaaS,#FFFFFF,#F4F6F8,#cf1c76,#2de589,#1A202C
Royal Onyx Bold,Bold / Artistic,#01500f,#038318,#ff19d8,#FFFFFF,#FFFFFF
Corporate Forest Dark,Dark / Professional,#181516,#282324,#42efd2,#d072e5,#F5F5F5
Urban Copper Light,Light / SaaS,#FFFFFF,#F4F6F8,#74d018,#892de5,#1A202C
Ocean Desert Bold,Bold / Artistic,#075d32,#0a904d,#ff198c,#FFFFFF,#FFFFFF
Muted Lagoon Light,Light / SaaS,#FFFFFF,#F4F6F8,#9be30b,#6b2de5,#1A202C
Soft Obsidian Bold,Bold / Artistic,#3e480d,#6a7b16,#3f19ff,#FFFFFF,#FFFFFF
Dark Lagoon Dark,Dark / Professional,#0e0f0e,#1a1c1a,#6fd63b,#729be5,#F5F5F5
Slate Horizon Dark,Dark / Professional,#1e1e23,#2d2d34,#3a3ad5,#e57275,#F5F5F5
Corporate Velvet Light,Light / SaaS,#FFFFFF,#F4F6F8,#8cdc3c,#892de5,#1A202C
Electric Desert Bold,Bold / Artistic,#576512,#83981b,#3f19ff,#FFFFFF,#FFFFFF
Vibrant Quartz Dark,Dark / Professional,#181a17,#2e312d,#91f260,#729be5,#F5F5F5
Dark Lagoon Light,Light / SaaS,#FFFFFF,#F4F6F8,#d6b618,#2d4ce5,#1A202C
Crimson Quartz Dark,Dark / Professional,#0f0f0d,#1f201a,#6a54d7,#e58372,#F5F5F5
Slate Steel Bold,Bold / Artistic,#40020c,#730416,#19ffd8,#FFFFFF,#FFFFFF
Soft Nebula Dark,Dark / Professional,#241e1d,#3a312f,#e14323,#72e583,#F5F5F5
Deep Desert Light,Light / SaaS,#FFFFFF,#F4F6F8,#01dede,#e52d2d,#1A202C
Future Obsidian Dark,Dark / Professional,#0c0d0c,#1a1e1c,#fd45a1,#aee572,#F5F5F5
Corporate Shadow Dark,Dark / Professional,#0d0d0e,#1d1e21,#5156fb,#e57278,#F5F5F5
Elegant Quartz Light,Light / SaaS,#FFFFFF,#F4F6F8,#d70bd7,#2de52d,#1A202C
Ocean Glacier Bold,Bold / Artistic,#5d0716,#900b22,#19ffd8,#FFFFFF,#FFFFFF
Modern Iron Bold,Bold / Artistic,#550620,#880a34,#19ffb2,#FFFFFF,#FFFFFF
Ocean Steel Light,Light / SaaS,#FFFFFF,#F4F6F8,#8fc12b,#6b2de5,#1A202C
Royal Obsidian Dark,Dark / Professional,#1b1f1c,#2c332d,#fd1cd8,#d4e572,#F5F5F5
Elegant Steel Dark,Dark / Professional,#0b0c0d,#1f2124,#d1a245,#72e5bc,#F5F5F5
Urban Nebula Dark,Dark / Professional,#1c231e,#2f3b33,#3fd772,#9672e5,#F5F5F5
Silent Velvet Bold,Bold / Artistic,#021539,#05276c,#ffb219,#FFFFFF,#FFFFFF
Dark Copper Dark,Dark / Professional,#171413,#272221,#ef5334,#72e583,#F5F5F5
Silent Forest Light,Light / SaaS,#FFFFFF,#F4F6F8,#0707e1,#e5e52d,#1A202C
Crimson Canvas Light,Light / SaaS,#FFFFFF,#F4F6F8,#d85413,#2da8e5,#1A202C
Vintage Frost Light,Light / SaaS,#FFFFFF,#F4F6F8,#c3c319,#2d2de5,#1A202C
Electric Velvet Bold,Bold / Artistic,#472503,#7a4005,#198cff,#FFFFFF,#FFFFFF
Vintage Shadow Light,Light / SaaS,#FFFFFF,#F4F6F8,#b58320,#2d6be5,#1A202C
Zen Midnight Bold,Bold / Artistic,#2f055a,#4b088d,#8cff19,#FFFFFF,#FFFFFF
Slate Quartz Dark,Dark / Professional,#100d0f,#292128,#22e041,#8372e5,#F5F5F5
Electric Onyx Light,Light / SaaS,#FFFFFF,#F4F6F8,#b52f46,#2de5c6,#1A202C
Electric Obsidian Light,Light / SaaS,#FFFFFF,#F4F6F8,#06c746,#e52da8,#1A202C
Vintage Desert Light,Light / SaaS,#FFFFFF,#F4F6F8,#33e1a7,#e52d6b,#1A202C
Urban Velvet Light,Light / SaaS,#FFFFFF,#F4F6F8,#2ec794,#e52d6b,#1A202C
Modern Iron Dark,Dark / Professional,#1d1c1e,#2a292c,#93dd49,#72aee5,#F5F5F5
Electric Lagoon Dark,Dark / Professional,#141617,#24292a,#4cc7e0,#e572d4,#F5F5F5
Deep Obsidian Dark,Dark / Professional,#17191c,#2b3034,#56d9fa,#e572d0,#F5F5F5
Silent Lagoon Light,Light / SaaS,#FFFFFF,#F4F6F8,#8cc41c,#6b2de5,#1A202C
Vintage Midnight Light,Light / SaaS,#FFFFFF,#F4F6F8,#2f2fe0,#e5e52d,#1A202C
Tech Desert Dark,Dark / Professional,#141817,#222928,#3dedd0,#d072e5,#F5F5F5
Vibrant Glacier Light,Light / SaaS,#FFFFFF,#F4F6F8,#04d94b,#e52da8,#1A202C
Dark Mist Dark,Dark / Professional,#0e100e,#252825,#d13ed1,#e5e372,#F5F5F5
Electric Mist Dark,Dark / Professional,#151517,#2b292e,#413cd2,#e57472,#F5F5F5
Tech Glacier Dark,Dark / Professional,#17191c,#282a30,#383dcf,#e57278,#F5F5F5
Ocean Iron Light,Light / SaaS,#FFFFFF,#F4F6F8,#bc7630,#2d89e5,#1A202C
Natural Ember Dark,Dark / Professional,#110e0e,#261f1f,#d94974,#97e572,#F5F5F5
Soft Frost Light,Light / SaaS,#FFFFFF,#F4F6F8,#c3ab31,#2d4ce5,#1A202C
Corporate Desert Dark,Dark / Professional,#0c0c0b,#22231e,#91ea2b,#72b2e5,#F5F5F5
Deep Sunset Bold,Bold / Artistic,#0e530e,#178617,#ff19ff,#FFFFFF,#FFFFFF
Natural Lagoon Dark,Dark / Professional,#1f1e21,#38363a,#502ce0,#e58772,#F5F5F5
Vibrant Sunset Light,Light / SaaS,#FFFFFF,#F4F6F8,#d6229a,#2de56b,#1A202C
Silent Forest Light,Light / SaaS,#FFFFFF,#F4F6F8,#14e47c,#e52d89,#1A202C
Electric Frost Bold,Bold / Artistic,#360425,#690849,#19ff65,#FFFFFF,#FFFFFF
Corporate Midnight Dark,Dark / Professional,#1a161b,#262129,#e81cef,#e5df72,#F5F5F5
Deep Canvas Dark,Dark / Professional,#131717,#262d2f,#e76f57,#72e583,#F5F5F5
Elegant Sunset Dark,Dark / Professional,#101310,#222822,#82f650,#7297e5,#F5F5F5
Slate Quartz Dark,Dark / Professional,#0e0f0c,#1e201b,#9edd21,#72c1e5,#F5F5F5
Corporate Onyx Light,Light / SaaS,#FFFFFF,#F4F6F8,#d4366b,#2de5a8,#1A202C
Vibrant Horizon Light,Light / SaaS,#FFFFFF,#F4F6F8,#1eb89f,#e52d4c,#1A202C
Crimson Sunset Dark,Dark / Professional,#161314,#231e21,#fb2f58,#8be572,#F5F5F5
Soft Onyx Dark,Dark / Professional,#19181b,#26252a,#231cef,#e57472,#F5F5F5
Royal Desert Dark,Dark / Professional,#171b1d,#2b3235,#2564d2,#e5729f,#F5F5F5
Deep Mist Light,Light / SaaS,#FFFFFF,#F4F6F8,#09cbaa,#e52d4c,#1A202C
Natural Quartz Dark,Dark / Professional,#1b191a,#2e2c2c,#ee556f,#88e572,#F5F5F5
Deep Canvas Light,Light / SaaS,#FFFFFF,#F4F6F8,#e5e521,#2d2de5,#1A202C
Vibrant Midnight Light,Light / SaaS,#FFFFFF,#F4F6F8,#a306c2,#4ce52d,#1A202C
Tech Shadow Bold,Bold / Artistic,#606002,#939304,#1919ff,#FFFFFF,#FFFFFF
Soft Forest Dark,Dark / Professional,#121311,#252723,#7efe5e,#728be5,#F5F5F5
Dark Copper Dark,Dark / Professional,#161412,#2a2723,#559de5,#e572ae,#F5F5F5
Soft Iron Light,Light / SaaS,#FFFFFF,#F4F6F8,#ae33c6,#4ce52d,#1A202C
Soft Horizon Bold,Bold / Artistic,#3b540b,#608712,#6519ff,#FFFFFF,#FFFFFF
Tech Lagoon Dark,Dark / Professional,#1c1d21,#2b2c34,#3854df,#e57288,#F5F5F5
Silent Quartz Light,Light / SaaS,#FFFFFF,#F4F6F8,#1f1fcb,#e5e52d,#1A202C
Crimson Horizon Bold,Bold / Artistic,#620b54,#95117f,#19ff3f,#FFFFFF,#FFFFFF
Crimson Sunset Dark,Dark / Professional,#222220,#383835,#c5dc2f,#72d8e5,#F5F5F5
Crimson Obsidian Light,Light / SaaS,#FFFFFF,#F4F6F8,#dca538,#2d6be5,#1A202C
Future Shadow Dark,Dark / Professional,#1c1c1a,#302f2c,#f3d854,#72e5d0,#F5F5F5
Vintage Obsidian Dark,Dark / Professional,#0e0d0e,#221f21,#56e084,#9672e5,#F5F5F5
Modern Onyx Dark,Dark / Professional,#0d0f0e,#1d2220,#d55394,#aee572,#F5F5F5
Dark Frost Light,Light / SaaS,#FFFFFF,#F4F6F8,#c78e1d,#2d6be5,#1A202C
Silent Mist Bold,Bold / Artistic,#07073e,#0d0d71,#fffe19,#FFFFFF,#FFFFFF
Dark Canvas Bold,Bold / Artistic,#2b0452,#460785,#8cff19,#FFFFFF,#FFFFFF
Modern Glacier Dark,Dark / Professional,#1c1e1b,#313430,#b149e5,#e5bc72,#F5F5F5
Modern Desert Bold,Bold / Artistic,#325f05,#4d9207,#8c19ff,#FFFFFF,#FFFFFF
Silent Quartz Dark,Dark / Professional,#1b1c1b,#313532,#3ef622,#7284e5,#F5F5F5
Deep Mist Dark,Dark / Professional,#1f211f,#2d2f2c,#cc49e6,#e5d072,#F5F5F5
Dark Quartz Dark,Dark / Professional,#252523,#363634,#bfd629,#72d8e5,#F5F5F5
Urban Iron Light,Light / SaaS,#FFFFFF,#F4F6F8,#d202d2,#2de52d,#1A202C
Vintage Desert Dark,Dark / Professional,#0c0c0f,#17171c,#865ce8,#e59272,#F5F5F5
Soft Iron Dark,Dark / Professional,#1a1618,#2f272b,#f830d0,#d0e572,#F5F5F5
Royal Shadow Bold,Bold / Artistic,#033a3a,#076d6d,#ff1919,#FFFFFF,#FFFFFF
Royal Obsidian Bold,Bold / Artistic,#153604,#286908,#b219ff,#FFFFFF,#FFFFFF
Dark Canvas Dark,Dark / Professional,#131113,#242125,#67d252,#7288e5,#F5F5F5
Modern Velvet Dark,Dark / Professional,#181318,#2e252e,#da43ad,#c5e572,#F5F5F5
Muted Sunset Bold,Bold / Artistic,#626200,#959500,#1919ff,#FFFFFF,#FFFFFF
Urban Sunset Bold,Bold / Artistic,#4e5d04,#799006,#3f19ff,#FFFFFF,#FFFFFF
Royal Obsidian Bold,Bold / Artistic,#3b0833,#6e105e,#19ff3f,#FFFFFF,#FFFFFF
Dark Ember Dark,Dark / Professional,#0d0e10,#1b1e21,#3c8ee0,#e572ae,#F5F5F5
Urban Mist Dark,Dark / Professional,#1c1f21,#2c3032,#1fb1fa,#e572c1,#F5F5F5
Tech Nebula Bold,Bold / Artistic,#053323,#0a6647,#ff1966,#FFFFFF,#FFFFFF
Silent Forest Light,Light / SaaS,#FFFFFF,#F4F6F8,#b0c931,#4c2de5,#1A202C
Vibrant Sunset Light,Light / SaaS,#FFFFFF,#F4F6F8,#2222b7,#e5e52d,#1A202C
Electric Nebula Dark,Dark / Professional,#1d1a1d,#2b282c,#9f4be9,#e5ad72,#F5F5F5
Elegant Horizon Dark,Dark / Professional,#1c1d19,#2e3029,#5a1ad9,#e59672,#F5F5F5
Urban Sunset Bold,Bold / Artistic,#045511,#06881c,#ff19d8,#FFFFFF,#FFFFFF
Zen Velvet Dark,Dark / Professional,#0e0c0f,#1d1a21,#b127d4,#e5cc72,#F5F5F5
Natural Onyx Dark,Dark / Professional,#1f1b1e,#2f2a2e,#df4f9c,#b2e572,#F5F5F5
Deep Velvet Light,Light / SaaS,#FFFFFF,#F4F6F8,#6bcf06,#892de5,#1A202C
Muted Sunset Bold,Bold / Artistic,#036103,#059405,#ff19ff,#FFFFFF,#FFFFFF
Crimson Forest Bold,Bold / Artistic,#4c0e4c,#7f177f,#19ff19,#FFFFFF,#FFFFFF
Natural Desert Dark,Dark / Professional,#0f100d,#1f211b,#b0e34b,#72c1e5,#F5F5F5
Tech Canvas Light,Light / SaaS,#FFFFFF,#F4F6F8,#9fb820,#4c2de5,#1A202C
Vintage Nebula Dark,Dark / Professional,#151416,#28262a,#8fef2e,#72aee5,#F5F5F5
Vintage Midnight Dark,Dark / Professional,#181618,#2e292e,#fa50fa,#e5e372,#F5F5F5
Crimson Steel Dark,Dark / Professional,#201d1e,#322d2e,#1fefcd,#d072e5,#F5F5F5
Future Copper Bold,Bold / Artistic,#3f0335,#720660,#19ff3f,#FFFFFF,#FFFFFF
Corporate Lagoon Bold,Bold / Artistic,#3f3f04,#727208,#1919ff,#FFFFFF,#FFFFFF
Crimson Mist Bold,Bold / Artistic,#07075a,#0c0c8d,#fffe19,#FFFFFF,#FFFFFF
Silent Nebula Dark,Dark / Professional,#0d0c0c,#1c1a19,#fe435c,#84e572,#F5F5F5
Elegant Frost Dark,Dark / Professional,#1d1b1e,#2b292e,#952ffb,#e5a972,#F5F5F5
Elegant Iron Dark,Dark / Professional,#1d1d1b,#2e2e2b,#b8d018,#72d8e5,#F5F5F5
Dark Desert Dark,Dark / Professional,#23221e,#3b3a33,#2e49cf,#e57288,#F5F5F5
Dark Sunset Bold,Bold / Artistic,#5f0c51,#92137d,#19ff3f,#FFFFFF,#FFFFFF
Ocean Iron Bold,Bold / Artistic,#0c5c27,#128f3c,#ff19b2,#FFFFFF,#FFFFFF
Electric Canvas Light,Light / SaaS,#FFFFFF,#F4F6F8,#29dbbd,#e52d4c,#1A202C
Corporate Sunset Bold,Bold / Artistic,#200850,#340d83,#b2ff19,#FFFFFF,#FFFFFF
Deep Frost Dark,Dark / Professional,#111314,#1c2021,#f05f42,#72e583,#F5F5F5
Slate Quartz Dark,Dark / Professional,#121312,#232522,#d2fa31,#72d0e5,#F5F5F5
Muted Forest Light,Light / SaaS,#FFFFFF,#F4F6F8,#1717bc,#e5e52d,#1A202C
Natural Copper Light,Light / SaaS,#FFFFFF,#F4F6F8,#15ca15,#e52de5,#1A202C
Dark Obsidian Bold,Bold / Artistic,#09094f,#0e0e82,#fffe19,#FFFFFF,#FFFFFF
Silent Forest Dark,Dark / Professional,#222521,#2f342e,#31d747,#7f72e5,#F5F5F5
Modern Glacier Dark,Dark / Professional,#181614,#2d2927,#e57a45,#72e596,#F5F5F5
Silent Velvet Bold,Bold / Artistic,#2a4a0a,#477d11,#8c19ff,#FFFFFF,#FFFFFF
Deep Sunset Light,Light / SaaS,#FFFFFF,#F4F6F8,#24c791,#e52d6b,#1A202C
Elegant Onyx Bold,Bold / Artistic,#490914,#7c0f21,#19ffd8,#FFFFFF,#FFFFFF
Soft Nebula Dark,Dark / Professional,#131310,#2b2b24,#b4dc56,#72c5e5,#F5F5F5
Zen Mist Dark,Dark / Professional,#242322,#383634,#3a9bfc,#e572ae,#F5F5F5
Urban Ember Dark,Dark / Professional,#1f1e23,#2f2e35,#2d47ea,#e57284,#F5F5F5
Modern Lagoon Dark,Dark / Professional,#232524,#353936,#f51bad,#c1e572,#F5F5F5
Urban Forest Dark,Dark / Professional,#101211,#242726,#f94fa4,#aee572,#F5F5F5
Natural Obsidian Light,Light / SaaS,#FFFFFF,#F4F6F8,#1791ce,#e56b2d,#1A202C
Vibrant Shadow Dark,Dark / Professional,#0b0d0e,#1e2224,#2070fa,#e5729f,#F5F5F5
Tech Horizon Dark,Dark / Professional,#131113,#272426,#e659ce,#d4e572,#F5F5F5
Electric Copper Light,Light / SaaS,#FFFFFF,#F4F6F8,#12c7c7,#e52d2d,#1A202C
Tech Midnight Bold,Bold / Artistic,#490a34,#7c1158,#19ff65,#FFFFFF,#FFFFFF
Soft Mist Dark,Dark / Professional,#1c181d,#2e272f,#dd5af8,#e5d072,#F5F5F5
Tech Desert Dark,Dark / Professional,#171a1b,#262b2d,#4a80dd,#e5729f,#F5F5F5
Soft Horizon Light,Light / SaaS,#FFFFFF,#F4F6F8,#d79a20,#2d6be5,#1A202C
Soft Horizon Light,Light / SaaS,#FFFFFF,#F4F6F8,#c834af,#2de54c,#1A202C
Silent Mist Bold,Bold / Artistic,#025c5c,#048f8f,#ff1919,#FFFFFF,#FFFFFF
Elegant Obsidian Dark,Dark / Professional,#0e100f,#232724,#28e165,#9672e5,#F5F5F5
Natural Mist Light,Light / SaaS,#FFFFFF,#F4F6F8,#571ecb,#a8e52d,#1A202C
Soft Horizon Dark,Dark / Professional,#1a1817,#292624,#44b0e6,#e572c1,#F5F5F5
Electric Ember Dark,Dark / Professional,#1b1b17,#2f2d28,#e9cb38,#72e5d0,#F5F5F5
Crimson Frost Dark,Dark / Professional,#161312,#292221,#e98c3b,#72e5a6,#F5F5F5
Royal Copper Light,Light / SaaS,#FFFFFF,#F4F6F8,#7ac431,#892de5,#1A202C
Zen Horizon Dark,Dark / Professional,#131210,#2a2723,#2a6ef8,#e5729b,#F5F5F5
Dark Copper Dark,Dark / Professional,#1e1f1e,#353835,#d225d2,#e5e372,#F5F5F5
Vibrant Sunset Light,Light / SaaS,#FFFFFF,#F4F6F8,#9fb62b,#4c2de5,#1A202C
Dark Desert Light,Light / SaaS,#FFFFFF,#F4F6F8,#8ee23a,#892de5,#1A202C
Elegant Copper Dark,Dark / Professional,#222225,#36373a,#3c20f4,#e57f72,#F5F5F5
Zen Velvet Dark,Dark / Professional,#241e23,#392f37,#f73ed8,#d4e572,#F5F5F5
Zen Glacier Bold,Bold / Artistic,#06064b,#0b0b7e,#fffe19,#FFFFFF,#FFFFFF
Future Horizon Bold,Bold / Artistic,#4a3e03,#7d6906,#193fff,#FFFFFF,#FFFFFF
Ocean Glacier Light,Light / SaaS,#FFFFFF,#F4F6F8,#c16b15,#2d89e5,#1A202C
Modern Velvet Dark,Dark / Professional,#0e0f0c,#242721,#d3f745,#72d0e5,#F5F5F5
Silent Horizon Dark,Dark / Professional,#191418,#282027,#d842ef,#e5d372,#F5F5F5
Silent Shadow Bold,Bold / Artistic,#0b3259,#124f8c,#ff8c19,#FFFFFF,#FFFFFF
Ocean Glacier Bold,Bold / Artistic,#5a4e0f,#8d7a17,#193fff,#FFFFFF,#FFFFFF
Ocean Velvet Light,Light / SaaS,#FFFFFF,#F4F6F8,#d9b70d,#2d4ce5,#1A202C
Zen Ember Dark,Dark / Professional,#222125,#34333a,#5d71ed,#e57284,#F5F5F5
Tech Velvet Light,Light / SaaS,#FFFFFF,#F4F6F8,#0d95d9,#e56b2d,#1A202C
Elegant Sunset Bold,Bold / Artistic,#0c394f,#145e82,#ff6619,#FFFFFF,#FFFFFF
Muted Canvas Dark,Dark / Professional,#1a1e1e,#272d2d,#fc4646,#75e572,#F5F5F5
Vibrant Glacier Bold,Bold / Artistic,#1a024c,#2c037f,#b2ff19,#FFFFFF,#FFFFFF
Ocean Frost Light,Light / SaaS,#FFFFFF,#F4F6F8,#00b51e,#e52dc6,#1A202C
Modern Quartz Light,Light / SaaS,#FFFFFF,#F4F6F8,#1fb852,#e52da8,#1A202C
Tech Iron Light,Light / SaaS,#FFFFFF,#F4F6F8,#dc2bdc,#2de52d,#1A202C
Dark Onyx Light,Light / SaaS,#FFFFFF,#F4F6F8,#0ad18f,#e52d6b,#1A202C
Electric Onyx Dark,Dark / Professional,#1b1f21,#2b3235,#347efe,#e5729f,#F5F5F5
Tech Obsidian Light,Light / SaaS,#FFFFFF,#F4F6F8,#0c2fdf,#e5c62d,#1A202C
Tech Frost Light,Light / SaaS,#FFFFFF,#F4F6F8,#4b2edb,#c6e52d,#1A202C
Tech Quartz Bold,Bold / Artistic,#104955,#1b7588,#ff3f19,#FFFFFF,#FFFFFF
Crimson Iron Dark,Dark / Professional,#221f25,#312d35,#903ce4,#e5a972,#F5F5F5
Muted Obsidian Dark,Dark / Professional,#10110e,#252721,#d4d933,#72e3e5,#F5F5F5
Dark Onyx Bold,Bold / Artistic,#0e4561,#156a94,#ff6619,#FFFFFF,#FFFFFF
Royal Nebula Bold,Bold / Artistic,#600010,#930019,#19ffd8,#FFFFFF,#FFFFFF
Future Copper Light,Light / SaaS,#FFFFFF,#F4F6F8,#10afce,#e54c2d,#1A202C
Soft Ember Light,Light / SaaS,#FFFFFF,#F4F6F8,#702fb2,#89e52d,#1A202C
Crimson Shadow Light,Light / SaaS,#FFFFFF,#F4F6F8,#d82cd8,#2de52d,#1A202C
Elegant Frost Light,Light / SaaS,#FFFFFF,#F4F6F8,#15c715,#e52de5,#1A202C
Future Steel Light,Light / SaaS,#FFFFFF,#F4F6F8,#bd0862,#2de589,#1A202C
Corporate Obsidian Dark,Dark / Professional,#1e1b20,#2b282e,#c647e6,#e5cc72,#F5F5F5
Tech Iron Light,Light / SaaS,#FFFFFF,#F4F6F8,#c11d6f,#2de589,#1A202C
Future Ember Dark,Dark / Professional,#0d0a0d,#1d181e,#be26dd,#e5d072,#F5F5F5
Natural Steel Light,Light / SaaS,#FFFFFF,#F4F6F8,#df0974,#2de589,#1A202C
Muted Sunset Dark,Dark / Professional,#0d0d0d,#201f20,#d82247,#8be572,#F5F5F5
Vibrant Shadow Light,Light / SaaS,#FFFFFF,#F4F6F8,#a3df2b,#6b2de5,#1A202C
Muted Frost Dark,Dark / Professional,#17171a,#28282c,#243cdb,#e57284,#F5F5F5
Muted Sunset Dark,Dark / Professional,#0e0c0f,#1b181d,#ab41e0,#e5bc72,#F5F5F5
Slate Velvet Dark,Dark / Professional,#0f0f11,#212227,#4c66e7,#e57288,#F5F5F5
Vibrant Mist Light,Light / SaaS,#FFFFFF,#F4F6F8,#d6563d,#2dc6e5,#1A202C
Tech Steel Bold,Bold / Artistic,#0a3245,#125678,#ff6619,#FFFFFF,#FFFFFF
Dark Canvas Dark,Dark / Professional,#100f11,#1f1e21,#a23edb,#e5b972,#F5F5F5
Tech Copper Dark,Dark / Professional,#1a201c,#2b342e,#ee51ba,#c1e572,#F5F5F5
Zen Lagoon Light,Light / SaaS,#FFFFFF,#F4F6F8,#c57d35,#2d89e5,#1A202C
Silent Obsidian Light,Light / SaaS,#FFFFFF,#F4F6F8,#b704da,#4ce52d,#1A202C
Modern Mist Light,Light / SaaS,#FFFFFF,#F4F6F8,#35cf4f,#e52dc6,#1A202C
Slate Obsidian Bold,Bold / Artistic,#365a12,#548d1c,#8c19ff,#FFFFFF,#FFFFFF
Crimson Desert Dark,Dark / Professional,#151512,#292b23,#7257f8,#e58372,#F5F5F5
Tech Sunset Light,Light / SaaS,#FFFFFF,#F4F6F8,#ca1a1a,#2de5e5,#1A202C
Royal Horizon Dark,Dark / Professional,#1c2120,#2f3735,#29ccb1,#d072e5,#F5F5F5
Future Quartz Light,Light / SaaS,#FFFFFF,#F4F6F8,#e02c68,#2de5a8,#1A202C
Future Iron Light,Light / SaaS,#FFFFFF,#F4F6F8,#b42fb4,#2de52d,#1A202C
Deep Obsidian Dark,Dark / Professional,#151a19,#202726,#25f5d3,#d072e5,#F5F5F5
Slate Glacier Dark,Dark / Professional,#181d1c,#2b3330,#57f4bf,#bc72e5,#F5F5F5
Zen Mist Dark,Dark / Professional,#111311,#232724,#39f778,#9672e5,#F5F5F5
Tech Desert Dark,Dark / Professional,#181816,#2b2c27,#9bdc51,#72b2e5,#F5F5F5
Soft Copper Dark,Dark / Professional,#161a1a,#222929,#25d19d,#c072e5,#F5F5F5
Vintage Velvet Dark,Dark / Professional,#21251f,#2f352c,#23f21c,#7278e5,#F5F5F5
Ocean Nebula Bold,Bold / Artistic,#420461,#650694,#66ff19,#FFFFFF,#FFFFFF
Slate Copper Dark,Dark / Professional,#1a161a,#272126,#1ddc3d,#8372e5,#F5F5F5
Crimson Canvas Light,Light / SaaS,#FFFFFF,#F4F6F8,#3cd1b8,#e52d4c,#1A202C
Electric Steel Dark,Dark / Professional,#141511,#282921,#8dea23,#72b2e5,#F5F5F5
Natural Obsidian Bold,Bold / Artistic,#204c09,#357f10,#b219ff,#FFFFFF,#FFFFFF
Deep Midnight Light,Light / SaaS,#FFFFFF,#F4F6F8,#b8a12f,#2d4ce5,#1A202C
Silent Copper Light,Light / SaaS,#FFFFFF,#F4F6F8,#1fa5c0,#e54c2d,#1A202C
Zen Canvas Light,Light / SaaS,#FFFFFF,#F4F6F8,#1891ce,#e56b2d,#1A202C
Urban Horizon Dark,Dark / Professional,#181413,#2c2524,#de7f2c,#72e5a6,#F5F5F5
Dark Desert Dark,Dark / Professional,#100f10,#1e1b1e,#8b3dcf,#e5ad72,#F5F5F5
Urban Obsidian Dark,Dark / Professional,#151215,#231e22,#29db46,#8372e5,#F5F5F5
Ocean Obsidian Light,Light / SaaS,#FFFFFF,#F4F6F8,#d06a36,#2da8e5,#1A202C
Silent Horizon Light,Light / SaaS,#FFFFFF,#F4F6F8,#1111b5,#e5e52d,#1A202C
Vintage Ember Dark,Dark / Professional,#21211d,#35352e,#4848ea,#e57275,#F5F5F5
Natural Velvet Dark,Dark / Professional,#0e0d0c,#1f1d19,#e7722f,#72e59a,#F5F5F5
Royal Mist Dark,Dark / Professional,#1c1719,#2c2527,#d13f70,#9be572,#F5F5F5
Electric Copper Dark,Dark / Professional,#1a1e1f,#282e2f,#469dea,#e572b2,#F5F5F5
Ocean Glacier Dark,Dark / Professional,#0e0f0e,#252727,#19c2dc,#e572d8,#F5F5F5
Muted Lagoon Bold,Bold / Artistic,#095c4e,#0f8f79,#ff193f,#FFFFFF,#FFFFFF
Corporate Horizon Dark,Dark / Professional,#1f2420,#313a33,#d337b9,#d4e572,#F5F5F5
Slate Mist Bold,Bold / Artistic,#583109,#8b4d0e,#198cff,#FFFFFF,#FFFFFF
Vintage Shadow Light,Light / SaaS,#FFFFFF,#F4F6F8,#9bce37,#6b2de5,#1A202C
Dark Mist Dark,Dark / Professional,#1e1818,#2d2525,#e52222,#75e572,#F5F5F5
Slate Iron Light,Light / SaaS,#FFFFFF,#F4F6F8,#5ebf2e,#a82de5,#1A202C
Dark Midnight Dark,Dark / Professional,#20201c,#2e2e29,#a7cc4f,#72c5e5,#F5F5F5
Electric Forest Light,Light / SaaS,#FFFFFF,#F4F6F8,#3edb72,#e52da8,#1A202C
Crimson Glacier Dark,Dark / Professional,#0c0c0e,#1d1e23,#3b5bfa,#e57288,#F5F5F5
Corporate Velvet Dark,Dark / Professional,#0d0b0a,#211d1b,#fa605b,#72e574,#F5F5F5
Royal Forest Dark,Dark / Professional,#0e0e0e,#1a1b1c,#3169d7,#e5729b,#F5F5F5
Vibrant Obsidian Dark,Dark / Professional,#1f2221,#303433,#59e1a2,#ad72e5,#F5F5F5
Royal Nebula Bold,Bold / Artistic,#03463b,#057966,#ff193f,#FFFFFF,#FFFFFF
Vibrant Quartz Bold,Bold / Artistic,#170a58,#25108b,#d8ff19,#FFFFFF,#FFFFFF
Soft Onyx Bold,Bold / Artistic,#180a5b,#25108e,#d8ff19,#FFFFFF,#FFFFFF
Urban Shadow Light,Light / SaaS,#FFFFFF,#F4F6F8,#b93460,#2de5a8,#1A202C
Crimson Mist Bold,Bold / Artistic,#42071b,#750c2f,#19ffb2,#FFFFFF,#FFFFFF
Electric Desert Dark,Dark / Professional,#1a1d1d,#313636,#37bdf6,#e572c5,#F5F5F5
Soft Frost Dark,Dark / Professional,#0d0e0d,#202420,#33e787,#a672e5,#F5F5F5
Modern Shadow Dark,Dark / Professional,#201d21,#2f2b31,#ec42f2,#e5df72,#F5F5F5
Natural Forest Dark,Dark / Professional,#111515,#1f2424,#d72929,#75e572,#F5F5F5
Urban Glacier Dark,Dark / Professional,#0e0f11,#1e1f23,#fae05b,#72e5d0,#F5F5F5
Tech Midnight Dark,Dark / Professional,#16161b,#272730,#3131cc,#e57275,#F5F5F5
Dark Iron Light,Light / SaaS,#FFFFFF,#F4F6F8,#73bb2b,#892de5,#1A202C
Soft Sunset Dark,Dark / Professional,#0e0e0d,#232422,#86e64f,#729fe5,#F5F5F5
Elegant Copper Dark,Dark / Professional,#11120e,#21221c,#cae834,#72d4e5,#F5F5F5
Royal Midnight Bold,Bold / Artistic,#21370a,#3f6a14,#8c19ff,#FFFFFF,#FFFFFF
Deep Horizon Light,Light / SaaS,#FFFFFF,#F4F6F8,#2fd82f,#e52de5,#1A202C
Ocean Obsidian Light,Light / SaaS,#FFFFFF,#F4F6F8,#deb901,#2d4ce5,#1A202C
Crimson Velvet Dark,Dark / Professional,#181715,#2c2a27,#f2d354,#72e5cc,#F5F5F5
Vibrant Onyx Dark,Dark / Professional,#1f211e,#30332f,#1af637,#7f72e5,#F5F5F5
Modern Glacier Dark,Dark / Professional,#100d0f,#201a1e,#3cd870,#9672e5,#F5F5F5
Slate Desert Bold,Bold / Artistic,#554910,#88751a,#193fff,#FFFFFF,#FFFFFF
Silent Velvet Dark,Dark / Professional,#241e1e,#352d2d,#cc734c,#72e592,#F5F5F5
Dark Mist Dark,Dark / Professional,#1e1a1a,#352f2f,#e62f2f,#75e572,#F5F5F5
Soft Forest Bold,Bold / Artistic,#5e5009,#917b0e,#193fff,#FFFFFF,#FFFFFF
Zen Sunset Dark,Dark / Professional,#1e2226,#2f353b,#2cb0d1,#e572d0,#F5F5F5
Ocean Lagoon Light,Light / SaaS,#FFFFFF,#F4F6F8,#cd02cd,#2de52d,#1A202C
Ocean Iron Dark,Dark / Professional,#202220,#2d312f,#34dd9f,#b972e5,#F5F5F5
Muted Velvet Light,Light / SaaS,#FFFFFF,#F4F6F8,#c2531b,#2da8e5,#1A202C
Deep Midnight Dark,Dark / Professional,#0f0e10,#272427,#48f026,#7288e5,#F5F5F5
Urban Lagoon Dark,Dark / Professional,#171613,#2e2c28,#e1aa3d,#72e5bc,#F5F5F5
Future Frost Dark,Dark / Professional,#100f0e,#201e1c,#e0ab4e,#72e5b9,#F5F5F5
Future Iron Bold,Bold / Artistic,#442200,#773b00,#198cff,#FFFFFF,#FFFFFF
Ocean Nebula Dark,Dark / Professional,#0e0e0f,#201f21,#d121fd,#e5cc72,#F5F5F5
Royal Iron Light,Light / SaaS,#FFFFFF,#F4F6F8,#10d191,#e52d6b,#1A202C
Crimson Obsidian Light,Light / SaaS,#FFFFFF,#F4F6F8,#cd297b,#2de589,#1A202C
Dark Glacier Dark,Dark / Professional,#171915,#232721,#6cd13a,#729be5,#F5F5F5
Muted Obsidian Light,Light / SaaS,#FFFFFF,#F4F6F8,#35c735,#e52de5,#1A202C
Deep Copper Light,Light / SaaS,#FFFFFF,#F4F6F8,#a2bd1a,#4c2de5,#1A202C
Crimson Desert Dark,Dark / Professional,#0d0d0d,#222423,#45d789,#a672e5,#F5F5F5
Future Steel Dark,Dark / Professional,#101310,#1b201c,#6ef959,#7284e5,#F5F5F5
Elegant Velvet Bold,Bold / Artistic,#060655,#0a0a88,#fffe19,#FFFFFF,#FFFFFF
Electric Velvet Bold,Bold / Artistic,#454504,#787807,#1919ff,#FFFFFF,#FFFFFF
Vintage Sunset Dark,Dark / Professional,#1a1b1f,#292b31,#4f54f0,#e57278,#F5F5F5
Muted Steel Bold,Bold / Artistic,#0a5730,#108a4d,#ff198c,#FFFFFF,#FFFFFF
Elegant Nebula Light,Light / SaaS,#FFFFFF,#F4F6F8,#04cccc,#e52d2d,#1A202C
Modern Quartz Light,Light / SaaS,#FFFFFF,#F4F6F8,#c51010,#2de5e5,#1A202C
Natural Canvas Light,Light / SaaS,#FFFFFF,#F4F6F8,#1212cd,#e5e52d,#1A202C
Future Sunset Light,Light / SaaS,#FFFFFF,#F4F6F8,#4603cd,#a8e52d,#1A202C
Dark Frost Dark,Dark / Professional,#26201f,#3c3432,#d08a4c,#72e5a6,#F5F5F5
Electric Obsidian Bold,Bold / Artistic,#04043e,#070771,#fffe19,#FFFFFF,#FFFFFF
Dark Midnight Dark,Dark / Professional,#24251f,#383a30,#b5ce3c,#72d4e5,#F5F5F5
Future Horizon Dark,Dark / Professional,#1a1b1d,#292b2e,#3ab6fe,#e572bd,#F5F5F5
Royal Mist Dark,Dark / Professional,#0e0c0c,#1c1818,#df7649,#72e592,#F5F5F5
Soft Iron Dark,Dark / Professional,#181d1a,#2b342e,#fc32b9,#c1e572,#F5F5F5
Corporate Mist Bold,Bold / Artistic,#330533,#660a66,#19ff19,#FFFFFF,#FFFFFF
Dark Velvet Dark,Dark / Professional,#212421,#343834,#e93de9,#e5e372,#F5F5F5
Elegant Quartz Dark,Dark / Professional,#0b0c0d,#1c1e22,#3a71de,#e5729b,#F5F5F5
Electric Horizon Light,Light / SaaS,#FFFFFF,#F4F6F8,#59da40,#c62de5,#1A202C
Soft Copper Dark,Dark / Professional,#171917,#242724,#f95adf,#d4e572,#F5F5F5
Ocean Glacier Dark,Dark / Professional,#0d0e0f,#202123,#1988f8,#e572ae,#F5F5F5
Tech Mist Dark,Dark / Professional,#1a1a21,#2a2a34,#dada2e,#72e5e3,#F5F5F5
Crimson Horizon Light,Light / SaaS,#FFFFFF,#F4F6F8,#de6d35,#2da8e5,#1A202C
Zen Nebula Dark,Dark / Professional,#110e0f,#292122,#d8442e,#72e57f,#F5F5F5
Vibrant Mist Dark,Dark / Professional,#0f0e0e,#252222,#df3d3d,#75e572,#F5F5F5
Crimson Sunset Bold,Bold / Artistic,#570c19,#8a1427,#19ffd8,#FFFFFF,#FFFFFF
Muted Mist Dark,Dark / Professional,#25251f,#393930,#f5c65a,#72e5c0,#F5F5F5
Muted Shadow Light,Light / SaaS,#FFFFFF,#F4F6F8,#14d935,#e52dc6,#1A202C
Natural Glacier Dark,Dark / Professional,#131410,#262921,#7fdd49,#729fe5,#F5F5F5
Urban Forest Light,Light / SaaS,#FFFFFF,#F4F6F8,#d39a29,#2d6be5,#1A202C
Natural Sunset Dark,Dark / Professional,#0c0d0d,#1f2021,#53a3f2,#e572ae,#F5F5F5
Vintage Steel Light,Light / SaaS,#FFFFFF,#F4F6F8,#43c303,#a82de5,#1A202C
Electric Steel Light,Light / SaaS,#FFFFFF,#F4F6F8,#1cd698,#e52d6b,#1A202C
Crimson Ember Dark,Dark / Professional,#1a2020,#293333,#36d2d2,#e372e5,#F5F5F5
Corporate Nebula Bold,Bold / Artistic,#03541e,#068731,#ff19b2,#FFFFFF,#FFFFFF
Electric Onyx Dark,Dark / Professional,#1e1c20,#2c292e,#c71ff1,#e5cc72,#F5F5F5
Elegant Ember Bold,Bold / Artistic,#361c03,#693806,#198cff,#FFFFFF,#FFFFFF
Ocean Steel Bold,Bold / Artistic,#15460b,#257914,#d819ff,#FFFFFF,#FFFFFF
Ocean Horizon Dark,Dark / Professional,#0c0f0c,#181e18,#29da29,#7275e5,#F5F5F5
Muted Iron Light,Light / SaaS,#FFFFFF,#F4F6F8,#d7730f,#2d89e5,#1A202C
Silent Ember Dark,Dark / Professional,#141615,#242927,#2cd3cd,#df72e5,#F5F5F5
Urban Sunset Dark,Dark / Professional,#111012,#201e21,#6122ce,#e59a72,#F5F5F5
Urban Onyx Bold,Bold / Artistic,#2b3304,#576608,#3f19ff,#FFFFFF,#FFFFFF
Muted Quartz Light,Light / SaaS,#FFFFFF,#F4F6F8,#7bb704,#6b2de5,#1A202C
Muted Lagoon Dark,Dark / Professional,#0c0c0c,#1d1f1f,#41ebce,#d072e5,#F5F5F5
Ocean Mist Bold,Bold / Artistic,#032343,#053d76,#ff8c19,#FFFFFF,#FFFFFF
Silent Desert Dark,Dark / Professional,#161718,#2a2b2d,#3137d0,#e57278,#F5F5F5
Vibrant Lagoon Dark,Dark / Professional,#141614,#242724,#2fcc49,#8372e5,#F5F5F5
Future Shadow Light,Light / SaaS,#FFFFFF,#F4F6F8,#04d38e,#e52d6b,#1A202C
Silent Ember Dark,Dark / Professional,#171312,#2c2423,#e78632,#72e5a6,#F5F5F5
Crimson Frost Dark,Dark / Professional,#1e2323,#2b3131,#3aeaea,#e372e5,#F5F5F5
Royal Forest Bold,Bold / Artistic,#643a10,#975819,#198cff,#FFFFFF,#FFFFFF
Muted Horizon Light,Light / SaaS,#FFFFFF,#F4F6F8,#c18610,#2d6be5,#1A202C
Modern Frost Dark,Dark / Professional,#21231c,#383c31,#bcf745,#72c1e5,#F5F5F5
Deep Ember Bold,Bold / Artistic,#033363,#044d96,#ff8c19,#FFFFFF,#FFFFFF
Natural Glacier Light,Light / SaaS,#FFFFFF,#F4F6F8,#26c1c1,#e52d2d,#1A202C
Soft Ember Light,Light / SaaS,#FFFFFF,#F4F6F8,#79db18,#892de5,#1A202C
Elegant Iron Bold,Bold / Artistic,#4e3400,#815601,#1965ff,#FFFFFF,#FFFFFF
Soft Midnight Bold,Bold / Artistic,#0d4d4d,#158080,#ff1919,#FFFFFF,#FFFFFF
Muted Onyx Light,Light / SaaS,#FFFFFF,#F4F6F8,#df4c2e,#2dc6e5,#1A202C
Dark Sunset Dark,Dark / Professional,#211d1b,#39322e,#eba223,#72e5b9,#F5F5F5
Vibrant Glacier Bold,Bold / Artistic,#3f0522,#720a3e,#19ff8c,#FFFFFF,#FFFFFF
Corporate Velvet Dark,Dark / Professional,#161312,#2c2825,#eaaf47,#72e5b9,#F5F5F5
Tech Velvet Dark,Dark / Professional,#1e1c20,#2e2b31,#ae19d3,#e5cc72,#F5F5F5
Urban Horizon Dark,Dark / Professional,#0d0b0b,#221e1d,#e77059,#72e583,#F5F5F5
Elegant Steel Dark,Dark / Professional,#0f1210,#212a24,#2cfd72,#9672e5,#F5F5F5
Elegant Shadow Dark,Dark / Professional,#201d1e,#393436,#e32349,#8be572,#F5F5F5
Natural Horizon Light,Light / SaaS,#FFFFFF,#F4F6F8,#b80505,#2de5e5,#1A202C
Deep Copper Light,Light / SaaS,#FFFFFF,#F4F6F8,#12bb4a,#e52da8,#1A202C
Corporate Steel Bold,Bold / Artistic,#4d0c2d,#80144a,#19ff8c,#FFFFFF,#FFFFFF
Tech Mist Light,Light / SaaS,#FFFFFF,#F4F6F8,#255fd5,#e5a82d,#1A202C
Elegant Steel Dark,Dark / Professional,#100e0e,#292525,#fa4949,#75e572,#F5F5F5
Soft Nebula Light,Light / SaaS,#FFFFFF,#F4F6F8,#97b308,#4c2de5,#1A202C
Crimson Forest Light,Light / SaaS,#FFFFFF,#F4F6F8,#c7c725,#2d2de5,#1A202C
Deep Mist Dark,Dark / Professional,#111210,#222521,#41ee3b,#7278e5,#F5F5F5
Tech Lagoon Dark,Dark / Professional,#171b17,#2c322c,#6feb3b,#7297e5,#F5F5F5
Modern Lagoon Light,Light / SaaS,#FFFFFF,#F4F6F8,#4f33da,#c6e52d,#1A202C
Vibrant Onyx Bold,Bold / Artistic,#4a0404,#7d0808,#19ffff,#FFFFFF,#FFFFFF
Future Midnight Dark,Dark / Professional,#191716,#322e2c,#e68656,#72e596,#F5F5F5
Dark Copper Dark,Dark / Professional,#1f1d20,#2c292d,#e73eed,#e5df72,#F5F5F5
Deep Sunset Dark,Dark / Professional,#0d0b0d,#241e23,#dc29f8,#e5d372,#F5F5F5
Ocean Horizon Light,Light / SaaS,#FFFFFF,#F4F6F8,#128ac6,#e56b2d,#1A202C
Silent Lagoon Light,Light / SaaS,#FFFFFF,#F4F6F8,#d49e33,#2d6be5,#1A202C
Modern Canvas Dark,Dark / Professional,#1e221c,#2c3329,#60d028,#729be5,#F5F5F5
Ocean Shadow Light,Light / SaaS,#FFFFFF,#F4F6F8,#cd3d9d,#2de56b,#1A202C
Future Glacier Dark,Dark / Professional,#1b161b,#2f282f,#e12de1,#e5e372,#F5F5F5
Natural Mist Dark,Dark / Professional,#0b0d0d,#1e2423,#25e4c4,#d072e5,#F5F5F5
Zen Copper Dark,Dark / Professional,#1f1d24,#2b2731,#7137e3,#e59672,#F5F5F5
Vintage Iron Bold,Bold / Artistic,#0e5733,#168a50,#ff198c,#FFFFFF,#FFFFFF
Silent Glacier Light,Light / SaaS,#FFFFFF,#F4F6F8,#253ebc,#e5c62d,#1A202C
Crimson Velvet Dark,Dark / Professional,#1d1c21,#312e37,#403bd2,#e57472,#F5F5F5
Ocean Copper Bold,Bold / Artistic,#123401,#246703,#b219ff,#FFFFFF,#FFFFFF
Silent Copper Light,Light / SaaS,#FFFFFF,#F4F6F8,#c829ae,#2de54c,#1A202C
Modern Shadow Dark,Dark / Professional,#1e1d21,#2e2c33,#ace53a,#72c1e5,#F5F5F5
Muted Ember Dark,Dark / Professional,#1b1a1c,#282729,#90fa27,#72aee5,#F5F5F5
Royal Mist Bold,Bold / Artistic,#606004,#939306,#1919ff,#FFFFFF,#FFFFFF
Vintage Quartz Dark,Dark / Professional,#0f0d0c,#262220,#f9aa21,#72e5b9,#F5F5F5
Ocean Horizon Light,Light / SaaS,#FFFFFF,#F4F6F8,#b47d10,#2d6be5,#1A202C
Soft Steel Light,Light / SaaS,#FFFFFF,#F4F6F8,#25e025,#e52de5,#1A202C
Royal Obsidian Light,Light / SaaS,#FFFFFF,#F4F6F8,#e23715,#2dc6e5,#1A202C
Urban Quartz Bold,Bold / Artistic,#294e04,#458108,#8c19ff,#FFFFFF,#FFFFFF
Royal Copper Bold,Bold / Artistic,#08083a,#10106d,#fffe19,#FFFFFF,#FFFFFF
Ocean Lagoon Bold,Bold / Artistic,#643403,#974e05,#198cff,#FFFFFF,#FFFFFF
Dark Velvet Dark,Dark / Professional,#161614,#2e2e2a,#4f4fe9,#e57275,#F5F5F5
Ocean Quartz Bold,Bold / Artistic,#4e2b08,#81470d,#198cff,#FFFFFF,#FFFFFF
Slate Sunset Bold,Bold / Artistic,#02025d,#030390,#fffe19,#FFFFFF,#FFFFFF
Ocean Quartz Dark,Dark / Professional,#201e1c,#393633,#d9b527,#72e5cc,#F5F5F5
Elegant Nebula Dark,Dark / Professional,#161816,#252826,#26d293,#b972e5,#F5F5F5
Urban Frost Dark,Dark / Professional,#0b0e0e,#1b1f1f,#4ce7b8,#c072e5,#F5F5F5
Elegant Forest Bold,Bold / Artistic,#390739,#6c0d6c,#19ff19,#FFFFFF,#FFFFFF
Corporate Mist Bold,Bold / Artistic,#0c620c,#139513,#ff19ff,#FFFFFF,#FFFFFF
Crimson Obsidian Dark,Dark / Professional,#161715,#272825,#d2d64c,#72e3e5,#F5F5F5
Deep Sunset Light,Light / SaaS,#FFFFFF,#F4F6F8,#2987b6,#e56b2d,#1A202C
Future Glacier Dark,Dark / Professional,#1d1a1f,#2a262e,#de61fd,#e5cc72,#F5F5F5
Slate Onyx Light,Light / SaaS,#FFFFFF,#F4F6F8,#391bd0,#c6e52d,#1A202C
Future Sunset Bold,Bold / Artistic,#4f042a,#820644,#19ff8c,#FFFFFF,#FFFFFF
Vibrant Ember Light,Light / SaaS,#FFFFFF,#F4F6F8,#13cbad,#e52d4c,#1A202C
Deep Obsidian Dark,Dark / Professional,#111515,#1c2223,#fb6446,#72e583,#F5F5F5
Corporate Velvet Dark,Dark / Professional,#222325,#383a3d,#4248fc,#e57278,#F5F5F5
Vintage Desert Bold,Bold / Artistic,#084141,#0f7474,#ff1919,#FFFFFF,#FFFFFF
Royal Quartz Bold,Bold / Artistic,#07134f,#0d2082,#ffd819,#FFFFFF,#FFFFFF
Ocean Obsidian Bold,Bold / Artistic,#4c072a,#7f0d46,#19ff8c,#FFFFFF,#FFFFFF
Royal Midnight Dark,Dark / Professional,#201b1e,#30292e,#fb4084,#9fe572,#F5F5F5
Muted Quartz Light,Light / SaaS,#FFFFFF,#F4F6F8,#bf36db,#4ce52d,#1A202C
Ocean Steel Dark,Dark / Professional,#1e1f22,#292a2f,#5d49dd,#e57f72,#F5F5F5
Natural Forest Dark,Dark / Professional,#171714,#2a2a24,#f2bd40,#72e5c0,#F5F5F5
Slate Canvas Dark,Dark / Professional,#1a1518,#2f262c,#d64cd1,#e3e572,#F5F5F5
Urban Midnight Dark,Dark / Professional,#171c19,#2b332f,#40e461,#8772e5,#F5F5F5
Elegant Frost Dark,Dark / Professional,#10120e,#242720,#81d42d,#72aee5,#F5F5F5
Vintage Midnight Light,Light / SaaS,#FFFFFF,#F4F6F8,#2ed29b,#e52d6b,#1A202C
Deep Onyx Dark,Dark / Professional,#161915,#2c322a,#68d133,#729be5,#F5F5F5
Electric Lagoon Light,Light / SaaS,#FFFFFF,#F4F6F8,#b84207,#2da8e5,#1A202C
Urban Nebula Bold,Bold / Artistic,#075815,#0b8b21,#ff19d8,#FFFFFF,#FFFFFF
Electric Copper Bold,Bold / Artistic,#293c04,#4c6f07,#6519ff,#FFFFFF,#FFFFFF
Deep Quartz Bold,Bold / Artistic,#581028,#8b1a40,#19ffb2,#FFFFFF,#FFFFFF
Dark Desert Bold,Bold / Artistic,#0d553d,#158862,#ff1966,#FFFFFF,#FFFFFF
Natural Mist Bold,Bold / Artistic,#014919,#017c2a,#ff19b2,#FFFFFF,#FFFFFF
Royal Midnight Bold,Bold / Artistic,#113709,#206a12,#d819ff,#FFFFFF,#FFFFFF
Soft Quartz Dark,Dark / Professional,#0f0e0f,#1f1d20,#66f14b,#7288e5,#F5F5F5
Corporate Sunset Dark,Dark / Professional,#10110e,#262922,#84fa40,#729fe5,#F5F5F5
Modern Shadow Dark,Dark / Professional,#100f0e,#242120,#ed6c2b,#72e596,#F5F5F5
Zen Horizon Dark,Dark / Professional,#0d0e10,#181a1e,#2b91cc,#e572bd,#F5F5F5
Natural Ember Dark,Dark / Professional,#111010,#232121,#fa1f43,#88e572,#F5F5F5
Muted Canvas Bold,Bold / Artistic,#086326,#0c963a,#ff19b2,#FFFFFF,#FFFFFF
Vintage Sunset Light,Light / SaaS,#FFFFFF,#F4F6F8,#2bdb08,#c62de5,#1A202C
Future Obsidian Bold,Bold / Artistic,#0b243c,#15426f,#ff8c19,#FFFFFF,#FFFFFF
Silent Frost Light,Light / SaaS,#FFFFFF,#F4F6F8,#c78605,#2d6be5,#1A202C
Electric Quartz Dark,Dark / Professional,#242221,#33312f,#dc6649,#72e587,#F5F5F5
Urban Shadow Dark,Dark / Professional,#101012,#242429,#4c4cdf,#e57275,#F5F5F5
Urban Velvet Bold,Bold / Artistic,#0b2456,#123a89,#ffb219,#FFFFFF,#FFFFFF
Zen Forest Light,Light / SaaS,#FFFFFF,#F4F6F8,#109bb7,#e54c2d,#1A202C
Vintage Lagoon Dark,Dark / Professional,#181718,#262426,#19e65d,#9672e5,#F5F5F5
Ocean Quartz Dark,Dark / Professional,#0f0d0f,#211d22,#9c50de,#e5ad72,#F5F5F5
Elegant Frost Dark,Dark / Professional,#1e1c1e,#2f2d30,#80ea4b,#729be5,#F5F5F5
Soft Copper Dark,Dark / Professional,#0c0d0d,#1b1d1e,#498fcc,#e572b2,#F5F5F5
Future Glacier Dark,Dark / Professional,#1b1c1d,#2f3232,#44eed8,#d372e5,#F5F5F5
Vintage Forest Light,Light / SaaS,#FFFFFF,#F4F6F8,#83cd3a,#892de5,#1A202C
Urban Forest Bold,Bold / Artistic,#452f02,#785104,#1965ff,#FFFFFF,#FFFFFF
Vibrant Ember Dark,Dark / Professional,#1e2121,#2e3232,#1ffc95,#ad72e5,#F5F5F5
Modern Forest Light,Light / SaaS,#FFFFFF,#F4F6F8,#3737d9,#e5e52d,#1A202C
Deep Quartz Bold,Bold / Artistic,#510101,#840202,#19ffff,#FFFFFF,#FFFFFF
Natural Onyx Dark,Dark / Professional,#101210,#252b25,#f545f5,#e5e372,#F5F5F5
Urban Steel Dark,Dark / Professional,#232620,#393d34,#a3f84d,#72aee5,#F5F5F5
Ocean Mist Dark,Dark / Professional,#1c1d1e,#313134,#eac81d,#72e5d0,#F5F5F5
Natural Iron Dark,Dark / Professional,#0d0b0b,#1f1c1c,#e86d39,#72e592,#F5F5F5
Elegant Midnight Dark,Dark / Professional,#171b1d,#23282b,#25aaed,#e572c1,#F5F5F5
Deep Obsidian Dark,Dark / Professional,#222224,#333335,#e6ce57,#72e5d0,#F5F5F5
Vintage Lagoon Bold,Bold / Artistic,#5b033d,#8e0560,#19ff65,#FFFFFF,#FFFFFF
Ocean Lagoon Bold,Bold / Artistic,#51450b,#847112,#193fff,#FFFFFF,#FFFFFF
Royal Forest Dark,Dark / Professional,#0d0d0f,#1e1e21,#4f18cf,#e59272,#F5F5F5
Muted Desert Bold,Bold / Artistic,#023a02,#036d03,#ff19ff,#FFFFFF,#FFFFFF
Deep Mist Light,Light / SaaS,#FFFFFF,#F4F6F8,#bd2b2b,#2de5e5,#1A202C
Silent Nebula Bold,Bold / Artistic,#0d3605,#1a690a,#d819ff,#FFFFFF,#FFFFFF
Deep Velvet Dark,Dark / Professional,#1d1f1e,#2c2f2d,#f75ac3,#c1e572,#F5F5F5
Deep Steel Dark,Dark / Professional,#201d19,#2f2a26,#d9b216,#72e5cc,#F5F5F5
Silent Ember Bold,Bold / Artistic,#250b5a,#3b128d,#b2ff19,#FFFFFF,#FFFFFF
Modern Quartz Light,Light / SaaS,#FFFFFF,#F4F6F8,#c10c84,#2de56b,#1A202C
Corporate Shadow Bold,Bold / Artistic,#0f0638,#1c0d6b,#d8ff19,#FFFFFF,#FFFFFF
Ocean Shadow Dark,Dark / Professional,#24241d,#39392e,#e7b94d,#72e5c0,#F5F5F5
Vintage Lagoon Bold,Bold / Artistic,#500606,#830909,#19ffff,#FFFFFF,#FFFFFF
Dark Velvet Bold,Bold / Artistic,#090945,#0f0f78,#fffe19,#FFFFFF,#FFFFFF
Crimson Iron Dark,Dark / Professional,#1b1e1c,#292e2c,#33d785,#a972e5,#F5F5F5
Vibrant Forest Light,Light / SaaS,#FFFFFF,#F4F6F8,#bb1919,#2de5e5,#1A202C
Deep Nebula Dark,Dark / Professional,#171618,#262428,#8738d6,#e5a972,#F5F5F5
Slate Lagoon Bold,Bold / Artistic,#2d5901,#478c02,#8c19ff,#FFFFFF,#FFFFFF
Future Lagoon Bold,Bold / Artistic,#65470b,#986b11,#1965ff,#FFFFFF,#FFFFFF
Tech Quartz Dark,Dark / Professional,#1f1a19,#2e2725,#e18332,#72e5a6,#F5F5F5
Electric Canvas Light,Light / SaaS,#FFFFFF,#F4F6F8,#bd3690,#2de56b,#1A202C
Elegant Glacier Bold,Bold / Artistic,#362708,#694b0f,#1965ff,#FFFFFF,#FFFFFF
Dark Onyx Dark,Dark / Professional,#0d0e0e,#212425,#55f1dc,#d372e5,#F5F5F5
Electric Velvet Light,Light / SaaS,#FFFFFF,#F4F6F8,#356fe3,#e5a82d,#1A202C
Crimson Onyx Dark,Dark / Professional,#111112,#252427,#c6fb5b,#72c1e5,#F5F5F5
Vintage Frost Dark,Dark / Professional,#22201f,#343230,#ec8b29,#72e5a9,#F5F5F5
Royal Sunset Dark,Dark / Professional,#202424,#2b3231,#47bcce,#e572d8,#F5F5F5
Future Lagoon Dark,Dark / Professional,#23201e,#3b3533,#45baf5,#e572c1,#F5F5F5
Natural Nebula Dark,Dark / Professional,#1c1719,#2b2327,#d0536c,#8be572,#F5F5F5
Vibrant Mist Dark,Dark / Professional,#18181c,#26252b,#d8f351,#72d4e5,#F5F5F5
Deep Desert Light,Light / SaaS,#FFFFFF,#F4F6F8,#20e482,#e52d89,#1A202C
Slate Forest Dark,Dark / Professional,#0b0c0d,#202324,#50b7eb,#e572c1,#F5F5F5
Modern Desert Light,Light / SaaS,#FFFFFF,#F4F6F8,#b3b32d,#2d2de5,#1A202C
Slate Canvas Dark,Dark / Professional,#141514,#212221,#cc469f,#c1e572,#F5F5F5
Electric Ember Bold,Bold / Artistic,#270964,#3b0d97,#b2ff19,#FFFFFF,#FFFFFF
Vintage Iron Light,Light / SaaS,#FFFFFF,#F4F6F8,#2ce12c,#e52de5,#1A202C
Silent Velvet Dark,Dark / Professional,#1e211c,#30362e,#2cd226,#7278e5,#F5F5F5
Vibrant Steel Bold,Bold / Artistic,#600101,#930202,#19ffff,#FFFFFF,#FFFFFF
Muted Steel Bold,Bold / Artistic,#070747,#0d0d7a,#fffe19,#FFFFFF,#FFFFFF
Deep Onyx Dark,Dark / Professional,#131112,#282325,#f24366,#8be572,#F5F5F5
Vintage Velvet Dark,Dark / Professional,#141618,#272b2e,#4c6ae3,#e5728b,#F5F5F5
Urban Frost Dark,Dark / Professional,#1b1b17,#31322b,#6448f0,#e58372,#F5F5F5
Vibrant Glacier Bold,Bold / Artistic,#0a3e1b,#137132,#ff19b2,#FFFFFF,#FFFFFF
Soft Mist Bold,Bold / Artistic,#233302,#456604,#6519ff,#FFFFFF,#FFFFFF
Dark Velvet Dark,Dark / Professional,#141210,#292421,#27aff3,#e572c1,#F5F5F5
Silent Obsidian Light,Light / SaaS,#FFFFFF,#F4F6F8,#205acd,#e5a82d,#1A202C
Vintage Nebula Light,Light / SaaS,#FFFFFF,#F4F6F8,#b1d018,#4c2de5,#1A202C
Zen Mist Dark,Dark / Professional,#212622,#373e39,#52d991,#a672e5,#F5F5F5
Modern Onyx Bold,Bold / Artistic,#330749,#570c7c,#66ff19,#FFFFFF,#FFFFFF
Vibrant Frost Dark,Dark / Professional,#121011,#272326,#dc4b99,#b2e572,#F5F5F5
Silent Glacier Dark,Dark / Professional,#151612,#282b24,#d2d827,#72e3e5,#F5F5F5
Elegant Quartz Light,Light / SaaS,#FFFFFF,#F4F6F8,#56e33a,#c62de5,#1A202C
Urban Canvas Light,Light / SaaS,#FFFFFF,#F4F6F8,#bdbd36,#2d2de5,#1A202C
Silent Canvas Light,Light / SaaS,#FFFFFF,#F4F6F8,#008ed5,#e56b2d,#1A202C
Dark Sunset Dark,Dark / Professional,#1a1b1d,#26272a,#4147f7,#e57278,#F5F5F5
Modern Copper Dark,Dark / Professional,#1c1e19,#282b24,#7cd027,#72aee5,#F5F5F5
Electric Quartz Bold,Bold / Artistic,#230f4c,#3b197f,#b2ff19,#FFFFFF,#FFFFFF
Corporate Onyx Dark,Dark / Professional,#19181d,#28262f,#485bd7,#e57284,#F5F5F5
Electric Sunset Dark,Dark / Professional,#1b1e1d,#2e3332,#1cf3cf,#d072e5,#F5F5F5
Vintage Sunset Light,Light / SaaS,#FFFFFF,#F4F6F8,#c0df28,#4c2de5,#1A202C
Vintage Horizon Bold,Bold / Artistic,#530720,#860b34,#19ffb2,#FFFFFF,#FFFFFF
Ocean Quartz Bold,Bold / Artistic,#4c0000,#7f0101,#19ffff,#FFFFFF,#FFFFFF
Deep Canvas Dark,Dark / Professional,#141313,#2d2c2b,#faba4c,#72e5b9,#F5F5F5
Soft Copper Dark,Dark / Professional,#0e0c0d,#1e191c,#e147ae,#c1e572,#F5F5F5
Vintage Nebula Light,Light / SaaS,#FFFFFF,#F4F6F8,#a22cdd,#6be52d,#1A202C
Royal Ember Light,Light / SaaS,#FFFFFF,#F4F6F8,#4fc414,#a82de5,#1A202C
Dark Iron Bold,Bold / Artistic,#580a58,#8b108b,#19ff19,#FFFFFF,#FFFFFF
Natural Midnight Dark,Dark / Professional,#1b1c1e,#2b2d30,#393fd4,#e57278,#F5F5F5
Future Canvas Dark,Dark / Professional,#101011,#1c1c1e,#5a41d6,#e58372,#F5F5F5
Soft Midnight Bold,Bold / Artistic,#062d40,#0b5073,#ff6619,#FFFFFF,#FFFFFF
Slate Obsidian Light,Light / SaaS,#FFFFFF,#F4F6F8,#3092c2,#e56b2d,#1A202C
Muted Midnight Light,Light / SaaS,#FFFFFF,#F4F6F8,#7bd126,#892de5,#1A202C
Zen Onyx Dark,Dark / Professional,#0e0c0d,#1e1a1d,#e21862,#9fe572,#F5F5F5
Silent Mist Bold,Bold / Artistic,#0a0135,#130368,#d8ff19,#FFFFFF,#FFFFFF
Vibrant Midnight Bold,Bold / Artistic,#474709,#7a7a10,#1919ff,#FFFFFF,#FFFFFF
Tech Sunset Bold,Bold / Artistic,#41410c,#747415,#1919ff,#FFFFFF,#FFFFFF
Soft Quartz Light,Light / SaaS,#FFFFFF,#F4F6F8,#d60b92,#2de56b,#1A202C
Silent Frost Bold,Bold / Artistic,#5a094d,#8d0f78,#19ff3f,#FFFFFF,#FFFFFF
Vibrant Lagoon Dark,Dark / Professional,#242124,#322d32,#ba29f8,#e5c072,#F5F5F5
Ocean Lagoon Bold,Bold / Artistic,#0c0338,#17076b,#d8ff19,#FFFFFF,#FFFFFF
Soft Forest Dark,Dark / Professional,#1e1d1b,#2b2927,#e59749,#72e5a9,#F5F5F5
Ocean Canvas Dark,Dark / Professional,#0f100d,#1c1d18,#aecc1a,#72d4e5,#F5F5F5
Ocean Horizon Dark,Dark / Professional,#1a1f1b,#2f3831,#29df7e,#a672e5,#F5F5F5
Modern Quartz Bold,Bold / Artistic,#3a0a52,#5e1185,#66ff19,#FFFFFF,#FFFFFF
Deep Frost Light,Light / SaaS,#FFFFFF,#F4F6F8,#05c3a3,#e52d4c,#1A202C
Slate Lagoon Dark,Dark / Professional,#141413,#20211f,#934dd9,#e5a972,#F5F5F5
Tech Horizon Dark,Dark / Professional,#1b1e1c,#303531,#d91999,#c1e572,#F5F5F5
Soft Copper Dark,Dark / Professional,#221b1c,#382d2f,#d21535,#88e572,#F5F5F5
Deep Sunset Light,Light / SaaS,#FFFFFF,#F4F6F8,#6d11c9,#89e52d,#1A202C
Modern Midnight Dark,Dark / Professional,#1c1f1e,#303533,#2bf6ef,#df72e5,#F5F5F5
Elegant Steel Light,Light / SaaS,#FFFFFF,#F4F6F8,#3131b4,#e5e52d,#1A202C
Crimson Ember Light,Light / SaaS,#FFFFFF,#F4F6F8,#a7c705,#4c2de5,#1A202C
Dark Forest Bold,Bold / Artistic,#460827,#790f44,#19ff8c,#FFFFFF,#FFFFFF
Future Midnight Dark,Dark / Professional,#141314,#292729,#8e58eb,#e59a72,#F5F5F5
Vintage Obsidian Light,Light / SaaS,#FFFFFF,#F4F6F8,#0bd06e,#e52d89,#1A202C
Elegant Frost Bold,Bold / Artistic,#2b3f02,#4e7205,#6519ff,#FFFFFF,#FFFFFF
Elegant Iron Light,Light / SaaS,#FFFFFF,#F4F6F8,#1e3cd0,#e5c62d,#1A202C
Ocean Velvet Light,Light / SaaS,#FFFFFF,#F4F6F8,#b500b5,#2de52d,#1A202C
Royal Shadow Bold,Bold / Artistic,#564801,#897202,#193fff,#FFFFFF,#FFFFFF
Vibrant Frost Dark,Dark / Professional,#131115,#201e24,#251fd1,#e57472,#F5F5F5
Urban Desert Light,Light / SaaS,#FFFFFF,#F4F6F8,#4e0ecc,#a8e52d,#1A202C
Electric Copper Light,Light / SaaS,#FFFFFF,#F4F6F8,#0bdd2e,#e52dc6,#1A202C
Tech Copper Dark,Dark / Professional,#151312,#22201e,#d85838,#72e587,#F5F5F5
Soft Steel Light,Light / SaaS,#FFFFFF,#F4F6F8,#a6de36,#6b2de5,#1A202C
Muted Velvet Dark,Dark / Professional,#1a201b,#2f3930,#33eb52,#8372e5,#F5F5F5
Soft Obsidian Bold,Bold / Artistic,#0d3c46,#176979,#ff3f19,#FFFFFF,#FFFFFF
Zen Nebula Dark,Dark / Professional,#1f221e,#2d312b,#abf42c,#72bde5,#F5F5F5
Vibrant Shadow Dark,Dark / Professional,#231d21,#32292f,#25ec67,#9672e5,#F5F5F5
Dark Lagoon Dark,Dark / Professional,#1d1c20,#29272e,#4741fa,#e57472,#F5F5F5
Slate Midnight Dark,Dark / Professional,#211e22,#3a333b,#8527d6,#e5ad72,#F5F5F5
Dark Glacier Dark,Dark / Professional,#1d221d,#292f29,#40fc40,#7275e5,#F5F5F5
Vibrant Obsidian Bold,Bold / Artistic,#3c3c09,#6f6f11,#1919ff,#FFFFFF,#FFFFFF
Dark Shadow Dark,Dark / Professional,#1d1f20,#303335,#4e84e2,#e5729f,#F5F5F5
Muted Mist Bold,Bold / Artistic,#41410b,#747414,#1919ff,#FFFFFF,#FFFFFF
Ocean Desert Dark,Dark / Professional,#1b171c,#302831,#9637ea,#e5ad72,#F5F5F5
Corporate Shadow Dark,Dark / Professional,#101111,#1f2120,#f553a4,#aee572,#F5F5F5
Future Desert Light,Light / SaaS,#FFFFFF,#F4F6F8,#e2435e,#2de5c6,#1A202C
Electric Canvas Dark,Dark / Professional,#1e1e20,#2a2a2d,#8037d4,#e5a672,#F5F5F5
Ocean Glacier Light,Light / SaaS,#FFFFFF,#F4F6F8,#11b362,#e52d89,#1A202C
Muted Horizon Dark,Dark / Professional,#1f1f1b,#2d2c27,#4761e2,#e57288,#F5F5F5
Modern Copper Bold,Bold / Artistic,#01532a,#028644,#ff198c,#FFFFFF,#FFFFFF
Silent Mist Dark,Dark / Professional,#120f11,#211c1f,#45e595,#a972e5,#F5F5F5
Dark Onyx Dark,Dark / Professional,#151516,#242426,#d1a448,#72e5bc,#F5F5F5
Urban Quartz Dark,Dark / Professional,#1f1d1d,#373435,#d5337f,#aae572,#F5F5F5
Zen Velvet Dark,Dark / Professional,#121416,#272b2e,#cf8234,#72e5a9,#F5F5F5
Soft Canvas Light,Light / SaaS,#FFFFFF,#F4F6F8,#46e326,#c62de5,#1A202C
Modern Obsidian Dark,Dark / Professional,#0e0f10,#202224,#cc6532,#72e596,#F5F5F5
Muted Mist Dark,Dark / Professional,#171516,#2c282b,#4be965,#8372e5,#F5F5F5
Slate Nebula Dark,Dark / Professional,#17161a,#232227,#4829e6,#e58372,#F5F5F5
Muted Desert Dark,Dark / Professional,#181719,#272629,#a3cd4f,#72c1e5,#F5F5F5
Soft Quartz Light,Light / SaaS,#FFFFFF,#F4F6F8,#b32b6f,#2de589,#1A202C
Zen Glacier Dark,Dark / Professional,#1a1717,#322b2b,#f93b3b,#75e572,#F5F5F5
Royal Shadow Light,Light / SaaS,#FFFFFF,#F4F6F8,#d5662f,#2da8e5,#1A202C
Vibrant Canvas Light,Light / SaaS,#FFFFFF,#F4F6F8,#9d1cde,#6be52d,#1A202C
Elegant Nebula Light,Light / SaaS,#FFFFFF,#F4F6F8,#d527d5,#2de52d,#1A202C
Deep Onyx Dark,Dark / Professional,#0d0e0b,#1d1e19,#e3cd3d,#72e5d3,#F5F5F5
Tech Steel Light,Light / SaaS,#FFFFFF,#F4F6F8,#c6a916,#2d4ce5,#1A202C
Future Onyx Dark,Dark / Professional,#15171a,#262a2e,#e08b36,#72e5a9,#F5F5F5
Future Steel Light,Light / SaaS,#FFFFFF,#F4F6F8,#de19de,#2de52d,#1A202C
Muted Sunset Light,Light / SaaS,#FFFFFF,#F4F6F8,#c8c80f,#2d2de5,#1A202C
Deep Velvet Light,Light / SaaS,#FFFFFF,#F4F6F8,#4ab813,#a82de5,#1A202C
Soft Sunset Dark,Dark / Professional,#0c0b0c,#262125,#ca29e3,#e5d372,#F5F5F5
Royal Canvas Bold,Bold / Artistic,#283905,#4c6c0a,#6519ff,#FFFFFF,#FFFFFF
Muted Desert Dark,Dark / Professional,#1c1e1c,#333633,#3fd858,#8372e5,#F5F5F5
Ocean Velvet Dark,Dark / Professional,#1d2322,#2c3433,#21f2cf,#d072e5,#F5F5F5
Royal Horizon Light,Light / SaaS,#FFFFFF,#F4F6F8,#2ac377,#e52d89,#1A202C
Silent Copper Dark,Dark / Professional,#181418,#272026,#f624d3,#d4e572,#F5F5F5
Natural Horizon Light,Light / SaaS,#FFFFFF,#F4F6F8,#8023dd,#89e52d,#1A202C
Urban Ember Light,Light / SaaS,#FFFFFF,#F4F6F8,#086acc,#e5892d,#1A202C
Silent Horizon Dark,Dark / Professional,#1b1a18,#292724,#f25128,#72e587,#F5F5F5
Elegant Velvet Dark,Dark / Professional,#191d1d,#2a3130,#2addf9,#e572d8,#F5F5F5
Crimson Shadow Bold,Bold / Artistic,#551049,#881975,#19ff3f,#FFFFFF,#FFFFFF
Slate Obsidian Dark,Dark / Professional,#111410,#242a23,#d347ef,#e5d072,#F5F5F5
Future Mist Bold,Bold / Artistic,#064606,#0b790b,#ff19ff,#FFFFFF,#FFFFFF
Crimson Desert Light,Light / SaaS,#FFFFFF,#F4F6F8,#b72609,#2dc6e5,#1A202C
Elegant Quartz Dark,Dark / Professional,#0d0c0d,#1b191b,#4ee066,#8372e5,#F5F5F5
Future Lagoon Dark,Dark / Professional,#181816,#2d2b28,#3d6dcd,#e5729b,#F5F5F5
Dark Shadow Light,Light / SaaS,#FFFFFF,#F4F6F8,#6031bd,#a8e52d,#1A202C
Vintage Obsidian Light,Light / SaaS,#FFFFFF,#F4F6F8,#c71dc7,#2de52d,#1A202C
Corporate Shadow Dark,Dark / Professional,#0e0e11,#1b1c21,#197ae9,#e572aa,#F5F5F5
Modern Onyx Bold,Bold / Artistic,#081c43,#0f3176,#ffb219,#FFFFFF,#FFFFFF
Deep Glacier Dark,Dark / Professional,#101113,#24262a,#f1ba4b,#72e5bc,#F5F5F5
Slate Forest Dark,Dark / Professional,#1a171b,#302c32,#60db22,#729be5,#F5F5F5
Dark Steel Light,Light / SaaS,#FFFFFF,#F4F6F8,#df6325,#2da8e5,#1A202C
Future Forest Dark,Dark / Professional,#1a1a1d,#28282e,#5d22e5,#e59272,#F5F5F5
Modern Frost Light,Light / SaaS,#FFFFFF,#F4F6F8,#19c4c4,#e52d2d,#1A202C
Deep Lagoon Dark,Dark / Professional,#101213,#1d2122,#f36245,#72e583,#F5F5F5
Deep Midnight Light,Light / SaaS,#FFFFFF,#F4F6F8,#04cb25,#e52dc6,#1A202C
Deep Nebula Dark,Dark / Professional,#141719,#1e2226,#e19548,#72e5a9,#F5F5F5
Zen Frost Bold,Bold / Artistic,#655401,#987f02,#193fff,#FFFFFF,#FFFFFF
Deep Quartz Dark,Dark / Professional,#0d0f10,#1e2125,#2f56f5,#e5728b,#F5F5F5
Ocean Glacier Light,Light / SaaS,#FFFFFF,#F4F6F8,#7633b9,#89e52d,#1A202C
Corporate Shadow Dark,Dark / Professional,#1f2123,#343639,#d98736,#72e5a9,#F5F5F5
Dark Horizon Dark,Dark / Professional,#0c0c0d,#1d1c1e,#a4f750,#72aee5,#F5F5F5
Slate Sunset Dark,Dark / Professional,#1a1615,#2b2422,#ce374b,#84e572,#F5F5F5
Soft Frost Dark,Dark / Professional,#0e0d0d,#252222,#f95989,#97e572,#F5F5F5
Vintage Mist Light,Light / SaaS,#FFFFFF,#F4F6F8,#c42222,#2de5e5,#1A202C
Vibrant Obsidian Bold,Bold / Artistic,#651606,#982109,#19d8ff,#FFFFFF,#FFFFFF
Modern Desert Dark,Dark / Professional,#120f10,#201a1b,#2ad7ba,#d072e5,#F5F5F5
Ocean Sunset Light,Light / SaaS,#FFFFFF,#F4F6F8,#5b18df,#a8e52d,#1A202C
Natural Ember Dark,Dark / Professional,#101112,#202124,#4fa0fd,#e572aa,#F5F5F5
Dark Sunset Light,Light / SaaS,#FFFFFF,#F4F6F8,#d224b5,#2de54c,#1A202C
Tech Sunset Bold,Bold / Artistic,#5d2e00,#904800,#198cff,#FFFFFF,#FFFFFF
Corporate Mist Dark,Dark / Professional,#141615,#292c2c,#52edd3,#d072e5,#F5F5F5
Elegant Lagoon Dark,Dark / Professional,#202425,#2c3233,#34d2bd,#d372e5,#F5F5F5
Deep Frost Light,Light / SaaS,#FFFFFF,#F4F6F8,#2fda0d,#c62de5,#1A202C
Elegant Quartz Dark,Dark / Professional,#201c1b,#302a29,#ef203b,#84e572,#F5F5F5
Vintage Ember Light,Light / SaaS,#FFFFFF,#F4F6F8,#31d9d9,#e52d2d,#1A202C
Muted Midnight Light,Light / SaaS,#FFFFFF,#F4F6F8,#1d77d0,#e5892d,#1A202C
Vibrant Quartz Dark,Dark / Professional,#1a1a17,#2c2c26,#d69f1d,#72e5c0,#F5F5F5
Future Steel Bold,Bold / Artistic,#02372e,#036a59,#ff193f,#FFFFFF,#FFFFFF
Zen Steel Light,Light / SaaS,#FFFFFF,#F4F6F8,#20cb3c,#e52dc6,#1A202C
Slate Nebula Bold,Bold / Artistic,#621d0f,#952c17,#19d8ff,#FFFFFF,#FFFFFF
Natural Ember Dark,Dark / Professional,#252221,#33302e,#d4a148,#72e5b9,#F5F5F5
Ocean Nebula Dark,Dark / Professional,#1c1b1a,#2f2d2b,#2e7fd0,#e572ae,#F5F5F5
Modern Frost Bold,Bold / Artistic,#234205,#3f750a,#8c19ff,#FFFFFF,#FFFFFF
Muted Ember Dark,Dark / Professional,#252322,#353331,#318be5,#e572ae,#F5F5F5
Tech Sunset Dark,Dark / Professional,#0b0d0b,#1a1e1a,#b74acd,#e5d072,#F5F5F5
Silent Sunset Light,Light / SaaS,#FFFFFF,#F4F6F8,#d82bbc,#2de54c,#1A202C
Zen Ember Dark,Dark / Professional,#131212,#282626,#f63274,#9be572,#F5F5F5
Elegant Midnight Light,Light / SaaS,#FFFFFF,#F4F6F8,#97b30d,#4c2de5,#1A202C
Natural Horizon Dark,Dark / Professional,#1e2022,#2b2d30,#26d1fc,#e572d0,#F5F5F5
Dark Frost Dark,Dark / Professional,#1a1a1c,#303033,#7a22df,#e5a672,#F5F5F5
Muted Frost Dark,Dark / Professional,#1f1f23,#35363c,#2c8af5,#e572aa,#F5F5F5
Modern Lagoon Dark,Dark / Professional,#1b1d1f,#2e3034,#1f26e6,#e57278,#F5F5F5
Electric Quartz Light,Light / SaaS,#FFFFFF,#F4F6F8,#5eb606,#892de5,#1A202C
Royal Sunset Dark,Dark / Professional,#100f0f,#292525,#4dd1d1,#e372e5,#F5F5F5
Soft Onyx Light,Light / SaaS,#FFFFFF,#F4F6F8,#66db2c,#a82de5,#1A202C
Modern Iron Bold,Bold / Artistic,#081349,#0e217c,#ffd819,#FFFFFF,#FFFFFF
Muted Sunset Light,Light / SaaS,#FFFFFF,#F4F6F8,#d830a0,#2de56b,#1A202C
Dark Desert Bold,Bold / Artistic,#045921,#078c33,#ff19b2,#FFFFFF,#FFFFFF
Slate Steel Dark,Dark / Professional,#1a1f1c,#29302b,#54f959,#7472e5,#F5F5F5
Muted Canvas Dark,Dark / Professional,#221b22,#392f39,#9a1fce,#e5c072,#F5F5F5
Vibrant Onyx Dark,Dark / Professional,#101212,#1f2223,#f9684b,#72e583,#F5F5F5
Slate Shadow Light,Light / SaaS,#FFFFFF,#F4F6F8,#d43585,#2de589,#1A202C
Elegant Lagoon Bold,Bold / Artistic,#18350a,#306813,#b219ff,#FFFFFF,#FFFFFF
Royal Velvet Dark,Dark / Professional,#131614,#292e2a,#6bf456,#7284e5,#F5F5F5
Vintage Obsidian Light,Light / SaaS,#FFFFFF,#F4F6F8,#a82bc1,#4ce52d,#1A202C
Crimson Nebula Bold,Bold / Artistic,#0d4a36,#177d5b,#ff1966,#FFFFFF,#FFFFFF
Tech Desert Light,Light / SaaS,#FFFFFF,#F4F6F8,#40d9bf,#e52d4c,#1A202C
Royal Shadow Dark,Dark / Professional,#1c1e1a,#31342e,#3ad115,#728be5,#F5F5F5
Muted Desert Dark,Dark / Professional,#111112,#212022,#ec4ff1,#e5df72,#F5F5F5
Deep Shadow Light,Light / SaaS,#FFFFFF,#F4F6F8,#6202c3,#89e52d,#1A202C
Tech Canvas Dark,Dark / Professional,#151416,#29272b,#a4fa4e,#72aee5,#F5F5F5
Ocean Sunset Bold,Bold / Artistic,#15023b,#27046e,#b2ff19,#FFFFFF,#FFFFFF
Corporate Ember Dark,Dark / Professional,#1e1f19,#2c2d24,#b7d523,#72d4e5,#F5F5F5
Crimson Obsidian Light,Light / SaaS,#FFFFFF,#F4F6F8,#0c0cdd,#e5e52d,#1A202C
Slate Lagoon Dark,Dark / Professional,#212224,#2f3133,#34c6ea,#e572d0,#F5F5F5
Ocean Frost Bold,Bold / Artistic,#150b44,#251477,#d8ff19,#FFFFFF,#FFFFFF
Urban Obsidian Bold,Bold / Artistic,#020a33,#051566,#ffd819,#FFFFFF,#FFFFFF
Muted Sunset Dark,Dark / Professional,#0f0d0d,#272221,#d24f61,#84e572,#F5F5F5
Dark Velvet Dark,Dark / Professional,#171714,#262621,#d6d62d,#72e5e3,#F5F5F5
Silent Forest Dark,Dark / Professional,#232022,#393438,#d439ce,#e3e572,#F5F5F5
Royal Shadow Dark,Dark / Professional,#181718,#272628,#6cdb35,#729be5,#F5F5F5
Muted Iron Dark,Dark / Professional,#211c1f,#332c31,#ea5088,#9fe572,#F5F5F5
Modern Lagoon Dark,Dark / Professional,#211e1d,#322f2d,#4fbdf4,#e572c1,#F5F5F5
Urban Ember Dark,Dark / Professional,#121214,#232225,#233ce0,#e57284,#F5F5F5
Zen Canvas Light,Light / SaaS,#FFFFFF,#F4F6F8,#cd8f13,#2d6be5,#1A202C
Zen Ember Light,Light / SaaS,#FFFFFF,#F4F6F8,#a3b837,#4c2de5,#1A202C
Elegant Mist Light,Light / SaaS,#FFFFFF,#F4F6F8,#d40890,#2de56b,#1A202C
Vintage Shadow Bold,Bold / Artistic,#082b3c,#0f4f6f,#ff6619,#FFFFFF,#FFFFFF
Slate Desert Light,Light / SaaS,#FFFFFF,#F4F6F8,#2741c3,#e5c62d,#1A202C
Vintage Onyx Light,Light / SaaS,#FFFFFF,#F4F6F8,#9ab801,#4c2de5,#1A202C
Zen Velvet Light,Light / SaaS,#FFFFFF,#F4F6F8,#08dcb8,#e52d4c,#1A202C
Deep Quartz Bold,Bold / Artistic,#091553,#0e2286,#ffd819,#FFFFFF,#FFFFFF
Royal Iron Dark,Dark / Professional,#1c1c1b,#32312f,#527dd5,#e5729b,#F5F5F5
Corporate Lagoon Light,Light / SaaS,#FFFFFF,#F4F6F8,#caca04,#2d2de5,#1A202C
Crimson Midnight Bold,Bold / Artistic,#2c5304,#468607,#8c19ff,#FFFFFF,#FFFFFF
Silent Mist Dark,Dark / Professional,#141617,#282a2d,#4c93d9,#e572ae,#F5F5F5
Crimson Desert Light,Light / SaaS,#FFFFFF,#F4F6F8,#b98621,#2d6be5,#1A202C
Vintage Desert Light,Light / SaaS,#FFFFFF,#F4F6F8,#0404d1,#e5e52d,#1A202C
Tech Iron Bold,Bold / Artistic,#130559,#1d078c,#d8ff19,#FFFFFF,#FFFFFF
Future Quartz Dark,Dark / Professional,#0d0e0c,#1a1d18,#b1e35a,#72bde5,#F5F5F5
Corporate Frost Light,Light / SaaS,#FFFFFF,#F4F6F8,#79c131,#892de5,#1A202C
Corporate Copper Dark,Dark / Professional,#242021,#343031,#dc54aa,#bde572,#F5F5F5
Royal Mist Dark,Dark / Professional,#0c0c0c,#191b1a,#16d8d1,#df72e5,#F5F5F5
Slate Glacier Light,Light / SaaS,#FFFFFF,#F4F6F8,#dda22a,#2d6be5,#1A202C
Ocean Lagoon Dark,Dark / Professional,#141011,#272021,#cf4833,#72e57f,#F5F5F5
Elegant Forest Dark,Dark / Professional,#0d0e0f,#1d1f20,#dd7643,#72e596,#F5F5F5
Urban Lagoon Light,Light / SaaS,#FFFFFF,#F4F6F8,#9c14e0,#6be52d,#1A202C
Electric Desert Dark,Dark / Professional,#141517,#25262a,#4260f5,#e57288,#F5F5F5
Muted Shadow Bold,Bold / Artistic,#056515,#07981f,#ff19d8,#FFFFFF,#FFFFFF
Vibrant Nebula Dark,Dark / Professional,#171b1b,#2c3333,#ce4040,#75e572,#F5F5F5
Silent Glacier Light,Light / SaaS,#FFFFFF,#F4F6F8,#e10de1,#2de52d,#1A202C
Silent Copper Light,Light / SaaS,#FFFFFF,#F4F6F8,#df0cdf,#2de52d,#1A202C
Muted Velvet Dark,Dark / Professional,#1f1d1f,#353135,#ed35b6,#c5e572,#F5F5F5
Vibrant Quartz Light,Light / SaaS,#FFFFFF,#F4F6F8,#2ac62a,#e52de5,#1A202C
Tech Glacier Light,Light / SaaS,#FFFFFF,#F4F6F8,#e1e102,#2d2de5,#1A202C
Slate Canvas Light,Light / SaaS,#FFFFFF,#F4F6F8,#3fba27,#c62de5,#1A202C
Natural Canvas Bold,Bold / Artistic,#5c1405,#8f1f08,#19d8ff,#FFFFFF,#FFFFFF
Vintage Steel Light,Light / SaaS,#FFFFFF,#F4F6F8,#563cd6,#c6e52d,#1A202C
Corporate Glacier Bold,Bold / Artistic,#07350e,#0d681c,#ff19d8,#FFFFFF,#FFFFFF
Zen Canvas Dark,Dark / Professional,#141312,#272422,#249bd6,#e572c1,#F5F5F5
Elegant Nebula Dark,Dark / Professional,#131514,#222625,#38dba5,#bc72e5,#F5F5F5
Urban Steel Dark,Dark / Professional,#0f0d11,#1c1a20,#1f19d7,#e57472,#F5F5F5
Natural Steel Bold,Bold / Artistic,#63290c,#963e12,#19b2ff,#FFFFFF,#FFFFFF
Soft Ember Dark,Dark / Professional,#19181c,#2b2a31,#425af7,#e57284,#F5F5F5
Vibrant Velvet Light,Light / SaaS,#FFFFFF,#F4F6F8,#da2763,#2de5a8,#1A202C
Muted Midnight Bold,Bold / Artistic,#374103,#627406,#3f19ff,#FFFFFF,#FFFFFF
Royal Onyx Dark,Dark / Professional,#0e100e,#1b1f1b,#45d158,#7f72e5,#F5F5F5
Slate Desert Dark,Dark / Professional,#131615,#272e2c,#f65f91,#9be572,#F5F5F5
Future Iron Dark,Dark / Professional,#222424,#383c3b,#43d1cd,#df72e5,#F5F5F5
Crimson Nebula Light,Light / SaaS,#FFFFFF,#F4F6F8,#d3016a,#2de589,#1A202C
Electric Desert Dark,Dark / Professional,#0c0d0c,#181b18,#38fe73,#9272e5,#F5F5F5
Deep Quartz Light,Light / SaaS,#FFFFFF,#F4F6F8,#77e242,#a82de5,#1A202C
Ocean Velvet Dark,Dark / Professional,#121213,#202022,#4973d7,#e57297,#F5F5F5
Future Velvet Dark,Dark / Professional,#141111,#2c2727,#4ef1f1,#e372e5,#F5F5F5
Electric Desert Dark,Dark / Professional,#1e1b19,#322e2a,#e5c237,#72e5cc,#F5F5F5
Vibrant Sunset Dark,Dark / Professional,#171713,#262520,#f1cd1b,#72e5d0,#F5F5F5
Vintage Copper Dark,Dark / Professional,#1b1918,#2c2927,#de5c1b,#72e596,#F5F5F5
Dark Iron Dark,Dark / Professional,#1c181c,#2f272e,#e53593,#b2e572,#F5F5F5
Dark Onyx Light,Light / SaaS,#FFFFFF,#F4F6F8,#2d0cd2,#c6e52d,#1A202C
Muted Ember Dark,Dark / Professional,#161612,#2c2d25,#9bde4e,#72b2e5,#F5F5F5
Ocean Sunset Dark,Dark / Professional,#1b1e1c,#292e2b,#3ddd72,#9672e5,#F5F5F5
Dark Copper Light,Light / SaaS,#FFFFFF,#F4F6F8,#34c091,#e52d6b,#1A202C
Soft Canvas Light,Light / SaaS,#FFFFFF,#F4F6F8,#72cf16,#892de5,#1A202C
Muted Onyx Dark,Dark / Professional,#1d1b1c,#353133,#eb5ba3,#aee572,#F5F5F5
Elegant Copper Bold,Bold / Artistic,#180d4f,#271582,#d8ff19,#FFFFFF,#FFFFFF
Natural Midnight Dark,Dark / Professional,#1a1b1b,#292b2c,#3bbbfc,#e572c1,#F5F5F5
Silent Copper Bold,Bold / Artistic,#3b0059,#5d008c,#66ff19,#FFFFFF,#FFFFFF
Vibrant Iron Bold,Bold / Artistic,#080854,#0d0d87,#fffe19,#FFFFFF,#FFFFFF
Royal Steel Dark,Dark / Professional,#101312,#222725,#44f8bc,#bc72e5,#F5F5F5
Corporate Iron Dark,Dark / Professional,#1e1e18,#37372c,#2020fc,#e57275,#F5F5F5
Royal Sunset Dark,Dark / Professional,#1f1d22,#2b292f,#9bdd16,#72c1e5,#F5F5F5
Royal Midnight Dark,Dark / Professional,#1a1c1e,#282a2e,#4e53e0,#e57278,#F5F5F5
Crimson Horizon Dark,Dark / Professional,#1c1e1b,#2b2f2a,#9bf24e,#72aae5,#F5F5F5
Zen Quartz Dark,Dark / Professional,#1a1716,#2a2523,#d3534f,#72e574,#F5F5F5
Ocean Copper Dark,Dark / Professional,#100f0f,#242223,#fc4ca4,#aee572,#F5F5F5
Elegant Mist Light,Light / SaaS,#FFFFFF,#F4F6F8,#6f19c5,#89e52d,#1A202C
Natural Velvet Dark,Dark / Professional,#1a181b,#2f2b31,#77d547,#729be5,#F5F5F5
Slate Velvet Dark,Dark / Professional,#0e0b0c,#272021,#d72276,#aae572,#F5F5F5
Silent Desert Dark,Dark / Professional,#161a19,#212826,#55e78a,#9a72e5,#F5F5F5
Zen Nebula Dark,Dark / Professional,#1f2523,#2a322f,#47e480,#9a72e5,#F5F5F5
Soft Obsidian Dark,Dark / Professional,#1e1d1e,#302e31,#4a23e4,#e58772,#F5F5F5
Crimson Mist Light,Light / SaaS,#FFFFFF,#F4F6F8,#4429cd,#c6e52d,#1A202C
Elegant Steel Bold,Bold / Artistic,#133800,#256b01,#b219ff,#FFFFFF,#FFFFFF
Corporate Ember Bold,Bold / Artistic,#523700,#855900,#1965ff,#FFFFFF,#FFFFFF
Natural Velvet Dark,Dark / Professional,#211f1b,#302d27,#fec656,#72e5bc,#F5F5F5
Vintage Lagoon Light,Light / SaaS,#FFFFFF,#F4F6F8,#dd0471,#2de589,#1A202C
Muted Onyx Dark,Dark / Professional,#1b1816,#2f2926,#e44640,#72e574,#F5F5F5
Crimson Shadow Light,Light / SaaS,#FFFFFF,#F4F6F8,#b605da,#4ce52d,#1A202C
Corporate Horizon Light,Light / SaaS,#FFFFFF,#F4F6F8,#249dda,#e56b2d,#1A202C
Tech Copper Light,Light / SaaS,#FFFFFF,#F4F6F8,#2845d6,#e5c62d,#1A202C
Tech Canvas Light,Light / SaaS,#FFFFFF,#F4F6F8,#b21616,#2de5e5,#1A202C
Crimson Iron Bold,Bold / Artistic,#430a5f,#670f92,#66ff19,#FFFFFF,#FFFFFF
Modern Quartz Dark,Dark / Professional,#241f1e,#322b2a,#f14c62,#84e572,#F5F5F5
Zen Frost Bold,Bold / Artistic,#50031d,#83062f,#19ffb2,#FFFFFF,#FFFFFF
Muted Glacier Bold,Bold / Artistic,#021b4d,#042e80,#ffb219,#FFFFFF,#FFFFFF
Elegant Shadow Light,Light / SaaS,#FFFFFF,#F4F6F8,#2929b3,#e5e52d,#1A202C
Vibrant Forest Dark,Dark / Professional,#161716,#262826,#1dfd3b,#7f72e5,#F5F5F5
Deep Glacier Dark,Dark / Professional,#1c1e1c,#313532,#58eb41,#7284e5,#F5F5F5
Crimson Iron Dark,Dark / Professional,#161a15,#212720,#41f81c,#7288e5,#F5F5F5
Future Obsidian Dark,Dark / Professional,#1c1b1e,#2c2b2f,#4d32d0,#e58372,#F5F5F5
Natural Midnight Dark,Dark / Professional,#0d0d0b,#252521,#def75d,#72d4e5,#F5F5F5
Soft Frost Bold,Bold / Artistic,#35094b,#590f7e,#66ff19,#FFFFFF,#FFFFFF
Electric Onyx Dark,Dark / Professional,#121214,#242527,#624cee,#e57f72,#F5F5F5
Dark Sunset Light,Light / SaaS,#FFFFFF,#F4F6F8,#d7553b,#2dc6e5,#1A202C
Tech Lagoon Light,Light / SaaS,#FFFFFF,#F4F6F8,#a0df20,#6b2de5,#1A202C
Slate Iron Bold,Bold / Artistic,#0d3345,#185878,#ff6619,#FFFFFF,#FFFFFF
Ocean Glacier Dark,Dark / Professional,#161a15,#292f26,#95ce33,#72bde5,#F5F5F5
Vibrant Obsidian Dark,Dark / Professional,#111413,#1f2421,#fd419f,#aee572,#F5F5F5
Royal Desert Dark,Dark / Professional,#1a1619,#282227,#cc4d91,#b2e572,#F5F5F5
Crimson Mist Bold,Bold / Artistic,#64280a,#973d0f,#19b2ff,#FFFFFF,#FFFFFF
Vintage Steel Light,Light / SaaS,#FFFFFF,#F4F6F8,#e43de4,#2de52d,#1A202C
Royal Quartz Dark,Dark / Professional,#0d0b0a,#221d1c,#db7217,#72e5a6,#F5F5F5
Crimson Frost Dark,Dark / Professional,#1b1b1e,#28272d,#c2d853,#72d4e5,#F5F5F5
Dark Glacier Light,Light / SaaS,#FFFFFF,#F4F6F8,#19ce37,#e52dc6,#1A202C
Electric Sunset Light,Light / SaaS,#FFFFFF,#F4F6F8,#d125b4,#2de54c,#1A202C
Soft Horizon Dark,Dark / Professional,#201e20,#333034,#c02ade,#e5d072,#F5F5F5
Dark Frost Dark,Dark / Professional,#212420,#333731,#31df2b,#7278e5,#F5F5F5
Soft Copper Bold,Bold / Artistic,#062b3e,#0b4f71,#ff6619,#FFFFFF,#FFFFFF
Soft Desert Light,Light / SaaS,#FFFFFF,#F4F6F8,#6a39cc,#a8e52d,#1A202C
Silent Canvas Light,Light / SaaS,#FFFFFF,#F4F6F8,#1ba1e4,#e56b2d,#1A202C
Electric Lagoon Dark,Dark / Professional,#0b0d0b,#1a1e1a,#e259e2,#e5e372,#F5F5F5
Dark Onyx Light,Light / SaaS,#FFFFFF,#F4F6F8,#9911b4,#4ce52d,#1A202C
Corporate Sunset Dark,Dark / Professional,#211b21,#332933,#d93cd9,#e5e372,#F5F5F5
Natural Forest Dark,Dark / Professional,#161414,#2a2626,#d22559,#97e572,#F5F5F5
Tech Velvet Light,Light / SaaS,#FFFFFF,#F4F6F8,#a2bc1d,#4c2de5,#1A202C
Royal Quartz Dark,Dark / Professional,#1c201c,#292f29,#3ed73e,#7275e5,#F5F5F5
Deep Frost Bold,Bold / Artistic,#0b0040,#130073,#d8ff19,#FFFFFF,#FFFFFF
Future Sunset Dark,Dark / Professional,#221c20,#362c33,#f42b74,#9fe572,#F5F5F5
Elegant Shadow Light,Light / SaaS,#FFFFFF,#F4F6F8,#1251cf,#e5a82d,#1A202C
Ocean Obsidian Dark,Dark / Professional,#191f19,#283228,#d224d2,#e5e372,#F5F5F5
Modern Frost Bold,Bold / Artistic,#075464,#0a8097,#ff3f19,#FFFFFF,#FFFFFF
Slate Frost Dark,Dark / Professional,#191718,#312b2e,#d331b3,#d0e572,#F5F5F5
Vibrant Desert Bold,Bold / Artistic,#551162,#811a95,#3fff19,#FFFFFF,#FFFFFF
Soft Steel Light,Light / SaaS,#FFFFFF,#F4F6F8,#9923d3,#6be52d,#1A202C
Royal Mist Dark,Dark / Professional,#141513,#2b2c29,#7bf65c,#728be5,#F5F5F5
Muted Ember Dark,Dark / Professional,#1a1718,#2d292b,#d82863,#9be572,#F5F5F5
Natural Ember Light,Light / SaaS,#FFFFFF,#F4F6F8,#d3b313,#2d4ce5,#1A202C
Modern Mist Dark,Dark / Professional,#221e20,#3b3337,#e42047,#8be572,#F5F5F5
Soft Obsidian Light,Light / SaaS,#FFFFFF,#F4F6F8,#b92a0d,#2dc6e5,#1A202C
Tech Shadow Dark,Dark / Professional,#1b1f1f,#313737,#34dfac,#c072e5,#F5F5F5
Future Frost Dark,Dark / Professional,#0d0d0f,#1a191e,#afcd1b,#72d4e5,#F5F5F5
Vibrant Sunset Light,Light / SaaS,#FFFFFF,#F4F6F8,#d3304b,#2de5c6,#1A202C
Tech Velvet Light,Light / SaaS,#FFFFFF,#F4F6F8,#da4c05,#2da8e5,#1A202C
Slate Sunset Dark,Dark / Professional,#0d0e0f,#212324,#37badb,#e572d0,#F5F5F5
Slate Ember Dark,Dark / Professional,#232520,#3a3c34,#8cf54f,#729fe5,#F5F5F5
Ocean Iron Bold,Bold / Artistic,#1b0b3c,#33156f,#b2ff19,#FFFFFF,#FFFFFF
Crimson Quartz Bold,Bold / Artistic,#140b3f,#241472,#d8ff19,#FFFFFF,#FFFFFF
Muted Glacier Dark,Dark / Professional,#211c1e,#362d32,#f861da,#d0e572,#F5F5F5
Elegant Desert Light,Light / SaaS,#FFFFFF,#F4F6F8,#d01ab2,#2de54c,#1A202C
Urban Obsidian Light,Light / SaaS,#FFFFFF,#F4F6F8,#d319b4,#2de54c,#1A202C
Vintage Ember Light,Light / SaaS,#FFFFFF,#F4F6F8,#49b812,#a82de5,#1A202C
Corporate Sunset Bold,Bold / Artistic,#470c47,#7a157a,#19ff19,#FFFFFF,#FFFFFF
Elegant Desert Dark,Dark / Professional,#1a181a,#2c292c,#d053bb,#d4e572,#F5F5F5
Future Canvas Dark,Dark / Professional,#17161b,#26242d,#a85dfd,#e5a672,#F5F5F5
Silent Canvas Dark,Dark / Professional,#161b19,#27302d,#26e86d,#9a72e5,#F5F5F5
Future Mist Dark,Dark / Professional,#201d23,#37333c,#4928cc,#e58772,#F5F5F5
Crimson Horizon Light,Light / SaaS,#FFFFFF,#F4F6F8,#bd6206,#2d89e5,#1A202C
Ocean Velvet Dark,Dark / Professional,#171616,#302e2d,#27c4e4,#e572d4,#F5F5F5
Corporate Mist Light,Light / SaaS,#FFFFFF,#F4F6F8,#b4d705,#4c2de5,#1A202C
Future Quartz Dark,Dark / Professional,#151113,#2d252a,#d42198,#c1e572,#F5F5F5
Crimson Desert Dark,Dark / Professional,#1b2022,#2d3539,#367af0,#e5729f,#F5F5F5
Royal Midnight Dark,Dark / Professional,#252222,#3c3837,#f64f2d,#72e583,#F5F5F5
Corporate Velvet Dark,Dark / Professional,#1b1718,#2a2326,#ee2c33,#78e572,#F5F5F5
Dark Desert Dark,Dark / Professional,#0d100f,#1e2422,#e01b5d,#9be572,#F5F5F5
Future Midnight Light,Light / SaaS,#FFFFFF,#F4F6F8,#de1479,#2de589,#1A202C
Royal Mist Dark,Dark / Professional,#171416,#2b262a,#ba48cc,#e5d372,#F5F5F5
Dark Steel Dark,Dark / Professional,#121011,#211d1e,#1bd7b7,#d072e5,#F5F5F5
Electric Iron Dark,Dark / Professional,#0e0d0c,#272321,#3a9ed0,#e572c1,#F5F5F5
Slate Frost Dark,Dark / Professional,#191c1c,#292d2e,#24f9dd,#d372e5,#F5F5F5
Vintage Steel Light,Light / SaaS,#FFFFFF,#F4F6F8,#3838e4,#e5e52d,#1A202C
Vintage Nebula Dark,Dark / Professional,#1a1615,#322c29,#d89f3d,#72e5b9,#F5F5F5
Crimson Onyx Dark,Dark / Professional,#23201c,#38322c,#e44821,#72e587,#F5F5F5
Deep Glacier Dark,Dark / Professional,#222423,#343636,#cc1f59,#9be572,#F5F5F5
Modern Glacier Dark,Dark / Professional,#100f10,#252224,#50fc89,#9672e5,#F5F5F5
Electric Forest Dark,Dark / Professional,#191815,#32302c,#d46b2e,#72e59a,#F5F5F5
Silent Mist Light,Light / SaaS,#FFFFFF,#F4F6F8,#3419bd,#c6e52d,#1A202C
Elegant Canvas Bold,Bold / Artistic,#194204,#2c7508,#b219ff,#FFFFFF,#FFFFFF
Electric Ember Light,Light / SaaS,#FFFFFF,#F4F6F8,#8d13ca,#6be52d,#1A202C
Tech Horizon Bold,Bold / Artistic,#4b0019,#7e002a,#19ffb2,#FFFFFF,#FFFFFF
Muted Nebula Light,Light / SaaS,#FFFFFF,#F4F6F8,#138ac5,#e56b2d,#1A202C
Corporate Quartz Dark,Dark / Professional,#121112,#262426,#cd1696,#c5e572,#F5F5F5
Soft Nebula Bold,Bold / Artistic,#451a05,#782e09,#19b2ff,#FFFFFF,#FFFFFF
Tech Horizon Light,Light / SaaS,#FFFFFF,#F4F6F8,#4002bb,#a8e52d,#1A202C
Vibrant Midnight Light,Light / SaaS,#FFFFFF,#F4F6F8,#bb5f30,#2da8e5,#1A202C
Electric Quartz Dark,Dark / Professional,#19191a,#2e2e31,#4b66ef,#e57288,#F5F5F5
Urban Frost Bold,Bold / Artistic,#650545,#980868,#19ff65,#FFFFFF,#FFFFFF
Ocean Desert Light,Light / SaaS,#FFFFFF,#F4F6F8,#9723d1,#6be52d,#1A202C
Zen Canvas Light,Light / SaaS,#FFFFFF,#F4F6F8,#91ca1f,#6b2de5,#1A202C
Deep Shadow Dark,Dark / Professional,#222022,#312f31,#cf52cf,#e5e372,#F5F5F5
Muted Onyx Bold,Bold / Artistic,#140138,#26036b,#b2ff19,#FFFFFF,#FFFFFF
Silent Lagoon Dark,Dark / Professional,#1d1a1f,#332e36,#81f945,#729be5,#F5F5F5
Tech Desert Dark,Dark / Professional,#22211e,#33312c,#d8d34e,#72e5df,#F5F5F5
Modern Iron Dark,Dark / Professional,#171514,#2d2927,#dc7c4c,#72e596,#F5F5F5
Soft Ember Bold,Bold / Artistic,#014136,#017461,#ff193f,#FFFFFF,#FFFFFF
Muted Copper Dark,Dark / Professional,#1d1d20,#313036,#4457d4,#e57284,#F5F5F5
Dark Canvas Dark,Dark / Professional,#0e0e0f,#1d1e20,#38adf1,#e572bd,#F5F5F5
Vintage Obsidian Bold,Bold / Artistic,#025002,#038303,#ff19ff,#FFFFFF,#FFFFFF
Dark Desert Light,Light / SaaS,#FFFFFF,#F4F6F8,#28b928,#e52de5,#1A202C
Crimson Mist Light,Light / SaaS,#FFFFFF,#F4F6F8,#16b69b,#e52d4c,#1A202C
Natural Quartz Dark,Dark / Professional,#0f0d0e,#1c1a1c,#d139e8,#e5d372,#F5F5F5
Modern Forest Dark,Dark / Professional,#252322,#383533,#d39529,#72e5b9,#F5F5F5
Elegant Horizon Bold,Bold / Artistic,#185c0a,#258f10,#d819ff,#FFFFFF,#FFFFFF
Vibrant Midnight Dark,Dark / Professional,#16171b,#212328,#ce9d3d,#72e5bc,#F5F5F5
Vibrant Lagoon Light,Light / SaaS,#FFFFFF,#F4F6F8,#3dba25,#c62de5,#1A202C
Dark Onyx Light,Light / SaaS,#FFFFFF,#F4F6F8,#bf8104,#2d6be5,#1A202C
Urban Nebula Bold,Bold / Artistic,#1e0159,#30028c,#b2ff19,#FFFFFF,#FFFFFF
Corporate Quartz Light,Light / SaaS,#FFFFFF,#F4F6F8,#0cb360,#e52d89,#1A202C
Crimson Ember Bold,Bold / Artistic,#403501,#736002,#193fff,#FFFFFF,#FFFFFF
Ocean Nebula Bold,Bold / Artistic,#570b25,#8a123a,#19ffb2,#FFFFFF,#FFFFFF
Vintage Steel Light,Light / SaaS,#FFFFFF,#F4F6F8,#d76c00,#2d89e5,#1A202C
Future Horizon Light,Light / SaaS,#FFFFFF,#F4F6F8,#d0359c,#2de56b,#1A202C
Soft Canvas Dark,Dark / Professional,#1c181b,#312a30,#c544d9,#e5d372,#F5F5F5
Corporate Desert Dark,Dark / Professional,#1c1f1d,#2c312f,#44d68d,#a972e5,#F5F5F5
Deep Quartz Light,Light / SaaS,#FFFFFF,#F4F6F8,#cd3d85,#2de589,#1A202C
Modern Steel Bold,Bold / Artistic,#034122,#06743d,#ff198c,#FFFFFF,#FFFFFF
Vintage Iron Light,Light / SaaS,#FFFFFF,#F4F6F8,#3ccf1e,#c62de5,#1A202C
Modern Canvas Dark,Dark / Professional,#1c191c,#292429,#f461af,#b2e572,#F5F5F5
Soft Lagoon Dark,Dark / Professional,#18161b,#26222a,#91dd45,#72aee5,#F5F5F5
Vibrant Copper Light,Light / SaaS,#FFFFFF,#F4F6F8,#d13718,#2dc6e5,#1A202C
Urban Steel Light,Light / SaaS,#FFFFFF,#F4F6F8,#d2a03c,#2d6be5,#1A202C
Silent Quartz Light,Light / SaaS,#FFFFFF,#F4F6F8,#dcdc16,#2d2de5,#1A202C
Ocean Frost Dark,Dark / Professional,#1b181b,#332d32,#f65edd,#d4e572,#F5F5F5
Modern Quartz Light,Light / SaaS,#FFFFFF,#F4F6F8,#23c6ab,#e52d4c,#1A202C
Tech Shadow Dark,Dark / Professional,#161817,#272b29,#36f1cb,#cc72e5,#F5F5F5
Future Shadow Bold,Bold / Artistic,#02293d,#044c70,#ff6619,#FFFFFF,#FFFFFF
Ocean Onyx Light,Light / SaaS,#FFFFFF,#F4F6F8,#d60d0d,#2de5e5,#1A202C
Future Lagoon Dark,Dark / Professional,#0f0f11,#1b1c1f,#dbbd26,#72e5d0,#F5F5F5
Elegant Ember Bold,Bold / Artistic,#0f630f,#179617,#ff19ff,#FFFFFF,#FFFFFF
Future Frost Light,Light / SaaS,#FFFFFF,#F4F6F8,#354ec8,#e5c62d,#1A202C
Tech Copper Light,Light / SaaS,#FFFFFF,#F4F6F8,#1cdaba,#e52d4c,#1A202C
Elegant Obsidian Dark,Dark / Professional,#1c1c1e,#2d2d30,#5a45e3,#e57f72,#F5F5F5
Vibrant Ember Bold,Bold / Artistic,#032c34,#065767,#ff3f19,#FFFFFF,#FFFFFF
Slate Forest Light,Light / SaaS,#FFFFFF,#F4F6F8,#bd2d11,#2dc6e5,#1A202C
Royal Velvet Light,Light / SaaS,#FFFFFF,#F4F6F8,#d8044b,#2de5a8,#1A202C
Vibrant Lagoon Dark,Dark / Professional,#1a1c18,#292c26,#8f4cd1,#e5a972,#F5F5F5
Urban Steel Dark,Dark / Professional,#121011,#252123,#df4262,#8be572,#F5F5F5
Electric Obsidian Light,Light / SaaS,#FFFFFF,#F4F6F8,#d83e3e,#2de5e5,#1A202C
Tech Shadow Dark,Dark / Professional,#17191b,#25282b,#4899eb,#e572ae,#F5F5F5
Royal Glacier Dark,Dark / Professional,#1f2121,#343738,#5586db,#e5729f,#F5F5F5
Future Midnight Dark,Dark / Professional,#191a18,#292a27,#d2d82d,#72e3e5,#F5F5F5
Royal Ember Light,Light / SaaS,#FFFFFF,#F4F6F8,#0c73da,#e5892d,#1A202C
Royal Steel Dark,Dark / Professional,#0f1010,#1c1f20,#20d1f5,#e572d4,#F5F5F5
Future Nebula Light,Light / SaaS,#FFFFFF,#F4F6F8,#057fbc,#e56b2d,#1A202C
Slate Ember Bold,Bold / Artistic,#491005,#7c1c09,#19d8ff,#FFFFFF,#FFFFFF
Crimson Frost Light,Light / SaaS,#FFFFFF,#F4F6F8,#2e13b3,#c6e52d,#1A202C
Urban Forest Light,Light / SaaS,#FFFFFF,#F4F6F8,#11db11,#e52de5,#1A202C
Modern Ember Dark,Dark / Professional,#0c0c0d,#191a1c,#fbb21e,#72e5bc,#F5F5F5
Vintage Horizon Bold,Bold / Artistic,#1c5510,#2d881a,#d819ff,#FFFFFF,#FFFFFF
Slate Canvas Dark,Dark / Professional,#100d10,#261f25,#29fa4c,#8372e5,#F5F5F5
Dark Nebula Dark,Dark / Professional,#201e22,#302d33,#d73bfd,#e5cc72,#F5F5F5
Tech Steel Dark,Dark / Professional,#1e1b1b,#353030,#f51a5b,#97e572,#F5F5F5
Vibrant Horizon Dark,Dark / Professional,#0f0e0f,#1c1a1c,#27e827,#7275e5,#F5F5F5
Deep Quartz Dark,Dark / Professional,#0f0f12,#232229,#4157e8,#e57284,#F5F5F5
Vibrant Horizon Bold,Bold / Artistic,#063044,#0a5377,#ff6619,#FFFFFF,#FFFFFF
Dark Steel Light,Light / SaaS,#FFFFFF,#F4F6F8,#b536b5,#2de52d,#1A202C
Future Canvas Light,Light / SaaS,#FFFFFF,#F4F6F8,#cf3c86,#2de589,#1A202C
Natural Steel Dark,Dark / Professional,#1d2223,#293032,#37d7f7,#e572d4,#F5F5F5
Vintage Quartz Dark,Dark / Professional,#121514,#272c2b,#39d29f,#bc72e5,#F5F5F5
Vibrant Onyx Bold,Bold / Artistic,#351708,#682d10,#19b2ff,#FFFFFF,#FFFFFF
Corporate Shadow Dark,Dark / Professional,#12110f,#1f1e1a,#ebca20,#72e5d0,#F5F5F5
Deep Forest Dark,Dark / Professional,#16151a,#2c2933,#7439ea,#e59672,#F5F5F5
Elegant Ember Bold,Bold / Artistic,#3c1603,#6f2905,#19b2ff,#FFFFFF,#FFFFFF
Crimson Shadow Dark,Dark / Professional,#151516,#2a292c,#6a22fb,#e59672,#F5F5F5
Dark Desert Dark,Dark / Professional,#161a14,#293026,#5be356,#7278e5,#F5F5F5
Urban Frost Dark,Dark / Professional,#181916,#262723,#d5ef53,#72d4e5,#F5F5F5
Vibrant Shadow Dark,Dark / Professional,#221f24,#312d33,#9e26da,#e5bc72,#F5F5F5
Deep Iron Dark,Dark / Professional,#121313,#27292a,#238dea,#e572b2,#F5F5F5
Future Obsidian Dark,Dark / Professional,#161618,#252428,#d4f047,#72d4e5,#F5F5F5
Vintage Mist Light,Light / SaaS,#FFFFFF,#F4F6F8,#1fd99b,#e52d6b,#1A202C
Modern Desert Bold,Bold / Artistic,#590f34,#8c1852,#19ff8c,#FFFFFF,#FFFFFF
Future Copper Light,Light / SaaS,#FFFFFF,#F4F6F8,#cf1534,#2de5c6,#1A202C
Ocean Desert Light,Light / SaaS,#FFFFFF,#F4F6F8,#ce3e21,#2dc6e5,#1A202C
Urban Nebula Dark,Dark / Professional,#1d201a,#2a2e26,#8dcc4e,#72aee5,#F5F5F5
Vibrant Velvet Bold,Bold / Artistic,#024f42,#04826d,#ff193f,#FFFFFF,#FFFFFF
Royal Frost Light,Light / SaaS,#FFFFFF,#F4F6F8,#0bbb0b,#e52de5,#1A202C
Silent Copper Dark,Dark / Professional,#0f0e0e,#252323,#36d7bc,#d072e5,#F5F5F5
Vibrant Midnight Bold,Bold / Artistic,#085044,#0d8370,#ff193f,#FFFFFF,#FFFFFF
Muted Sunset Light,Light / SaaS,#FFFFFF,#F4F6F8,#00b800,#e52de5,#1A202C
Ocean Lagoon Light,Light / SaaS,#FFFFFF,#F4F6F8,#0ad6d6,#e52d2d,#1A202C
Soft Onyx Light,Light / SaaS,#FFFFFF,#F4F6F8,#c02ac0,#2de52d,#1A202C
Natural Mist Light,Light / SaaS,#FFFFFF,#F4F6F8,#c3c317,#2d2de5,#1A202C
Elegant Velvet Light,Light / SaaS,#FFFFFF,#F4F6F8,#49b833,#c62de5,#1A202C
Future Midnight Light,Light / SaaS,#FFFFFF,#F4F6F8,#e1378c,#2de589,#1A202C
Ocean Midnight Light,Light / SaaS,#FFFFFF,#F4F6F8,#0341bd,#e5a82d,#1A202C
Urban Horizon Dark,Dark / Professional,#0d0c0d,#201c1f,#dc559d,#b2e572,#F5F5F5
Soft Mist Bold,Bold / Artistic,#092736,#124c69,#ff6619,#FFFFFF,#FFFFFF
Modern Nebula Dark,Dark / Professional,#222320,#30322d,#a7e034,#72c1e5,#F5F5F5
Vibrant Shadow Bold,Bold / Artistic,#0b5e5e,#119191,#ff1919,#FFFFFF,#FFFFFF
Urban Glacier Dark,Dark / Professional,#1a1815,#2d2a24,#d4cf3e,#72e5df,#F5F5F5
Royal Glacier Dark,Dark / Professional,#181919,#252828,#1aaceb,#e572c5,#F5F5F5
Elegant Forest Dark,Dark / Professional,#0e0f10,#1c1d1e,#4064f2,#e5728b,#F5F5F5
Future Desert Dark,Dark / Professional,#10110f,#242823,#d727fa,#e5d072,#F5F5F5
Deep Onyx Dark,Dark / Professional,#1d1f22,#303439,#ea9b4b,#72e5a9,#F5F5F5
Natural Copper Light,Light / SaaS,#FFFFFF,#F4F6F8,#c62576,#2de589,#1A202C
Vibrant Midnight Dark,Dark / Professional,#10110e,#1e201a,#b5e652,#72c1e5,#F5F5F5
Zen Horizon Dark,Dark / Professional,#221f21,#312e30,#f058bd,#c1e572,#F5F5F5
Urban Sunset Bold,Bold / Artistic,#490756,#740c89,#3fff19,#FFFFFF,#FFFFFF
Soft Midnight Light,Light / SaaS,#FFFFFF,#F4F6F8,#c435ac,#2de54c,#1A202C
Electric Nebula Bold,Bold / Artistic,#003939,#006c6c,#ff1919,#FFFFFF,#FFFFFF
Crimson Midnight Light,Light / SaaS,#FFFFFF,#F4F6F8,#e2c531,#2d4ce5,#1A202C
Soft Ember Bold,Bold / Artistic,#02303a,#035b6d,#ff3f19,#FFFFFF,#FFFFFF
Crimson Iron Dark,Dark / Professional,#1e1c1e,#2f2d30,#66cf32,#729be5,#F5F5F5
Muted Midnight Bold,Bold / Artistic,#3c4609,#687911,#3f19ff,#FFFFFF,#FFFFFF
Soft Desert Bold,Bold / Artistic,#10105f,#181892,#fffe19,#FFFFFF,#FFFFFF
Natural Steel Dark,Dark / Professional,#0b0d0e,#1e2426,#529fe2,#e572b2,#F5F5F5
Tech Onyx Light,Light / SaaS,#FFFFFF,#F4F6F8,#d21c95,#2de56b,#1A202C
Crimson Iron Dark,Dark / Professional,#252323,#3b3837,#e8842c,#72e5a6,#F5F5F5
Soft Onyx Dark,Dark / Professional,#171519,#252229,#a24afa,#e5a972,#F5F5F5
Dark Midnight Dark,Dark / Professional,#111312,#262b27,#54e5b0,#b972e5,#F5F5F5
Vintage Glacier Dark,Dark / Professional,#242122,#333032,#e74d6c,#8be572,#F5F5F5
Tech Nebula Light,Light / SaaS,#FFFFFF,#F4F6F8,#0c2fde,#e5c62d,#1A202C
Modern Onyx Bold,Bold / Artistic,#093e23,#107141,#ff198c,#FFFFFF,#FFFFFF
Vintage Copper Dark,Dark / Professional,#161618,#292a2e,#d2b836,#72e5d0,#F5F5F5
Future Velvet Dark,Dark / Professional,#1a1e1e,#282d2f,#46d0eb,#e572d4,#F5F5F5
Deep Shadow Bold,Bold / Artistic,#092540,#114273,#ff8c19,#FFFFFF,#FFFFFF
Modern Desert Dark,Dark / Professional,#0c0d0c,#191b19,#ce16ce,#e5e372,#F5F5F5
Tech Quartz Dark,Dark / Professional,#26201f,#3c3432,#d1823d,#72e5a6,#F5F5F5
Ocean Shadow Dark,Dark / Professional,#1d1a1f,#322e36,#831de9,#e5a972,#F5F5F5
Deep Glacier Dark,Dark / Professional,#161516,#2a292c,#6a46f7,#e58772,#F5F5F5
Soft Obsidian Bold,Bold / Artistic,#49550e,#758817,#3f19ff,#FFFFFF,#FFFFFF
Crimson Glacier Light,Light / SaaS,#FFFFFF,#F4F6F8,#c608c6,#2de52d,#1A202C
Ocean Forest Dark,Dark / Professional,#151314,#232122,#df4362,#8be572,#F5F5F5
Deep Shadow Bold,Bold / Artistic,#063535,#0c6868,#ff1919,#FFFFFF,#FFFFFF
Modern Horizon Dark,Dark / Professional,#181b18,#2c302c,#55eb55,#7275e5,#F5F5F5
Urban Steel Dark,Dark / Professional,#252522,#3d3e39,#83d129,#72b2e5,#F5F5F5
Urban Nebula Light,Light / SaaS,#FFFFFF,#F4F6F8,#275bc3,#e5a82d,#1A202C
Muted Forest Light,Light / SaaS,#FFFFFF,#F4F6F8,#c01f3a,#2de5c6,#1A202C
Ocean Iron Dark,Dark / Professional,#0f0c0c,#201a1a,#d12256,#97e572,#F5F5F5
Soft Forest Dark,Dark / Professional,#141514,#2c2e2c,#5bed3e,#7288e5,#F5F5F5
Vibrant Horizon Dark,Dark / Professional,#100d0d,#261e20,#cf4e63,#88e572,#F5F5F5
Urban Canvas Light,Light / SaaS,#FFFFFF,#F4F6F8,#d9d912,#2d2de5,#1A202C
Vibrant Nebula Light,Light / SaaS,#FFFFFF,#F4F6F8,#0a6fd3,#e5892d,#1A202C
Ocean Mist Bold,Bold / Artistic,#521e04,#853006,#19b2ff,#FFFFFF,#FFFFFF
Natural Forest Dark,Dark / Professional,#0c0d0d,#1f2222,#e25050,#75e572,#F5F5F5
Natural Copper Dark,Dark / Professional,#242325,#313033,#2d26f9,#e57472,#F5F5F5
Deep Mist Light,Light / SaaS,#FFFFFF,#F4F6F8,#33c915,#c62de5,#1A202C
Silent Glacier Light,Light / SaaS,#FFFFFF,#F4F6F8,#c86808,#2d89e5,#1A202C
Crimson Velvet Dark,Dark / Professional,#212125,#35373d,#4d67eb,#e57288,#F5F5F5
Deep Glacier Light,Light / SaaS,#FFFFFF,#F4F6F8,#b74811,#2da8e5,#1A202C
Vibrant Midnight Bold,Bold / Artistic,#143902,#266c04,#b219ff,#FFFFFF,#FFFFFF
Modern Glacier Dark,Dark / Professional,#201b21,#362e37,#903dd8,#e5ad72,#F5F5F5
Future Shadow Dark,Dark / Professional,#0d1110,#1b2221,#29bcd2,#e572d8,#F5F5F5
Natural Canvas Dark,Dark / Professional,#0f0d0e,#252022,#ea5b60,#78e572,#F5F5F5
Corporate Lagoon Light,Light / SaaS,#FFFFFF,#F4F6F8,#8d3ddd,#89e52d,#1A202C
Modern Forest Dark,Dark / Professional,#141615,#232624,#34f976,#9672e5,#F5F5F5
Elegant Desert Bold,Bold / Artistic,#31450a,#567811,#6519ff,#FFFFFF,#FFFFFF
Slate Lagoon Bold,Bold / Artistic,#04490f,#077c1a,#ff19d8,#FFFFFF,#FFFFFF
Silent Copper Dark,Dark / Professional,#24211d,#33302a,#225cd1,#e5729b,#F5F5F5
Zen Quartz Bold,Bold / Artistic,#580730,#8b0c4b,#19ff8c,#FFFFFF,#FFFFFF
Tech Glacier Dark,Dark / Professional,#232121,#302d2d,#ce6f1c,#72e5a6,#F5F5F5
Natural Shadow Light,Light / SaaS,#FFFFFF,#F4F6F8,#d809b6,#2de54c,#1A202C
Vibrant Obsidian Dark,Dark / Professional,#120f0e,#241e1c,#fa435b,#84e572,#F5F5F5
Modern Sunset Dark,Dark / Professional,#161817,#2c312e,#21d35c,#9672e5,#F5F5F5
Silent Iron Dark,Dark / Professional,#1d1f1b,#2c2e28,#7ef936,#729fe5,#F5F5F5
Crimson Nebula Light,Light / SaaS,#FFFFFF,#F4F6F8,#cb15cb,#2de52d,#1A202C
Dark Nebula Dark,Dark / Professional,#0e0b0c,#1d1819,#f1553d,#72e57f,#F5F5F5
Silent Sunset Dark,Dark / Professional,#18191e,#2a2c34,#ebcc33,#72e5d0,#F5F5F5
Natural Sunset Light,Light / SaaS,#FFFFFF,#F4F6F8,#c45219,#2da8e5,#1A202C
Natural Mist Light,Light / SaaS,#FFFFFF,#F4F6F8,#5f2ec1,#a8e52d,#1A202C
Urban Midnight Bold,Bold / Artistic,#08084e,#0e0e81,#fffe19,#FFFFFF,#FFFFFF
Modern Sunset Dark,Dark / Professional,#101111,#232525,#4ee1e6,#e572e3,#F5F5F5
Slate Copper Bold,Bold / Artistic,#3e0316,#710629,#19ffb2,#FFFFFF,#FFFFFF
Modern Obsidian Light,Light / SaaS,#FFFFFF,#F4F6F8,#1451ca,#e5a82d,#1A202C
Electric Copper Dark,Dark / Professional,#111310,#1d201a,#c4ee1c,#72d0e5,#F5F5F5
Future Glacier Light,Light / SaaS,#FFFFFF,#F4F6F8,#08c608,#e52de5,#1A202C
Muted Forest Light,Light / SaaS,#FFFFFF,#F4F6F8,#02d992,#e52d6b,#1A202C
Deep Horizon Light,Light / SaaS,#FFFFFF,#F4F6F8,#c32be1,#4ce52d,#1A202C
Soft Desert Dark,Dark / Professional,#141416,#252629,#cf9d3b,#72e5bc,#F5F5F5
Vibrant Onyx Dark,Dark / Professional,#1c2222,#272f2f,#24ace6,#e572c5,#F5F5F5
Future Shadow Dark,Dark / Professional,#202225,#31343a,#4448cd,#e57278,#F5F5F5
Corporate Horizon Dark,Dark / Professional,#121416,#212729,#dd7744,#72e596,#F5F5F5
Deep Nebula Light,Light / SaaS,#FFFFFF,#F4F6F8,#9a04b8,#4ce52d,#1A202C
Dark Velvet Bold,Bold / Artistic,#630525,#960838,#19ffb2,#FFFFFF,#FFFFFF
Elegant Horizon Light,Light / SaaS,#FFFFFF,#F4F6F8,#3a1ad9,#c6e52d,#1A202C
Crimson Steel Bold,Bold / Artistic,#4b0c41,#7e156d,#19ff3f,#FFFFFF,#FFFFFF
Natural Obsidian Light,Light / SaaS,#FFFFFF,#F4F6F8,#e5c732,#2d4ce5,#1A202C
Zen Sunset Dark,Dark / Professional,#191816,#272522,#e97d3f,#72e59a,#F5F5F5
Vibrant Horizon Light,Light / SaaS,#FFFFFF,#F4F6F8,#1266b9,#e5892d,#1A202C
Muted Copper Dark,Dark / Professional,#0d1010,#181d1d,#29f1f1,#e372e5,#F5F5F5
Muted Onyx Bold,Bold / Artistic,#3e570b,#628a12,#6519ff,#FFFFFF,#FFFFFF
Future Midnight Bold,Bold / Artistic,#3d0b02,#701503,#19d8ff,#FFFFFF,#FFFFFF
Natural Lagoon Dark,Dark / Professional,#110f10,#242122,#d84b7a,#9be572,#F5F5F5
Tech Nebula Light,Light / SaaS,#FFFFFF,#F4F6F8,#de0b98,#2de56b,#1A202C
Deep Obsidian Dark,Dark / Professional,#181813,#2f2f26,#d8a42b,#72e5c0,#F5F5F5
Silent Velvet Dark,Dark / Professional,#161418,#2c2830,#7c1bdd,#e5a972,#F5F5F5
Modern Steel Light,Light / SaaS,#FFFFFF,#F4F6F8,#743fdd,#a8e52d,#1A202C
Corporate Midnight Dark,Dark / Professional,#161313,#272221,#d65f47,#72e583,#F5F5F5
Silent Ember Dark,Dark / Professional,#232220,#33332f,#e49841,#72e5ad,#F5F5F5
Tech Quartz Bold,Bold / Artistic,#341303,#672606,#19b2ff,#FFFFFF,#FFFFFF
Muted Horizon Dark,Dark / Professional,#191718,#2b2829,#e5239e,#bde572,#F5F5F5
Tech Desert Dark,Dark / Professional,#0d0d0e,#19191b,#1c3bd3,#e57288,#F5F5F5
Muted Lagoon Bold,Bold / Artistic,#634509,#96680d,#1965ff,#FFFFFF,#FFFFFF
Muted Ember Light,Light / SaaS,#FFFFFF,#F4F6F8,#d4b82f,#2d4ce5,#1A202C
Electric Horizon Light,Light / SaaS,#FFFFFF,#F4F6F8,#29c0c0,#e52d2d,#1A202C
Vibrant Midnight Light,Light / SaaS,#FFFFFF,#F4F6F8,#267cd2,#e5892d,#1A202C
Modern Frost Light,Light / SaaS,#FFFFFF,#F4F6F8,#8cc716,#6b2de5,#1A202C
Corporate Sunset Bold,Bold / Artistic,#0c4629,#157947,#ff198c,#FFFFFF,#FFFFFF
Electric Frost Bold,Bold / Artistic,#0d3256,#154f89,#ff8c19,#FFFFFF,#FFFFFF
Deep Nebula Light,Light / SaaS,#FFFFFF,#F4F6F8,#3434c0,#e5e52d,#1A202C
Muted Velvet Bold,Bold / Artistic,#051942,#082d75,#ffb219,#FFFFFF,#FFFFFF
Elegant Velvet Dark,Dark / Professional,#1e1c1e,#383338,#d848d8,#e5e372,#F5F5F5
Zen Quartz Light,Light / SaaS,#FFFFFF,#F4F6F8,#3a52ca,#e5c62d,#1A202C
Ocean Desert Dark,Dark / Professional,#0d0b0b,#272120,#f5a056,#72e5a6,#F5F5F5
Crimson Forest Dark,Dark / Professional,#131714,#232b25,#15d08b,#b972e5,#F5F5F5
Ocean Mist Dark,Dark / Professional,#131212,#2a2727,#d93a55,#88e572,#F5F5F5
Dark Velvet Light,Light / SaaS,#FFFFFF,#F4F6F8,#c52d0e,#2dc6e5,#1A202C
Ocean Horizon Dark,Dark / Professional,#0c0f0d,#1f2623,#f52c90,#aee572,#F5F5F5
Deep Obsidian Bold,Bold / Artistic,#2d005b,#47008e,#8cff19,#FFFFFF,#FFFFFF
Ocean Forest Dark,Dark / Professional,#16161b,#26262d,#3535d0,#e57275,#F5F5F5
Vibrant Velvet Dark,Dark / Professional,#161b1a,#262f2c,#5ef5f0,#df72e5,#F5F5F5
Dark Ember Light,Light / SaaS,#FFFFFF,#F4F6F8,#a6e033,#6b2de5,#1A202C
Future Forest Dark,Dark / Professional,#171a15,#2b2f27,#c5e154,#72d0e5,#F5F5F5
Tech Mist Dark,Dark / Professional,#151519,#292a30,#2e7cd5,#e572aa,#F5F5F5
Elegant Forest Light,Light / SaaS,#FFFFFF,#F4F6F8,#42be29,#c62de5,#1A202C
Natural Forest Bold,Bold / Artistic,#0a0a42,#121275,#fffe19,#FFFFFF,#FFFFFF
Ocean Glacier Dark,Dark / Professional,#131513,#282c28,#db3adb,#e5e372,#F5F5F5
Soft Nebula Light,Light / SaaS,#FFFFFF,#F4F6F8,#2fb371,#e52d89,#1A202C
Crimson Frost Bold,Bold / Artistic,#5c074e,#8f0b79,#19ff3f,#FFFFFF,#FFFFFF
Royal Obsidian Light,Light / SaaS,#FFFFFF,#F4F6F8,#d03d6e,#2de5a8,#1A202C
Electric Obsidian Light,Light / SaaS,#FFFFFF,#F4F6F8,#ce6d3d,#2da8e5,#1A202C
Modern Onyx Light,Light / SaaS,#FFFFFF,#F4F6F8,#ad28c8,#4ce52d,#1A202C
Future Steel Dark,Dark / Professional,#181716,#2d2c2a,#467be3,#e5729b,#F5F5F5
Future Copper Dark,Dark / Professional,#151314,#262325,#df30d9,#e3e572,#F5F5F5
Muted Shadow Dark,Dark / Professional,#141511,#2b2d24,#3c1cdb,#e58372,#F5F5F5
Vintage Glacier Dark,Dark / Professional,#1a1b1b,#2c2f2e,#2fd587,#ad72e5,#F5F5F5
Muted Velvet Dark,Dark / Professional,#0e0d0d,#1f1d1d,#33fefe,#e372e5,#F5F5F5
Elegant Lagoon Dark,Dark / Professional,#19161b,#2d2831,#562ef4,#e58772,#F5F5F5
Slate Desert Dark,Dark / Professional,#121314,#25282a,#5dd8f7,#e572d0,#F5F5F5
Future Mist Light,Light / SaaS,#FFFFFF,#F4F6F8,#6ab71d,#892de5,#1A202C
Elegant Ember Light,Light / SaaS,#FFFFFF,#F4F6F8,#d3b102,#2d4ce5,#1A202C
Future Quartz Dark,Dark / Professional,#100d0e,#1e191c,#4efba5,#a972e5,#F5F5F5
Vintage Desert Light,Light / SaaS,#FFFFFF,#F4F6F8,#15c288,#e52d6b,#1A202C
Modern Copper Dark,Dark / Professional,#171919,#292d2c,#4ebdce,#e572d8,#F5F5F5
Soft Obsidian Light,Light / SaaS,#FFFFFF,#F4F6F8,#04e34e,#e52da8,#1A202C
Slate Horizon Dark,Dark / Professional,#232020,#3b3736,#e05539,#72e583,#F5F5F5
Slate Glacier Dark,Dark / Professional,#171515,#2a2625,#ed213c,#84e572,#F5F5F5
Slate Horizon Bold,Bold / Artistic,#3c2902,#6f4b03,#1965ff,#FFFFFF,#FFFFFF
Natural Glacier Dark,Dark / Professional,#191f19,#2d392d,#53fb53,#7275e5,#F5F5F5
Electric Midnight Light,Light / SaaS,#FFFFFF,#F4F6F8,#c3387d,#2de589,#1A202C
Vibrant Nebula Light,Light / SaaS,#FFFFFF,#F4F6F8,#17c76f,#e52d89,#1A202C
Electric Nebula Dark,Dark / Professional,#110f10,#221e21,#37ec73,#9672e5,#F5F5F5
Muted Steel Light,Light / SaaS,#FFFFFF,#F4F6F8,#dd0126,#2de5c6,#1A202C
Crimson Canvas Dark,Dark / Professional,#1f1f23,#36353c,#354df0,#e57284,#F5F5F5
Zen Ember Dark,Dark / Professional,#0d0f10,#212428,#f3993f,#72e5a9,#F5F5F5
Deep Midnight Light,Light / SaaS,#FFFFFF,#F4F6F8,#0dabca,#e54c2d,#1A202C
Soft Lagoon Light,Light / SaaS,#FFFFFF,#F4F6F8,#3065cf,#e5a82d,#1A202C
Tech Obsidian Dark,Dark / Professional,#131713,#262d26,#54d554,#7275e5,#F5F5F5
Vibrant Frost Dark,Dark / Professional,#1b1e18,#2e3229,#c8f02a,#72d0e5,#F5F5F5
Modern Steel Light,Light / SaaS,#FFFFFF,#F4F6F8,#c18611,#2d6be5,#1A202C
Silent Shadow Dark,Dark / Professional,#0e0f10,#1e2123,#4bf3f9,#e572e3,#F5F5F5
Elegant Shadow Light,Light / SaaS,#FFFFFF,#F4F6F8,#601fe1,#a8e52d,#1A202C
Urban Iron Bold,Bold / Artistic,#370526,#6a0a4a,#19ff65,#FFFFFF,#FFFFFF
Royal Forest Bold,Bold / Artistic,#050e3d,#091a70,#ffd819,#FFFFFF,#FFFFFF
Electric Mist Light,Light / SaaS,#FFFFFF,#F4F6F8,#70db3a,#a82de5,#1A202C
Corporate Quartz Light,Light / SaaS,#FFFFFF,#F4F6F8,#c9472e,#2dc6e5,#1A202C
Silent Nebula Dark,Dark / Professional,#161613,#262620,#e1ae37,#72e5c0,#F5F5F5
Slate Quartz Dark,Dark / Professional,#201d22,#2d282f,#cd31d2,#e5df72,#F5F5F5
Zen Iron Light,Light / SaaS,#FFFFFF,#F4F6F8,#35bfbf,#e52d2d,#1A202C
Soft Iron Dark,Dark / Professional,#1b1d1d,#2a2d2d,#3ebdd1,#e572d8,#F5F5F5
Vintage Midnight Dark,Dark / Professional,#0c0d0e,#1a1c1f,#edb442,#72e5bc,#F5F5F5
Dark Obsidian Light,Light / SaaS,#FFFFFF,#F4F6F8,#04c584,#e52d6b,#1A202C
Crimson Copper Dark,Dark / Professional,#151519,#222127,#884ad0,#e5a672,#F5F5F5
Natural Glacier Dark,Dark / Professional,#161518,#28262a,#403bdb,#e57472,#F5F5F5
Corporate Quartz Dark,Dark / Professional,#1e1e24,#2d2d36,#5a84e7,#e57297,#F5F5F5
Deep Nebula Dark,Dark / Professional,#212225,#2c2e32,#4477db,#e5729b,#F5F5F5
Modern Nebula Dark,Dark / Professional,#191b1c,#26292a,#2ccacf,#e572e3,#F5F5F5
Corporate Horizon Dark,Dark / Professional,#1c1f1a,#2e322b,#7fe01d,#72aee5,#F5F5F5
Crimson Velvet Bold,Bold / Artistic,#073564,#0a5197,#ff8c19,#FFFFFF,#FFFFFF
Elegant Sunset Bold,Bold / Artistic,#0b4663,#116a96,#ff6619,#FFFFFF,#FFFFFF
Soft Shadow Dark,Dark / Professional,#131212,#282625,#3fc8e3,#e572d4,#F5F5F5
Crimson Sunset Dark,Dark / Professional,#0e0c0e,#1d191c,#1ff643,#8372e5,#F5F5F5
Corporate Ember Light,Light / SaaS,#FFFFFF,#F4F6F8,#18ba9f,#e52d4c,#1A202C
Deep Copper Light,Light / SaaS,#FFFFFF,#F4F6F8,#2645de,#e5c62d,#1A202C
Crimson Sunset Dark,Dark / Professional,#1c1d1f,#2f3134,#5a90fc,#e5729b,#F5F5F5
Royal Forest Dark,Dark / Professional,#121111,#232120,#d35a42,#72e583,#F5F5F5
Modern Velvet Light,Light / SaaS,#FFFFFF,#F4F6F8,#44d727,#c62de5,#1A202C
Modern Mist Dark,Dark / Professional,#1e201e,#2b2d2a,#a034d6,#e5bc72,#F5F5F5
Ocean Iron Dark,Dark / Professional,#121413,#252928,#ec5d75,#88e572,#F5F5F5
Tech Copper Dark,Dark / Professional,#0d0e0c,#222621,#c457fb,#e5bc72,#F5F5F5
Royal Lagoon Light,Light / SaaS,#FFFFFF,#F4F6F8,#dcdc19,#2d2de5,#1A202C
Tech Ember Light,Light / SaaS,#FFFFFF,#F4F6F8,#c41533,#2de5c6,#1A202C
Vintage Mist Dark,Dark / Professional,#0d0d0b,#1d1e18,#bdd34f,#72d4e5,#F5F5F5
Tech Ember Bold,Bold / Artistic,#324806,#557b0b,#6519ff,#FFFFFF,#FFFFFF
Ocean Glacier Dark,Dark / Professional,#131713,#1f251f,#5eed89,#9272e5,#F5F5F5
Silent Copper Bold,Bold / Artistic,#2d0457,#48068a,#8cff19,#FFFFFF,#FFFFFF
Zen Shadow Dark,Dark / Professional,#20201a,#38382d,#2c2cf7,#e57275,#F5F5F5
Urban Lagoon Dark,Dark / Professional,#1f1d1f,#2f2c2f,#f447d7,#d4e572,#F5F5F5
Ocean Velvet Light,Light / SaaS,#FFFFFF,#F4F6F8,#1acc90,#e52d6b,#1A202C
Electric Iron Dark,Dark / Professional,#191b17,#2d302a,#873bd4,#e5a972,#F5F5F5
Vintage Copper Bold,Bold / Artistic,#07075d,#0b0b90,#fffe19,#FFFFFF,#FFFFFF
Muted Obsidian Dark,Dark / Professional,#141513,#292a25,#dce319,#72e3e5,#F5F5F5
Electric Horizon Bold,Bold / Artistic,#601045,#93196a,#19ff65,#FFFFFF,#FFFFFF
Silent Glacier Dark,Dark / Professional,#100f11,#242225,#d12bd6,#e5df72,#F5F5F5
Vintage Nebula Bold,Bold / Artistic,#450a31,#781256,#19ff65,#FFFFFF,#FFFFFF
Corporate Copper Bold,Bold / Artistic,#3b5606,#5e8909,#6519ff,#FFFFFF,#FFFFFF
Tech Sunset Light,Light / SaaS,#FFFFFF,#F4F6F8,#ac23c7,#4ce52d,#1A202C
Corporate Horizon Bold,Bold / Artistic,#052341,#093e74,#ff8c19,#FFFFFF,#FFFFFF
Modern Ember Dark,Dark / Professional,#24211e,#38332e,#d0ab17,#72e5cc,#F5F5F5
Tech Forest Bold,Bold / Artistic,#1e0736,#3b0d69,#8cff19,#FFFFFF,#FFFFFF
Electric Frost Dark,Dark / Professional,#1e201d,#2e312d,#8bd947,#72aae5,#F5F5F5
Ocean Ember Light,Light / SaaS,#FFFFFF,#F4F6F8,#cd09ac,#2de54c,#1A202C
Muted Steel Dark,Dark / Professional,#0e0e0d,#232522,#30f629,#7278e5,#F5F5F5
Vibrant Ember Bold,Bold / Artistic,#39290b,#6c4f14,#1965ff,#FFFFFF,#FFFFFF
Natural Obsidian Dark,Dark / Professional,#1c1917,#342e2c,#cf6e3e,#72e596,#F5F5F5
Future Horizon Light,Light / SaaS,#FFFFFF,#F4F6F8,#0645c2,#e5a82d,#1A202C
Royal Ember Light,Light / SaaS,#FFFFFF,#F4F6F8,#2254b8,#e5a82d,#1A202C
Silent Steel Light,Light / SaaS,#FFFFFF,#F4F6F8,#bf2c5d,#2de5a8,#1A202C
Vintage Midnight Dark,Dark / Professional,#141612,#232720,#7824cd,#e5a972,#F5F5F5
Elegant Onyx Bold,Bold / Artistic,#581103,#8b1b05,#19d8ff,#FFFFFF,#FFFFFF
Zen Desert Light,Light / SaaS,#FFFFFF,#F4F6F8,#df6b30,#2da8e5,#1A202C
Future Glacier Bold,Bold / Artistic,#0f1d63,#162c96,#ffd819,#FFFFFF,#FFFFFF
Vintage Forest Bold,Bold / Artistic,#340f08,#671f10,#19d8ff,#FFFFFF,#FFFFFF
Ocean Shadow Dark,Dark / Professional,#141315,#222022,#fd61e8,#d8e572,#F5F5F5
Slate Nebula Bold,Bold / Artistic,#4e021b,#81032d,#19ffb2,#FFFFFF,#FFFFFF
Elegant Mist Light,Light / SaaS,#FFFFFF,#F4F6F8,#79bc36,#892de5,#1A202C
Royal Velvet Light,Light / SaaS,#FFFFFF,#F4F6F8,#2626b2,#e5e52d,#1A202C
Vintage Ember Light,Light / SaaS,#FFFFFF,#F4F6F8,#1133db,#e5c62d,#1A202C
Electric Desert Dark,Dark / Professional,#15181a,#282d2f,#3cd1d6,#e572e3,#F5F5F5
Crimson Ember Bold,Bold / Artistic,#03405e,#066291,#ff6619,#FFFFFF,#FFFFFF
Natural Mist Dark,Dark / Professional,#181313,#282020,#3ee0e0,#e372e5,#F5F5F5
Vintage Sunset Bold,Bold / Artistic,#01591e,#028c30,#ff19b2,#FFFFFF,#FFFFFF
Zen Velvet Dark,Dark / Professional,#212320,#323532,#96eb4c,#72aae5,#F5F5F5
Crimson Copper Dark,Dark / Professional,#141112,#211d1e,#d73b40,#78e572,#F5F5F5
Vibrant Shadow Bold,Bold / Artistic,#053d05,#097009,#ff19ff,#FFFFFF,#FFFFFF
Muted Sunset Dark,Dark / Professional,#222022,#373437,#f01ad3,#d8e572,#F5F5F5
Royal Onyx Dark,Dark / Professional,#181d1c,#29312e,#cc3f6e,#9be572,#F5F5F5
Vibrant Ember Dark,Dark / Professional,#131515,#292d2e,#d14c32,#72e583,#F5F5F5
Crimson Sunset Light,Light / SaaS,#FFFFFF,#F4F6F8,#52b61f,#a82de5,#1A202C
Corporate Obsidian Light,Light / SaaS,#FFFFFF,#F4F6F8,#17d837,#e52dc6,#1A202C
Vintage Glacier Light,Light / SaaS,#FFFFFF,#F4F6F8,#dbbc23,#2d4ce5,#1A202C
Modern Glacier Dark,Dark / Professional,#111114,#26272d,#6652ea,#e57f72,#F5F5F5
Elegant Quartz Light,Light / SaaS,#FFFFFF,#F4F6F8,#c07932,#2d89e5,#1A202C
Vibrant Steel Light,Light / SaaS,#FFFFFF,#F4F6F8,#e4378e,#2de589,#1A202C
Tech Copper Dark,Dark / Professional,#131214,#201f22,#7318ce,#e5a972,#F5F5F5
Electric Copper Dark,Dark / Professional,#24251f,#34352d,#7055f2,#e58372,#F5F5F5
Corporate Desert Light,Light / SaaS,#FFFFFF,#F4F6F8,#dd5511,#2da8e5,#1A202C
Tech Nebula Dark,Dark / Professional,#21211e,#373731,#aee234,#72c5e5,#F5F5F5
Dark Iron Dark,Dark / Professional,#111215,#222329,#4a65ea,#e57288,#F5F5F5
Muted Midnight Dark,Dark / Professional,#151419,#24222b,#411cf8,#e58372,#F5F5F5
Muted Mist Light,Light / SaaS,#FFFFFF,#F4F6F8,#bc013f,#2de5a8,#1A202C
Crimson Midnight Dark,Dark / Professional,#0b0d0b,#191e1a,#21eb7f,#a672e5,#F5F5F5
Vibrant Lagoon Light,Light / SaaS,#FFFFFF,#F4F6F8,#d37212,#2d89e5,#1A202C
Elegant Shadow Light,Light / SaaS,#FFFFFF,#F4F6F8,#6d31e5,#a8e52d,#1A202C
Muted Mist Light,Light / SaaS,#FFFFFF,#F4F6F8,#c82e47,#2de5c6,#1A202C
Urban Obsidian Dark,Dark / Professional,#1f2023,#303135,#ccb64d,#72e5d0,#F5F5F5
Natural Frost Dark,Dark / Professional,#181c19,#252c26,#37d651,#8372e5,#F5F5F5
Natural Forest Dark,Dark / Professional,#0c0e0d,#191d1a,#de55b0,#c1e572,#F5F5F5
Tech Quartz Dark,Dark / Professional,#1f1f1a,#2f2f27,#4b4bcf,#e57275,#F5F5F5
Soft Sunset Dark,Dark / Professional,#1c1e22,#2f333a,#e9b95b,#72e5bc,#F5F5F5
Royal Obsidian Light,Light / SaaS,#FFFFFF,#F4F6F8,#ca0989,#2de56b,#1A202C
Zen Glacier Dark,Dark / Professional,#221e20,#383336,#2fdc86,#a972e5,#F5F5F5
Vibrant Desert Light,Light / SaaS,#FFFFFF,#F4F6F8,#2355b9,#e5a82d,#1A202C
Vibrant Steel Dark,Dark / Professional,#0e100d,#191d19,#61ed45,#7288e5,#F5F5F5
Crimson Glacier Bold,Bold / Artistic,#043b3b,#086e6e,#ff1919,#FFFFFF,#FFFFFF
Muted Velvet Bold,Bold / Artistic,#064023,#0b733f,#ff198c,#FFFFFF,#FFFFFF
Tech Lagoon Bold,Bold / Artistic,#5e510d,#917d15,#193fff,#FFFFFF,#FFFFFF
Dark Glacier Dark,Dark / Professional,#0e0f11,#1a1c20,#5c8ef4,#e5729b,#F5F5F5
Muted Obsidian Light,Light / SaaS,#FFFFFF,#F4F6F8,#c64328,#2dc6e5,#1A202C
Urban Midnight Light,Light / SaaS,#FFFFFF,#F4F6F8,#79d61b,#892de5,#1A202C
Ocean Mist Bold,Bold / Artistic,#166406,#219709,#d819ff,#FFFFFF,#FFFFFF
Silent Canvas Bold,Bold / Artistic,#51230c,#843914,#19b2ff,#FFFFFF,#FFFFFF
Corporate Iron Dark,Dark / Professional,#1a1517,#2e2529,#d835b8,#d0e572,#F5F5F5
Crimson Canvas Dark,Dark / Professional,#191418,#2f272e,#c831e0,#e5d372,#F5F5F5
Crimson Lagoon Bold,Bold / Artistic,#0d275a,#153d8d,#ffb219,#FFFFFF,#FFFFFF
Vintage Shadow Light,Light / SaaS,#FFFFFF,#F4F6F8,#38bad4,#e54c2d,#1A202C
Future Midnight Dark,Dark / Professional,#161418,#28242c,#d144f4,#e5cc72,#F5F5F5
Ocean Nebula Bold,Bold / Artistic,#020253,#040486,#fffe19,#FFFFFF,#FFFFFF
Royal Glacier Dark,Dark / Professional,#111011,#211f20,#fa3df4,#e3e572,#F5F5F5
Crimson Onyx Dark,Dark / Professional,#131617,#202526,#2b93ed,#e572b2,#F5F5F5
Elegant Horizon Dark,Dark / Professional,#1f2621,#303b33,#26e6a0,#b972e5,#F5F5F5
Tech Obsidian Light,Light / SaaS,#FFFFFF,#F4F6F8,#17b49a,#e52d4c,#1A202C
Vintage Iron Bold,Bold / Artistic,#574905,#8a7409,#193fff,#FFFFFF,#FFFFFF
Tech Mist Light,Light / SaaS,#FFFFFF,#F4F6F8,#2fd60e,#c62de5,#1A202C
Royal Horizon Dark,Dark / Professional,#1d2324,#2e3739,#f35e40,#72e583,#F5F5F5
Vibrant Nebula Light,Light / SaaS,#FFFFFF,#F4F6F8,#cc4704,#2da8e5,#1A202C
Tech Iron Dark,Dark / Professional,#0c0e0e,#171b1c,#f1684c,#72e583,#F5F5F5
Deep Steel Light,Light / SaaS,#FFFFFF,#F4F6F8,#c4c421,#2d2de5,#1A202C
Crimson Desert Dark,Dark / Professional,#171519,#2b272f,#85eb1e,#72aee5,#F5F5F5
Zen Velvet Bold,Bold / Artistic,#05055a,#08088d,#fffe19,#FFFFFF,#FFFFFF
Vintage Canvas Dark,Dark / Professional,#171517,#2f2b2f,#1ef81e,#7275e5,#F5F5F5
Muted Obsidian Light,Light / SaaS,#FFFFFF,#F4F6F8,#c2472e,#2dc6e5,#1A202C
Zen Sunset Dark,Dark / Professional,#161714,#2a2c26,#d9dd53,#72e3e5,#F5F5F5
Ocean Desert Dark,Dark / Professional,#151615,#2b2e2c,#36e2a3,#b972e5,#F5F5F5
Vibrant Ember Light,Light / SaaS,#FFFFFF,#F4F6F8,#07c107,#e52de5,#1A202C
Slate Glacier Dark,Dark / Professional,#0f110e,#262a23,#7ef460,#728be5,#F5F5F5
Dark Steel Light,Light / SaaS,#FFFFFF,#F4F6F8,#6bca0c,#892de5,#1A202C
